时期,支持,基准,候选,共同站,基准NSE,候选NSE,总体中位数差,逐站差中位数,改善比例,月内逐站差中位数
F23,daily,F23_daily_CatBoost_c4_seedmean,F23_daily_reference_LAND1_T0_frozen,15,0.1725318740082683,-0.4741815210911162,-0.6467133950993845,-0.6035302610713243,0.13333333333333333,-0.41088612958302984
F23,daily,F23_daily_CatBoost_c4_seedmean,F23_daily_reference_U_T0_frozen,15,0.1725318740082683,-0.41198725420764215,-0.5845191282159105,-0.6420951608245583,0.06666666666666667,-0.1597909093503863
F23,monthly,F23_monthly_CatBoost_c2_seedmean,F23_monthly_reference_LAND1_T0_frozen,78,0.17260195066417328,-0.9252889964981752,-1.0978909471623486,-0.9369303185453847,0.20512820512820512,
F23,monthly,F23_monthly_CatBoost_c2_seedmean,F23_monthly_reference_U_T0_frozen,78,0.17260195066417328,-0.7557530531620109,-0.9283550038261842,-0.8765512005983382,0.23076923076923078,
F24,daily,F24_daily_CatBoost_c4_seedmean,F24_daily_reference_LAND1_T0_frozen,15,0.332460948926283,-9.908589358748715,-10.241050307674998,-10.360482931714156,0.0,-0.7649890814288277
F24,daily,F24_daily_CatBoost_c4_seedmean,F24_daily_reference_old_tree_A0,15,0.332460948926283,0.2067159607881761,-0.12574498813810686,-0.07386605085293108,0.2,-0.028488639271568417
F24,daily,F24_daily_CatBoost_c4_seedmean,F24_daily_reference_U_T0_frozen,15,0.332460948926283,0.13640095940359542,-0.19605998952268755,-0.19605998952268755,0.13333333333333333,-0.06470595692452197
F24,monthly,F24_monthly_CatBoost_c2_seedmean,F24_monthly_reference_LAND1_T0_frozen,85,0.2887044291766834,-12.230953140948937,-12.51965757012562,-12.33141757598197,0.0,
F24,monthly,F24_monthly_CatBoost_c2_seedmean,F24_monthly_reference_U_T0_frozen,85,0.2887044291766834,-0.516713471614221,-0.8054179007909044,-0.6639799769074757,0.2235294117647059,
