配置,时期,支持,合格站,NSE,月内NSE,RMSE,偏差,相关,幅度比
S23_monthly_CatBoost_c0_seedmean_B56,S23_B56,monthly,8,-0.095263443116337,,0.4604115957238823,0.1330217088120007,0.8255795319998007,0.2888567476095209
S23_monthly_CatBoost_c0_seedmean_B113,S23_B113,monthly,3,-1.1148891424470846,,0.8943899146135093,0.7288822322458819,0.8771517905030588,0.4225716867266689
S23_monthly_CatBoost_c0_seedmean_B191,S23_B191,monthly,6,-1.316918885597359,,1.918827678536504,-1.2878666516980812,0.7233690021077794,0.0983278316130637
S23_daily_CatBoost_c0_seedmean_B56,S23_B56,daily,2,-1.4366053479014689,0.2309390445315363,0.672585454695096,0.5476088451599617,0.4334392719804504,0.585231618809398
S23_daily_CatBoost_c0_seedmean_B113,S23_B113,daily,1,-18.488584921152416,0.1188776632454929,1.7754475339299958,1.7537389168058208,0.7277840941144218,0.7855316697593863
S23_daily_CatBoost_c0_seedmean_B191,S23_B191,daily,4,-3.5475515382551674,0.069868737353681,3.268109708046897,-3.061323648161466,0.4833851365517895,0.2441171160747123
S24_monthly_CatBoost_c0_seedmean_B56,S24_B56,monthly,8,-0.7438417644763834,,0.4870981912888381,0.0411818883013687,0.5705302501675336,0.3198705937788156
S24_monthly_CatBoost_c0_seedmean_B113,S24_B113,monthly,3,-0.1113504188227278,,0.7494487404676253,0.4075348365405862,0.8786928423203739,0.2932246789923148
S24_monthly_CatBoost_c0_seedmean_B191,S24_B191,monthly,6,-0.9693503173376806,,2.3562350293484884,-1.3873769972362693,0.6457867188901096,0.0803876043058867
S24_daily_CatBoost_c0_seedmean_B56,S24_B56,daily,2,-4.703542299062023,0.0794325264281459,0.693047552292191,0.6463514734602189,0.5695435219386247,0.8289963413600383
S24_daily_CatBoost_c0_seedmean_B113,S24_B113,daily,1,-15.239923628969962,-0.0760767096608279,1.7444547271428896,1.7162143824259737,0.6969826798298115,0.611348041949177
S24_daily_CatBoost_c0_seedmean_B191,S24_B191,daily,4,-3.3965270591639665,0.0562511190406554,3.646805939621041,-3.2233769513040085,0.5751897563478869,0.214926200517876
joint_S23_XGBoost_c0_seedmean_B56,S23_B56,monthly,8,-0.9577831169215816,,0.434234199231874,0.3377248689801233,0.7550191207145242,0.3387622688576214
joint_S23_XGBoost_c0_seedmean_B56,S23_B56,daily,2,0.0582747077788669,0.1534399597228756,0.4249219719042622,0.1943469462043094,0.574739622321293,0.3944808953785679
joint_S23_XGBoost_c0_seedmean_B113,S23_B113,monthly,3,-0.8357054892599214,,0.8332677868398051,0.6087511600033026,0.8641378392516514,0.2768598918762058
joint_S23_XGBoost_c0_seedmean_B113,S23_B113,daily,1,-5.61745451802775,0.2707546516106407,1.03457784185263,1.0084349746157044,0.821245404691675,0.753032270390003
joint_S23_XGBoost_c0_seedmean_B191,S23_B191,monthly,6,-3.738134924783939,,2.5828365515131333,-2.36017794939263,0.6441228782147892,0.3200058568643688
joint_S23_XGBoost_c0_seedmean_B191,S23_B191,daily,4,-1.585790288252365,0.1101190536242506,2.694264418771197,-2.180482956239788,0.6491613982188753,0.2830683197482861
joint_S23_Transformer_c0_seedmean_B56,S23_B56,monthly,8,-0.9368663898125876,,0.4467130415104512,0.2987236557839421,0.8418618540664862,1.2133569117992364
joint_S23_Transformer_c0_seedmean_B56,S23_B56,daily,2,-0.1948029639482332,0.0763579644186945,0.4700157698192994,0.2278636024074417,0.6226002088918998,1.1302106116719188
joint_S23_Transformer_c0_seedmean_B113,S23_B113,monthly,3,0.1213788234314406,,0.3326154683959508,0.2957201324255265,0.913560897467866,1.3384002376550668
joint_S23_Transformer_c0_seedmean_B113,S23_B113,daily,1,-0.1166413679727458,-0.0197102224538847,0.4249859246272602,0.3128066995612444,0.8709816319301399,1.3908895358109532
joint_S23_Transformer_c0_seedmean_B191,S23_B191,monthly,6,-0.7511119053392451,,1.7342401740309483,-0.3257992246372638,0.284493615511513,0.8833820581231919
joint_S23_Transformer_c0_seedmean_B191,S23_B191,daily,4,-0.1467478464195133,0.026247148613286,1.637684822547572,-0.2934700991551717,0.3369486910643401,0.6794806726111258
joint_S23_GraphTCN_c0_seedmean_B56,S23_B56,monthly,8,-0.9084662329390204,,0.4503344354144495,0.3486174798683208,0.7908059503356422,0.933149872341563
joint_S23_GraphTCN_c0_seedmean_B56,S23_B56,daily,2,-0.2816726979252122,0.1186803834121209,0.4958753208122265,0.3413734280484468,0.5809755496554783,0.6663987307172654
joint_S23_GraphTCN_c0_seedmean_B113,S23_B113,monthly,3,0.4788918729355211,,0.2963580104676581,0.1343266036520538,0.8401653177727615,0.5803986092531223
joint_S23_GraphTCN_c0_seedmean_B113,S23_B113,daily,1,0.5818661003842993,0.5105578334127165,0.2600610906090818,0.1268961577907317,0.8801603473525522,0.574772916014914
joint_S23_GraphTCN_c0_seedmean_B191,S23_B191,monthly,6,-0.964868515190518,,1.6672601833262943,-0.8911322952766259,0.3198513453581976,0.8949567477955971
joint_S23_GraphTCN_c0_seedmean_B191,S23_B191,daily,4,-0.446521150253025,0.114812149658593,1.6987383489204473,-1.141424783589557,0.472425488181725,0.6388232909930621
joint_S24_XGBoost_c0_seedmean_B56,S24_B56,monthly,8,-0.5738062982229796,,0.4778971131342038,0.2041227233208329,0.4778535385281928,0.4215054304299022
joint_S24_XGBoost_c0_seedmean_B56,S24_B56,daily,2,-0.703405427383239,-0.0107349984915149,0.3959492579122763,0.1592428623629848,0.4507095835651205,0.755838562961815
joint_S24_XGBoost_c0_seedmean_B113,S24_B113,monthly,3,-0.0065446339551598,,0.7132354884914388,0.2684817755237652,0.849898811099631,0.1803816447522782
joint_S24_XGBoost_c0_seedmean_B113,S24_B113,daily,1,-2.6562103171823104,0.1221386546463857,0.8277197093070405,0.7568427672479439,0.7099823575550533,0.3883882831950959
joint_S24_XGBoost_c0_seedmean_B191,S24_B191,monthly,6,-2.0992566959590597,,2.927290486203116,-2.311535136466416,0.5695754448699232,0.2203903433236699
joint_S24_XGBoost_c0_seedmean_B191,S24_B191,daily,4,-2.523687940668012,0.0857501978449032,3.092158088939269,-2.356486036771158,0.6393451138622227,0.1826049684381286
joint_S24_Transformer_c0_seedmean_B56,S24_B56,monthly,8,-0.7291407535206091,,0.55089366469873,0.0996472292126398,0.2026983615080708,0.4318992453873499
joint_S24_Transformer_c0_seedmean_B56,S24_B56,daily,2,-2.639400931698678,-0.7990587376547782,0.5206778747050897,0.1604601170280002,0.0025265528353371,1.2820910813022115
joint_S24_Transformer_c0_seedmean_B113,S24_B113,monthly,3,-0.3607266046983739,,0.4013188745370136,0.1428104377575874,0.6926970929482633,1.1689636812869684
joint_S24_Transformer_c0_seedmean_B113,S24_B113,daily,1,-0.2150576023734789,-0.1107544098273214,0.4771623240554095,0.0979186849759972,0.3768400185458989,0.9299207743938276
joint_S24_Transformer_c0_seedmean_B191,S24_B191,monthly,6,-0.6473798285972678,,1.933823491948196,-0.6182231774969895,0.4185229281792567,0.5214743166106379
joint_S24_Transformer_c0_seedmean_B191,S24_B191,daily,4,-0.1109387367394529,0.0400995489694196,2.279230239764513,-0.3503223028251931,0.3660524089846043,0.3916167245374168
joint_S24_GraphTCN_c0_seedmean_B56,S24_B56,monthly,8,-0.5957587725158268,,0.4482337561116601,0.2215853840251365,0.499825530469757,0.6799154577728899
joint_S24_GraphTCN_c0_seedmean_B56,S24_B56,daily,2,-2.0259553110718054,-0.5350964876049189,0.5291296354815593,0.4383844221299664,0.5298867684585319,1.055655723274457
joint_S24_GraphTCN_c0_seedmean_B113,S24_B113,monthly,3,-0.1383494475997195,,0.5926531211905438,-0.0442800241789054,0.8374996466951917,0.5007866777927668
joint_S24_GraphTCN_c0_seedmean_B113,S24_B113,daily,1,0.4735343151657203,0.1741273299797794,0.3140890139712663,-0.0814621664897254,0.7541136464160723,0.509698111388741
joint_S24_GraphTCN_c0_seedmean_B191,S24_B191,monthly,6,-0.2894381075410908,,1.82150545781963,-1.1244962151647986,0.3240143133229336,0.4560896754766855
joint_S24_GraphTCN_c0_seedmean_B191,S24_B191,daily,4,-0.3073050102988896,0.0703982614837428,2.205294216740371,-1.3664193690520907,0.4906478015867803,0.3856527326702931
