时期,支持,候选,块长（月）,逐站差区间下限,逐站差区间上限,月内差区间下限,月内差区间上限
F23,daily,joint_F23_GraphTCN_c7_seedmean,1,-0.0816274708121329,0.3575907264180146,-0.0794263879913155,0.1314271152949466
F23,daily,joint_F23_GraphTCN_c7_seedmean,2,-0.0981703999679523,0.3826360179447104,-0.0901798926981208,0.1425031537173386
F23,daily,joint_F23_Transformer_c3_seedmean,1,-0.0168996314698287,0.167064942001483,-0.0630536886146911,0.1061340592172603
F23,daily,joint_F23_Transformer_c3_seedmean,2,-0.0194105276942341,0.1685253383367518,-0.0607480643099744,0.1000969758298198
F23,daily,joint_F23_XGBoost_c3_seedmean,1,-0.7753247120411798,-0.0716687662697225,-0.1606463798772447,0.0364977167118
F23,daily,joint_F23_XGBoost_c3_seedmean,2,-0.8786182879916845,-0.0921953153568234,-0.173135406524509,0.0277913821547408
F23,monthly,joint_F23_GraphTCN_c7_seedmean,1,-0.0209642607119569,0.1115164559995922,,
F23,monthly,joint_F23_GraphTCN_c7_seedmean,2,-0.0179350090906977,0.1301964291489707,,
F23,monthly,joint_F23_Transformer_c3_seedmean,1,-0.1068739746104056,0.056867282423937,,
F23,monthly,joint_F23_Transformer_c3_seedmean,2,-0.1110833692951415,0.0517321437355761,,
F23,monthly,joint_F23_XGBoost_c3_seedmean,1,-0.1282421422857718,0.0036467271578712,,
F23,monthly,joint_F23_XGBoost_c3_seedmean,2,-0.1545885858153254,0.0015070071631535,,
F24,daily,joint_F24_GraphTCN_c7_seedmean,1,-0.294789035745159,-0.0208697203292357,-0.1021767739960017,0.0674781566847502
F24,daily,joint_F24_GraphTCN_c7_seedmean,2,-0.3648421243586139,-0.0354920689521529,-0.1184122008521275,0.0484592543085345
F24,daily,joint_F24_Transformer_c3_seedmean,1,-0.4896979048636297,-0.0950574305255644,-0.0927897241689417,0.0720828671900461
F24,daily,joint_F24_Transformer_c3_seedmean,2,-0.5547209549154813,-0.1297150771158908,-0.0629422537939667,0.0719587672054758
F24,daily,joint_F24_XGBoost_c3_seedmean,1,-0.8360332574484788,-0.3144173349077783,-0.167550402141445,0.0180304396030601
F24,daily,joint_F24_XGBoost_c3_seedmean,2,-1.1050426865110434,-0.3223032302492565,-0.1471522185749458,0.022248226177733
F24,monthly,joint_F24_GraphTCN_c7_seedmean,1,-0.1395270933258642,0.004248154414148,,
F24,monthly,joint_F24_GraphTCN_c7_seedmean,2,-0.160071095106138,0.0163035725907867,,
F24,monthly,joint_F24_Transformer_c3_seedmean,1,-0.370268696780442,-0.1437285665998665,,
F24,monthly,joint_F24_Transformer_c3_seedmean,2,-0.4630392434662495,-0.1350797149239409,,
F24,monthly,joint_F24_XGBoost_c3_seedmean,1,-0.1696436404762845,-0.0132257392790249,,
F24,monthly,joint_F24_XGBoost_c3_seedmean,2,-0.2094501435569284,-0.0327894088226296,,
