station,station_key,reach_id,terminal_tree_id,year,month,downstream_fraction_on_reach,lon,lat,observation_product,quality_flags,prepared_source_file,prepared_source_row,source_provenance_tier,raw_workbook_record_link_status,primary_gate,primary_exclusion_reason,observation_id,original_primary_gate,station_type,boundary_evidence,reservoir_index,observation_operator,sampling_date_status,global_reach_id,global_reservoir_index,basin
三溪桥,三溪桥,30,56,2023,1,0.8066955700987685,112.8706,25.2818,formal_2016_2024,[],E:\SPARROW\0_water_quality\data\preprocess\csv\三溪桥.csv,86.0,prepared_authoritative_station_csv,missing_section_code_and_raw_row_link,True,,82,True,ordinary_internal,registered reach geometry; frozen river-domain eligibility,-1,registered_monthly_flux_weighted_baseline,month_only_unverified_aggregation,95,-1,Beijiang
三溪桥,三溪桥,30,56,2023,2,0.8066955700987685,112.8706,25.2818,formal_2016_2024,[],E:\SPARROW\0_water_quality\data\preprocess\csv\三溪桥.csv,87.0,prepared_authoritative_station_csv,missing_section_code_and_raw_row_link,True,,83,True,ordinary_internal,registered reach geometry; frozen river-domain eligibility,-1,registered_monthly_flux_weighted_baseline,month_only_unverified_aggregation,95,-1,Beijiang
三溪桥,三溪桥,30,56,2023,3,0.8066955700987685,112.8706,25.2818,formal_2016_2024,[],E:\SPARROW\0_water_quality\data\preprocess\csv\三溪桥.csv,88.0,prepared_authoritative_station_csv,missing_section_code_and_raw_row_link,True,,84,True,ordinary_internal,registered reach geometry; frozen river-domain eligibility,-1,registered_monthly_flux_weighted_baseline,month_only_unverified_aggregation,95,-1,Beijiang
三溪桥,三溪桥,30,56,2023,4,0.8066955700987685,112.8706,25.2818,formal_2016_2024,[],E:\SPARROW\0_water_quality\data\preprocess\csv\三溪桥.csv,89.0,prepared_authoritative_station_csv,missing_section_code_and_raw_row_link,True,,85,True,ordinary_internal,registered reach geometry; frozen river-domain eligibility,-1,registered_monthly_flux_weighted_baseline,month_only_unverified_aggregation,95,-1,Beijiang
三溪桥,三溪桥,30,56,2023,5,0.8066955700987685,112.8706,25.2818,formal_2016_2024,[],E:\SPARROW\0_water_quality\data\preprocess\csv\三溪桥.csv,90.0,prepared_authoritative_station_csv,missing_section_code_and_raw_row_link,True,,86,True,ordinary_internal,registered reach geometry; frozen river-domain eligibility,-1,registered_monthly_flux_weighted_baseline,month_only_unverified_aggregation,95,-1,Beijiang
三溪桥,三溪桥,30,56,2023,6,0.8066955700987685,112.8706,25.2818,formal_2016_2024,[],E:\SPARROW\0_water_quality\data\preprocess\csv\三溪桥.csv,91.0,prepared_authoritative_station_csv,missing_section_code_and_raw_row_link,True,,87,True,ordinary_internal,registered reach geometry; frozen river-domain eligibility,-1,registered_monthly_flux_weighted_baseline,month_only_unverified_aggregation,95,-1,Beijiang
三溪桥,三溪桥,30,56,2023,7,0.8066955700987685,112.8706,25.2818,formal_2016_2024,[],E:\SPARROW\0_water_quality\data\preprocess\csv\三溪桥.csv,92.0,prepared_authoritative_station_csv,missing_section_code_and_raw_row_link,True,,88,True,ordinary_internal,registered reach geometry; frozen river-domain eligibility,-1,registered_monthly_flux_weighted_baseline,month_only_unverified_aggregation,95,-1,Beijiang
三溪桥,三溪桥,30,56,2023,8,0.8066955700987685,112.8706,25.2818,formal_2016_2024,[],E:\SPARROW\0_water_quality\data\preprocess\csv\三溪桥.csv,93.0,prepared_authoritative_station_csv,missing_section_code_and_raw_row_link,True,,89,True,ordinary_internal,registered reach geometry; frozen river-domain eligibility,-1,registered_monthly_flux_weighted_baseline,month_only_unverified_aggregation,95,-1,Beijiang
三溪桥,三溪桥,30,56,2023,9,0.8066955700987685,112.8706,25.2818,formal_2016_2024,[],E:\SPARROW\0_water_quality\data\preprocess\csv\三溪桥.csv,94.0,prepared_authoritative_station_csv,missing_section_code_and_raw_row_link,True,,90,True,ordinary_internal,registered reach geometry; frozen river-domain eligibility,-1,registered_monthly_flux_weighted_baseline,month_only_unverified_aggregation,95,-1,Beijiang
三溪桥,三溪桥,30,56,2023,10,0.8066955700987685,112.8706,25.2818,formal_2016_2024,[],E:\SPARROW\0_water_quality\data\preprocess\csv\三溪桥.csv,95.0,prepared_authoritative_station_csv,missing_section_code_and_raw_row_link,True,,91,True,ordinary_internal,registered reach geometry; frozen river-domain eligibility,-1,registered_monthly_flux_weighted_baseline,month_only_unverified_aggregation,95,-1,Beijiang
三溪桥,三溪桥,30,56,2023,11,0.8066955700987685,112.8706,25.2818,formal_2016_2024,[],E:\SPARROW\0_water_quality\data\preprocess\csv\三溪桥.csv,96.0,prepared_authoritative_station_csv,missing_section_code_and_raw_row_link,True,,92,True,ordinary_internal,registered reach geometry; frozen river-domain eligibility,-1,registered_monthly_flux_weighted_baseline,month_only_unverified_aggregation,95,-1,Beijiang
三溪桥,三溪桥,30,56,2023,12,0.8066955700987685,112.8706,25.2818,formal_2016_2024,[],E:\SPARROW\0_water_quality\data\preprocess\csv\三溪桥.csv,97.0,prepared_authoritative_station_csv,missing_section_code_and_raw_row_link,True,,93,True,ordinary_internal,registered reach geometry; frozen river-domain eligibility,-1,registered_monthly_flux_weighted_baseline,month_only_unverified_aggregation,95,-1,Beijiang
东江江口,东江江口,28,22,2023,1,0.006115128875632602,114.6263,23.4143,formal_2016_2024,[],E:\SPARROW\0_water_quality\data\preprocess\csv\东江江口.csv,86.0,prepared_authoritative_station_csv,missing_section_code_and_raw_row_link,True,,469,True,ordinary_internal,registered reach geometry; frozen river-domain eligibility,-1,registered_monthly_flux_weighted_baseline,month_only_unverified_aggregation,21,-1,Dongjiang
东江江口,东江江口,28,22,2023,2,0.006115128875632602,114.6263,23.4143,formal_2016_2024,[],E:\SPARROW\0_water_quality\data\preprocess\csv\东江江口.csv,87.0,prepared_authoritative_station_csv,missing_section_code_and_raw_row_link,True,,470,True,ordinary_internal,registered reach geometry; frozen river-domain eligibility,-1,registered_monthly_flux_weighted_baseline,month_only_unverified_aggregation,21,-1,Dongjiang
东江江口,东江江口,28,22,2023,3,0.006115128875632602,114.6263,23.4143,formal_2016_2024,[],E:\SPARROW\0_water_quality\data\preprocess\csv\东江江口.csv,88.0,prepared_authoritative_station_csv,missing_section_code_and_raw_row_link,True,,471,True,ordinary_internal,registered reach geometry; frozen river-domain eligibility,-1,registered_monthly_flux_weighted_baseline,month_only_unverified_aggregation,21,-1,Dongjiang
东江江口,东江江口,28,22,2023,4,0.006115128875632602,114.6263,23.4143,formal_2016_2024,[],E:\SPARROW\0_water_quality\data\preprocess\csv\东江江口.csv,89.0,prepared_authoritative_station_csv,missing_section_code_and_raw_row_link,True,,472,True,ordinary_internal,registered reach geometry; frozen river-domain eligibility,-1,registered_monthly_flux_weighted_baseline,month_only_unverified_aggregation,21,-1,Dongjiang
东江江口,东江江口,28,22,2023,5,0.006115128875632602,114.6263,23.4143,formal_2016_2024,[],E:\SPARROW\0_water_quality\data\preprocess\csv\东江江口.csv,90.0,prepared_authoritative_station_csv,missing_section_code_and_raw_row_link,True,,473,True,ordinary_internal,registered reach geometry; frozen river-domain eligibility,-1,registered_monthly_flux_weighted_baseline,month_only_unverified_aggregation,21,-1,Dongjiang
东江江口,东江江口,28,22,2023,6,0.006115128875632602,114.6263,23.4143,formal_2016_2024,[],E:\SPARROW\0_water_quality\data\preprocess\csv\东江江口.csv,91.0,prepared_authoritative_station_csv,missing_section_code_and_raw_row_link,True,,474,True,ordinary_internal,registered reach geometry; frozen river-domain eligibility,-1,registered_monthly_flux_weighted_baseline,month_only_unverified_aggregation,21,-1,Dongjiang
东江江口,东江江口,28,22,2023,7,0.006115128875632602,114.6263,23.4143,formal_2016_2024,[],E:\SPARROW\0_water_quality\data\preprocess\csv\东江江口.csv,92.0,prepared_authoritative_station_csv,missing_section_code_and_raw_row_link,True,,475,True,ordinary_internal,registered reach geometry; frozen river-domain eligibility,-1,registered_monthly_flux_weighted_baseline,month_only_unverified_aggregation,21,-1,Dongjiang
东江江口,东江江口,28,22,2023,8,0.006115128875632602,114.6263,23.4143,formal_2016_2024,[],E:\SPARROW\0_water_quality\data\preprocess\csv\东江江口.csv,93.0,prepared_authoritative_station_csv,missing_section_code_and_raw_row_link,True,,476,True,ordinary_internal,registered reach geometry; frozen river-domain eligibility,-1,registered_monthly_flux_weighted_baseline,month_only_unverified_aggregation,21,-1,Dongjiang
东江江口,东江江口,28,22,2023,9,0.006115128875632602,114.6263,23.4143,formal_2016_2024,[],E:\SPARROW\0_water_quality\data\preprocess\csv\东江江口.csv,94.0,prepared_authoritative_station_csv,missing_section_code_and_raw_row_link,True,,477,True,ordinary_internal,registered reach geometry; frozen river-domain eligibility,-1,registered_monthly_flux_weighted_baseline,month_only_unverified_aggregation,21,-1,Dongjiang
东江江口,东江江口,28,22,2023,10,0.006115128875632602,114.6263,23.4143,formal_2016_2024,[],E:\SPARROW\0_water_quality\data\preprocess\csv\东江江口.csv,95.0,prepared_authoritative_station_csv,missing_section_code_and_raw_row_link,True,,478,True,ordinary_internal,registered reach geometry; frozen river-domain eligibility,-1,registered_monthly_flux_weighted_baseline,month_only_unverified_aggregation,21,-1,Dongjiang
东江江口,东江江口,28,22,2023,11,0.006115128875632602,114.6263,23.4143,formal_2016_2024,[],E:\SPARROW\0_water_quality\data\preprocess\csv\东江江口.csv,96.0,prepared_authoritative_station_csv,missing_section_code_and_raw_row_link,True,,479,True,ordinary_internal,registered reach geometry; frozen river-domain eligibility,-1,registered_monthly_flux_weighted_baseline,month_only_unverified_aggregation,21,-1,Dongjiang
东江江口,东江江口,28,22,2023,12,0.006115128875632602,114.6263,23.4143,formal_2016_2024,[],E:\SPARROW\0_water_quality\data\preprocess\csv\东江江口.csv,97.0,prepared_authoritative_station_csv,missing_section_code_and_raw_row_link,True,,480,True,ordinary_internal,registered reach geometry; frozen river-domain eligibility,-1,registered_monthly_flux_weighted_baseline,month_only_unverified_aggregation,21,-1,Dongjiang
兴宁电站,兴宁电站,21,22,2023,1,0.704669769557591,115.559,24.6451,formal_2016_2024,[],E:\SPARROW\0_water_quality\data\preprocess\csv\兴宁电站.csv,86.0,prepared_authoritative_station_csv,missing_section_code_and_raw_row_link,True,,1449,True,ordinary_internal,registered reach geometry; frozen river-domain eligibility,-1,registered_monthly_flux_weighted_baseline,month_only_unverified_aggregation,92,-1,Dongjiang
兴宁电站,兴宁电站,21,22,2023,2,0.704669769557591,115.559,24.6451,formal_2016_2024,[],E:\SPARROW\0_water_quality\data\preprocess\csv\兴宁电站.csv,87.0,prepared_authoritative_station_csv,missing_section_code_and_raw_row_link,True,,1450,True,ordinary_internal,registered reach geometry; frozen river-domain eligibility,-1,registered_monthly_flux_weighted_baseline,month_only_unverified_aggregation,92,-1,Dongjiang
兴宁电站,兴宁电站,21,22,2023,3,0.704669769557591,115.559,24.6451,formal_2016_2024,[],E:\SPARROW\0_water_quality\data\preprocess\csv\兴宁电站.csv,88.0,prepared_authoritative_station_csv,missing_section_code_and_raw_row_link,True,,1451,True,ordinary_internal,registered reach geometry; frozen river-domain eligibility,-1,registered_monthly_flux_weighted_baseline,month_only_unverified_aggregation,92,-1,Dongjiang
兴宁电站,兴宁电站,21,22,2023,4,0.704669769557591,115.559,24.6451,formal_2016_2024,[],E:\SPARROW\0_water_quality\data\preprocess\csv\兴宁电站.csv,89.0,prepared_authoritative_station_csv,missing_section_code_and_raw_row_link,True,,1452,True,ordinary_internal,registered reach geometry; frozen river-domain eligibility,-1,registered_monthly_flux_weighted_baseline,month_only_unverified_aggregation,92,-1,Dongjiang
兴宁电站,兴宁电站,21,22,2023,5,0.704669769557591,115.559,24.6451,formal_2016_2024,[],E:\SPARROW\0_water_quality\data\preprocess\csv\兴宁电站.csv,90.0,prepared_authoritative_station_csv,missing_section_code_and_raw_row_link,True,,1453,True,ordinary_internal,registered reach geometry; frozen river-domain eligibility,-1,registered_monthly_flux_weighted_baseline,month_only_unverified_aggregation,92,-1,Dongjiang
兴宁电站,兴宁电站,21,22,2023,6,0.704669769557591,115.559,24.6451,formal_2016_2024,[],E:\SPARROW\0_water_quality\data\preprocess\csv\兴宁电站.csv,91.0,prepared_authoritative_station_csv,missing_section_code_and_raw_row_link,True,,1454,True,ordinary_internal,registered reach geometry; frozen river-domain eligibility,-1,registered_monthly_flux_weighted_baseline,month_only_unverified_aggregation,92,-1,Dongjiang
兴宁电站,兴宁电站,21,22,2023,7,0.704669769557591,115.559,24.6451,formal_2016_2024,[],E:\SPARROW\0_water_quality\data\preprocess\csv\兴宁电站.csv,92.0,prepared_authoritative_station_csv,missing_section_code_and_raw_row_link,True,,1455,True,ordinary_internal,registered reach geometry; frozen river-domain eligibility,-1,registered_monthly_flux_weighted_baseline,month_only_unverified_aggregation,92,-1,Dongjiang
兴宁电站,兴宁电站,21,22,2023,8,0.704669769557591,115.559,24.6451,formal_2016_2024,[],E:\SPARROW\0_water_quality\data\preprocess\csv\兴宁电站.csv,93.0,prepared_authoritative_station_csv,missing_section_code_and_raw_row_link,True,,1456,True,ordinary_internal,registered reach geometry; frozen river-domain eligibility,-1,registered_monthly_flux_weighted_baseline,month_only_unverified_aggregation,92,-1,Dongjiang
兴宁电站,兴宁电站,21,22,2023,9,0.704669769557591,115.559,24.6451,formal_2016_2024,[],E:\SPARROW\0_water_quality\data\preprocess\csv\兴宁电站.csv,94.0,prepared_authoritative_station_csv,missing_section_code_and_raw_row_link,True,,1457,True,ordinary_internal,registered reach geometry; frozen river-domain eligibility,-1,registered_monthly_flux_weighted_baseline,month_only_unverified_aggregation,92,-1,Dongjiang
兴宁电站,兴宁电站,21,22,2023,10,0.704669769557591,115.559,24.6451,formal_2016_2024,[],E:\SPARROW\0_water_quality\data\preprocess\csv\兴宁电站.csv,95.0,prepared_authoritative_station_csv,missing_section_code_and_raw_row_link,True,,1458,True,ordinary_internal,registered reach geometry; frozen river-domain eligibility,-1,registered_monthly_flux_weighted_baseline,month_only_unverified_aggregation,92,-1,Dongjiang
兴宁电站,兴宁电站,21,22,2023,11,0.704669769557591,115.559,24.6451,formal_2016_2024,[],E:\SPARROW\0_water_quality\data\preprocess\csv\兴宁电站.csv,96.0,prepared_authoritative_station_csv,missing_section_code_and_raw_row_link,True,,1459,True,ordinary_internal,registered reach geometry; frozen river-domain eligibility,-1,registered_monthly_flux_weighted_baseline,month_only_unverified_aggregation,92,-1,Dongjiang
兴宁电站,兴宁电站,21,22,2023,12,0.704669769557591,115.559,24.6451,formal_2016_2024,[],E:\SPARROW\0_water_quality\data\preprocess\csv\兴宁电站.csv,97.0,prepared_authoritative_station_csv,missing_section_code_and_raw_row_link,True,,1460,True,ordinary_internal,registered reach geometry; frozen river-domain eligibility,-1,registered_monthly_flux_weighted_baseline,month_only_unverified_aggregation,92,-1,Dongjiang
北江石尾,北江石尾,36,56,2023,1,0.8340810230032492,113.3968,24.1441,formal_2016_2024,[],E:\SPARROW\0_water_quality\data\preprocess\csv\北江石尾.csv,86.0,prepared_authoritative_station_csv,missing_section_code_and_raw_row_link,True,,1757,True,ordinary_internal,registered reach geometry; frozen river-domain eligibility,-1,registered_monthly_flux_weighted_baseline,month_only_unverified_aggregation,59,-1,Beijiang
北江石尾,北江石尾,36,56,2023,2,0.8340810230032492,113.3968,24.1441,formal_2016_2024,[],E:\SPARROW\0_water_quality\data\preprocess\csv\北江石尾.csv,87.0,prepared_authoritative_station_csv,missing_section_code_and_raw_row_link,True,,1758,True,ordinary_internal,registered reach geometry; frozen river-domain eligibility,-1,registered_monthly_flux_weighted_baseline,month_only_unverified_aggregation,59,-1,Beijiang
北江石尾,北江石尾,36,56,2023,3,0.8340810230032492,113.3968,24.1441,formal_2016_2024,[],E:\SPARROW\0_water_quality\data\preprocess\csv\北江石尾.csv,88.0,prepared_authoritative_station_csv,missing_section_code_and_raw_row_link,True,,1759,True,ordinary_internal,registered reach geometry; frozen river-domain eligibility,-1,registered_monthly_flux_weighted_baseline,month_only_unverified_aggregation,59,-1,Beijiang
北江石尾,北江石尾,36,56,2023,4,0.8340810230032492,113.3968,24.1441,formal_2016_2024,[],E:\SPARROW\0_water_quality\data\preprocess\csv\北江石尾.csv,89.0,prepared_authoritative_station_csv,missing_section_code_and_raw_row_link,True,,1760,True,ordinary_internal,registered reach geometry; frozen river-domain eligibility,-1,registered_monthly_flux_weighted_baseline,month_only_unverified_aggregation,59,-1,Beijiang
北江石尾,北江石尾,36,56,2023,5,0.8340810230032492,113.3968,24.1441,formal_2016_2024,[],E:\SPARROW\0_water_quality\data\preprocess\csv\北江石尾.csv,90.0,prepared_authoritative_station_csv,missing_section_code_and_raw_row_link,True,,1761,True,ordinary_internal,registered reach geometry; frozen river-domain eligibility,-1,registered_monthly_flux_weighted_baseline,month_only_unverified_aggregation,59,-1,Beijiang
北江石尾,北江石尾,36,56,2023,6,0.8340810230032492,113.3968,24.1441,formal_2016_2024,[],E:\SPARROW\0_water_quality\data\preprocess\csv\北江石尾.csv,91.0,prepared_authoritative_station_csv,missing_section_code_and_raw_row_link,True,,1762,True,ordinary_internal,registered reach geometry; frozen river-domain eligibility,-1,registered_monthly_flux_weighted_baseline,month_only_unverified_aggregation,59,-1,Beijiang
北江石尾,北江石尾,36,56,2023,7,0.8340810230032492,113.3968,24.1441,formal_2016_2024,[],E:\SPARROW\0_water_quality\data\preprocess\csv\北江石尾.csv,92.0,prepared_authoritative_station_csv,missing_section_code_and_raw_row_link,True,,1763,True,ordinary_internal,registered reach geometry; frozen river-domain eligibility,-1,registered_monthly_flux_weighted_baseline,month_only_unverified_aggregation,59,-1,Beijiang
北江石尾,北江石尾,36,56,2023,8,0.8340810230032492,113.3968,24.1441,formal_2016_2024,[],E:\SPARROW\0_water_quality\data\preprocess\csv\北江石尾.csv,93.0,prepared_authoritative_station_csv,missing_section_code_and_raw_row_link,True,,1764,True,ordinary_internal,registered reach geometry; frozen river-domain eligibility,-1,registered_monthly_flux_weighted_baseline,month_only_unverified_aggregation,59,-1,Beijiang
北江石尾,北江石尾,36,56,2023,9,0.8340810230032492,113.3968,24.1441,formal_2016_2024,[],E:\SPARROW\0_water_quality\data\preprocess\csv\北江石尾.csv,94.0,prepared_authoritative_station_csv,missing_section_code_and_raw_row_link,True,,1765,True,ordinary_internal,registered reach geometry; frozen river-domain eligibility,-1,registered_monthly_flux_weighted_baseline,month_only_unverified_aggregation,59,-1,Beijiang
北江石尾,北江石尾,36,56,2023,10,0.8340810230032492,113.3968,24.1441,formal_2016_2024,[],E:\SPARROW\0_water_quality\data\preprocess\csv\北江石尾.csv,95.0,prepared_authoritative_station_csv,missing_section_code_and_raw_row_link,True,,1766,True,ordinary_internal,registered reach geometry; frozen river-domain eligibility,-1,registered_monthly_flux_weighted_baseline,month_only_unverified_aggregation,59,-1,Beijiang
北江石尾,北江石尾,36,56,2023,11,0.8340810230032492,113.3968,24.1441,formal_2016_2024,[],E:\SPARROW\0_water_quality\data\preprocess\csv\北江石尾.csv,96.0,prepared_authoritative_station_csv,missing_section_code_and_raw_row_link,True,,1767,True,ordinary_internal,registered reach geometry; frozen river-domain eligibility,-1,registered_monthly_flux_weighted_baseline,month_only_unverified_aggregation,59,-1,Beijiang
北江石尾,北江石尾,36,56,2023,12,0.8340810230032492,113.3968,24.1441,formal_2016_2024,[],E:\SPARROW\0_water_quality\data\preprocess\csv\北江石尾.csv,97.0,prepared_authoritative_station_csv,missing_section_code_and_raw_row_link,True,,1768,True,ordinary_internal,registered reach geometry; frozen river-domain eligibility,-1,registered_monthly_flux_weighted_baseline,month_only_unverified_aggregation,59,-1,Beijiang
十里亭,十里亭,32,56,2023,1,0.9375146741806566,113.5409,24.8206,formal_2016_2024,[],E:\SPARROW\0_water_quality\data\preprocess\csv\十里亭.csv,86.0,prepared_authoritative_station_csv,missing_section_code_and_raw_row_link,True,,1876,True,ordinary_internal,registered reach geometry; frozen river-domain eligibility,-1,registered_monthly_flux_weighted_baseline,month_only_unverified_aggregation,94,-1,Beijiang
十里亭,十里亭,32,56,2023,2,0.9375146741806566,113.5409,24.8206,formal_2016_2024,[],E:\SPARROW\0_water_quality\data\preprocess\csv\十里亭.csv,87.0,prepared_authoritative_station_csv,missing_section_code_and_raw_row_link,True,,1877,True,ordinary_internal,registered reach geometry; frozen river-domain eligibility,-1,registered_monthly_flux_weighted_baseline,month_only_unverified_aggregation,94,-1,Beijiang
十里亭,十里亭,32,56,2023,3,0.9375146741806566,113.5409,24.8206,formal_2016_2024,[],E:\SPARROW\0_water_quality\data\preprocess\csv\十里亭.csv,88.0,prepared_authoritative_station_csv,missing_section_code_and_raw_row_link,True,,1878,True,ordinary_internal,registered reach geometry; frozen river-domain eligibility,-1,registered_monthly_flux_weighted_baseline,month_only_unverified_aggregation,94,-1,Beijiang
十里亭,十里亭,32,56,2023,4,0.9375146741806566,113.5409,24.8206,formal_2016_2024,[],E:\SPARROW\0_water_quality\data\preprocess\csv\十里亭.csv,89.0,prepared_authoritative_station_csv,missing_section_code_and_raw_row_link,True,,1879,True,ordinary_internal,registered reach geometry; frozen river-domain eligibility,-1,registered_monthly_flux_weighted_baseline,month_only_unverified_aggregation,94,-1,Beijiang
十里亭,十里亭,32,56,2023,5,0.9375146741806566,113.5409,24.8206,formal_2016_2024,[],E:\SPARROW\0_water_quality\data\preprocess\csv\十里亭.csv,90.0,prepared_authoritative_station_csv,missing_section_code_and_raw_row_link,True,,1880,True,ordinary_internal,registered reach geometry; frozen river-domain eligibility,-1,registered_monthly_flux_weighted_baseline,month_only_unverified_aggregation,94,-1,Beijiang
十里亭,十里亭,32,56,2023,6,0.9375146741806566,113.5409,24.8206,formal_2016_2024,[],E:\SPARROW\0_water_quality\data\preprocess\csv\十里亭.csv,91.0,prepared_authoritative_station_csv,missing_section_code_and_raw_row_link,True,,1881,True,ordinary_internal,registered reach geometry; frozen river-domain eligibility,-1,registered_monthly_flux_weighted_baseline,month_only_unverified_aggregation,94,-1,Beijiang
十里亭,十里亭,32,56,2023,7,0.9375146741806566,113.5409,24.8206,formal_2016_2024,[],E:\SPARROW\0_water_quality\data\preprocess\csv\十里亭.csv,92.0,prepared_authoritative_station_csv,missing_section_code_and_raw_row_link,True,,1882,True,ordinary_internal,registered reach geometry; frozen river-domain eligibility,-1,registered_monthly_flux_weighted_baseline,month_only_unverified_aggregation,94,-1,Beijiang
十里亭,十里亭,32,56,2023,8,0.9375146741806566,113.5409,24.8206,formal_2016_2024,[],E:\SPARROW\0_water_quality\data\preprocess\csv\十里亭.csv,93.0,prepared_authoritative_station_csv,missing_section_code_and_raw_row_link,True,,1883,True,ordinary_internal,registered reach geometry; frozen river-domain eligibility,-1,registered_monthly_flux_weighted_baseline,month_only_unverified_aggregation,94,-1,Beijiang
十里亭,十里亭,32,56,2023,9,0.9375146741806566,113.5409,24.8206,formal_2016_2024,[],E:\SPARROW\0_water_quality\data\preprocess\csv\十里亭.csv,94.0,prepared_authoritative_station_csv,missing_section_code_and_raw_row_link,True,,1884,True,ordinary_internal,registered reach geometry; frozen river-domain eligibility,-1,registered_monthly_flux_weighted_baseline,month_only_unverified_aggregation,94,-1,Beijiang
十里亭,十里亭,32,56,2023,10,0.9375146741806566,113.5409,24.8206,formal_2016_2024,[],E:\SPARROW\0_water_quality\data\preprocess\csv\十里亭.csv,95.0,prepared_authoritative_station_csv,missing_section_code_and_raw_row_link,True,,1885,True,ordinary_internal,registered reach geometry; frozen river-domain eligibility,-1,registered_monthly_flux_weighted_baseline,month_only_unverified_aggregation,94,-1,Beijiang
十里亭,十里亭,32,56,2023,11,0.9375146741806566,113.5409,24.8206,formal_2016_2024,[],E:\SPARROW\0_water_quality\data\preprocess\csv\十里亭.csv,96.0,prepared_authoritative_station_csv,missing_section_code_and_raw_row_link,True,,1886,True,ordinary_internal,registered reach geometry; frozen river-domain eligibility,-1,registered_monthly_flux_weighted_baseline,month_only_unverified_aggregation,94,-1,Beijiang
十里亭,十里亭,32,56,2023,12,0.9375146741806566,113.5409,24.8206,formal_2016_2024,[],E:\SPARROW\0_water_quality\data\preprocess\csv\十里亭.csv,97.0,prepared_authoritative_station_csv,missing_section_code_and_raw_row_link,True,,1887,True,ordinary_internal,registered reach geometry; frozen river-domain eligibility,-1,registered_monthly_flux_weighted_baseline,month_only_unverified_aggregation,94,-1,Beijiang
古市,古市,10,56,2023,2,0.7262476926759843,114.2273,25.0561,formal_2016_2024,[],E:\SPARROW\0_water_quality\data\preprocess\csv\古市.csv,87.0,prepared_authoritative_station_csv,missing_section_code_and_raw_row_link,True,,2478,True,ordinary_internal,registered reach geometry; frozen river-domain eligibility,-1,registered_monthly_flux_weighted_baseline,month_only_unverified_aggregation,63,-1,Beijiang
古市,古市,10,56,2023,4,0.7262476926759843,114.2273,25.0561,formal_2016_2024,[],E:\SPARROW\0_water_quality\data\preprocess\csv\古市.csv,89.0,prepared_authoritative_station_csv,missing_section_code_and_raw_row_link,True,,2479,True,ordinary_internal,registered reach geometry; frozen river-domain eligibility,-1,registered_monthly_flux_weighted_baseline,month_only_unverified_aggregation,63,-1,Beijiang
古市,古市,10,56,2023,7,0.7262476926759843,114.2273,25.0561,formal_2016_2024,[],E:\SPARROW\0_water_quality\data\preprocess\csv\古市.csv,92.0,prepared_authoritative_station_csv,missing_section_code_and_raw_row_link,True,,2480,True,ordinary_internal,registered reach geometry; frozen river-domain eligibility,-1,registered_monthly_flux_weighted_baseline,month_only_unverified_aggregation,63,-1,Beijiang
古市,古市,10,56,2023,10,0.7262476926759843,114.2273,25.0561,formal_2016_2024,[],E:\SPARROW\0_water_quality\data\preprocess\csv\古市.csv,95.0,prepared_authoritative_station_csv,missing_section_code_and_raw_row_link,True,,2481,True,ordinary_internal,registered reach geometry; frozen river-domain eligibility,-1,registered_monthly_flux_weighted_baseline,month_only_unverified_aggregation,63,-1,Beijiang
官渡,官渡,11,56,2023,2,0.5752421550755575,113.8462,24.275,formal_2016_2024,[],E:\SPARROW\0_water_quality\data\preprocess\csv\官渡.csv,87.0,prepared_authoritative_station_csv,missing_section_code_and_raw_row_link,True,,3086,True,ordinary_internal,registered reach geometry; frozen river-domain eligibility,-1,registered_monthly_flux_weighted_baseline,month_only_unverified_aggregation,64,-1,Beijiang
官渡,官渡,11,56,2023,4,0.5752421550755575,113.8462,24.275,formal_2016_2024,[],E:\SPARROW\0_water_quality\data\preprocess\csv\官渡.csv,89.0,prepared_authoritative_station_csv,missing_section_code_and_raw_row_link,True,,3087,True,ordinary_internal,registered reach geometry; frozen river-domain eligibility,-1,registered_monthly_flux_weighted_baseline,month_only_unverified_aggregation,64,-1,Beijiang
官渡,官渡,11,56,2023,7,0.5752421550755575,113.8462,24.275,formal_2016_2024,[],E:\SPARROW\0_water_quality\data\preprocess\csv\官渡.csv,92.0,prepared_authoritative_station_csv,missing_section_code_and_raw_row_link,True,,3088,True,ordinary_internal,registered reach geometry; frozen river-domain eligibility,-1,registered_monthly_flux_weighted_baseline,month_only_unverified_aggregation,64,-1,Beijiang
官渡,官渡,11,56,2023,10,0.5752421550755575,113.8462,24.275,formal_2016_2024,[],E:\SPARROW\0_water_quality\data\preprocess\csv\官渡.csv,95.0,prepared_authoritative_station_csv,missing_section_code_and_raw_row_link,True,,3089,True,ordinary_internal,registered reach geometry; frozen river-domain eligibility,-1,registered_monthly_flux_weighted_baseline,month_only_unverified_aggregation,64,-1,Beijiang
庙咀里,庙咀里,22,22,2023,1,0.8684475191463363,115.1788,24.7013,formal_2016_2024,[],E:\SPARROW\0_water_quality\data\preprocess\csv\庙咀里.csv,86.0,prepared_authoritative_station_csv,missing_section_code_and_raw_row_link,True,,3712,True,ordinary_internal,registered reach geometry; frozen river-domain eligibility,-1,registered_monthly_flux_weighted_baseline,month_only_unverified_aggregation,93,-1,Dongjiang
庙咀里,庙咀里,22,22,2023,2,0.8684475191463363,115.1788,24.7013,formal_2016_2024,[],E:\SPARROW\0_water_quality\data\preprocess\csv\庙咀里.csv,87.0,prepared_authoritative_station_csv,missing_section_code_and_raw_row_link,True,,3713,True,ordinary_internal,registered reach geometry; frozen river-domain eligibility,-1,registered_monthly_flux_weighted_baseline,month_only_unverified_aggregation,93,-1,Dongjiang
庙咀里,庙咀里,22,22,2023,3,0.8684475191463363,115.1788,24.7013,formal_2016_2024,[],E:\SPARROW\0_water_quality\data\preprocess\csv\庙咀里.csv,88.0,prepared_authoritative_station_csv,missing_section_code_and_raw_row_link,True,,3714,True,ordinary_internal,registered reach geometry; frozen river-domain eligibility,-1,registered_monthly_flux_weighted_baseline,month_only_unverified_aggregation,93,-1,Dongjiang
庙咀里,庙咀里,22,22,2023,4,0.8684475191463363,115.1788,24.7013,formal_2016_2024,[],E:\SPARROW\0_water_quality\data\preprocess\csv\庙咀里.csv,89.0,prepared_authoritative_station_csv,missing_section_code_and_raw_row_link,True,,3715,True,ordinary_internal,registered reach geometry; frozen river-domain eligibility,-1,registered_monthly_flux_weighted_baseline,month_only_unverified_aggregation,93,-1,Dongjiang
庙咀里,庙咀里,22,22,2023,5,0.8684475191463363,115.1788,24.7013,formal_2016_2024,[],E:\SPARROW\0_water_quality\data\preprocess\csv\庙咀里.csv,90.0,prepared_authoritative_station_csv,missing_section_code_and_raw_row_link,True,,3716,True,ordinary_internal,registered reach geometry; frozen river-domain eligibility,-1,registered_monthly_flux_weighted_baseline,month_only_unverified_aggregation,93,-1,Dongjiang
庙咀里,庙咀里,22,22,2023,6,0.8684475191463363,115.1788,24.7013,formal_2016_2024,[],E:\SPARROW\0_water_quality\data\preprocess\csv\庙咀里.csv,91.0,prepared_authoritative_station_csv,missing_section_code_and_raw_row_link,True,,3717,True,ordinary_internal,registered reach geometry; frozen river-domain eligibility,-1,registered_monthly_flux_weighted_baseline,month_only_unverified_aggregation,93,-1,Dongjiang
庙咀里,庙咀里,22,22,2023,7,0.8684475191463363,115.1788,24.7013,formal_2016_2024,[],E:\SPARROW\0_water_quality\data\preprocess\csv\庙咀里.csv,92.0,prepared_authoritative_station_csv,missing_section_code_and_raw_row_link,True,,3718,True,ordinary_internal,registered reach geometry; frozen river-domain eligibility,-1,registered_monthly_flux_weighted_baseline,month_only_unverified_aggregation,93,-1,Dongjiang
庙咀里,庙咀里,22,22,2023,8,0.8684475191463363,115.1788,24.7013,formal_2016_2024,[],E:\SPARROW\0_water_quality\data\preprocess\csv\庙咀里.csv,93.0,prepared_authoritative_station_csv,missing_section_code_and_raw_row_link,True,,3719,True,ordinary_internal,registered reach geometry; frozen river-domain eligibility,-1,registered_monthly_flux_weighted_baseline,month_only_unverified_aggregation,93,-1,Dongjiang
庙咀里,庙咀里,22,22,2023,9,0.8684475191463363,115.1788,24.7013,formal_2016_2024,[],E:\SPARROW\0_water_quality\data\preprocess\csv\庙咀里.csv,94.0,prepared_authoritative_station_csv,missing_section_code_and_raw_row_link,True,,3720,True,ordinary_internal,registered reach geometry; frozen river-domain eligibility,-1,registered_monthly_flux_weighted_baseline,month_only_unverified_aggregation,93,-1,Dongjiang
庙咀里,庙咀里,22,22,2023,10,0.8684475191463363,115.1788,24.7013,formal_2016_2024,[],E:\SPARROW\0_water_quality\data\preprocess\csv\庙咀里.csv,95.0,prepared_authoritative_station_csv,missing_section_code_and_raw_row_link,True,,3721,True,ordinary_internal,registered reach geometry; frozen river-domain eligibility,-1,registered_monthly_flux_weighted_baseline,month_only_unverified_aggregation,93,-1,Dongjiang
庙咀里,庙咀里,22,22,2023,11,0.8684475191463363,115.1788,24.7013,formal_2016_2024,[],E:\SPARROW\0_water_quality\data\preprocess\csv\庙咀里.csv,96.0,prepared_authoritative_station_csv,missing_section_code_and_raw_row_link,True,,3722,True,ordinary_internal,registered reach geometry; frozen river-domain eligibility,-1,registered_monthly_flux_weighted_baseline,month_only_unverified_aggregation,93,-1,Dongjiang
庙咀里,庙咀里,22,22,2023,12,0.8684475191463363,115.1788,24.7013,formal_2016_2024,[],E:\SPARROW\0_water_quality\data\preprocess\csv\庙咀里.csv,97.0,prepared_authoritative_station_csv,missing_section_code_and_raw_row_link,True,,3723,True,ordinary_internal,registered reach geometry; frozen river-domain eligibility,-1,registered_monthly_flux_weighted_baseline,month_only_unverified_aggregation,93,-1,Dongjiang
新坪山桥,新坪山桥,31,56,2023,2,0.9232737610272566,112.9822,25.2349,formal_2016_2024,[],E:\SPARROW\0_water_quality\data\preprocess\csv\新坪山桥.csv,87.0,prepared_authoritative_station_csv,missing_section_code_and_raw_row_link,True,,4136,True,ordinary_internal,registered reach geometry; frozen river-domain eligibility,-1,registered_monthly_flux_weighted_baseline,month_only_unverified_aggregation,96,-1,Beijiang
新坪山桥,新坪山桥,31,56,2023,4,0.9232737610272566,112.9822,25.2349,formal_2016_2024,[],E:\SPARROW\0_water_quality\data\preprocess\csv\新坪山桥.csv,89.0,prepared_authoritative_station_csv,missing_section_code_and_raw_row_link,True,,4137,True,ordinary_internal,registered reach geometry; frozen river-domain eligibility,-1,registered_monthly_flux_weighted_baseline,month_only_unverified_aggregation,96,-1,Beijiang
新坪山桥,新坪山桥,31,56,2023,7,0.9232737610272566,112.9822,25.2349,formal_2016_2024,[],E:\SPARROW\0_water_quality\data\preprocess\csv\新坪山桥.csv,92.0,prepared_authoritative_station_csv,missing_section_code_and_raw_row_link,True,,4138,True,ordinary_internal,registered reach geometry; frozen river-domain eligibility,-1,registered_monthly_flux_weighted_baseline,month_only_unverified_aggregation,96,-1,Beijiang
新坪山桥,新坪山桥,31,56,2023,10,0.9232737610272566,112.9822,25.2349,formal_2016_2024,[],E:\SPARROW\0_water_quality\data\preprocess\csv\新坪山桥.csv,95.0,prepared_authoritative_station_csv,missing_section_code_and_raw_row_link,True,,4139,True,ordinary_internal,registered reach geometry; frozen river-domain eligibility,-1,registered_monthly_flux_weighted_baseline,month_only_unverified_aggregation,96,-1,Beijiang
滃江大站,滃江大站,11,56,2023,1,0.9680162693772457,113.4257,24.1298,formal_2016_2024,[],E:\SPARROW\0_water_quality\data\preprocess\csv\滃江大站.csv,86.0,prepared_authoritative_station_csv,missing_section_code_and_raw_row_link,True,,5490,True,ordinary_internal,registered reach geometry; frozen river-domain eligibility,-1,registered_monthly_flux_weighted_baseline,month_only_unverified_aggregation,64,-1,Beijiang
滃江大站,滃江大站,11,56,2023,2,0.9680162693772457,113.4257,24.1298,formal_2016_2024,[],E:\SPARROW\0_water_quality\data\preprocess\csv\滃江大站.csv,87.0,prepared_authoritative_station_csv,missing_section_code_and_raw_row_link,True,,5491,True,ordinary_internal,registered reach geometry; frozen river-domain eligibility,-1,registered_monthly_flux_weighted_baseline,month_only_unverified_aggregation,64,-1,Beijiang
滃江大站,滃江大站,11,56,2023,3,0.9680162693772457,113.4257,24.1298,formal_2016_2024,[],E:\SPARROW\0_water_quality\data\preprocess\csv\滃江大站.csv,88.0,prepared_authoritative_station_csv,missing_section_code_and_raw_row_link,True,,5492,True,ordinary_internal,registered reach geometry; frozen river-domain eligibility,-1,registered_monthly_flux_weighted_baseline,month_only_unverified_aggregation,64,-1,Beijiang
滃江大站,滃江大站,11,56,2023,4,0.9680162693772457,113.4257,24.1298,formal_2016_2024,[],E:\SPARROW\0_water_quality\data\preprocess\csv\滃江大站.csv,89.0,prepared_authoritative_station_csv,missing_section_code_and_raw_row_link,True,,5493,True,ordinary_internal,registered reach geometry; frozen river-domain eligibility,-1,registered_monthly_flux_weighted_baseline,month_only_unverified_aggregation,64,-1,Beijiang
滃江大站,滃江大站,11,56,2023,5,0.9680162693772457,113.4257,24.1298,formal_2016_2024,[],E:\SPARROW\0_water_quality\data\preprocess\csv\滃江大站.csv,90.0,prepared_authoritative_station_csv,missing_section_code_and_raw_row_link,True,,5494,True,ordinary_internal,registered reach geometry; frozen river-domain eligibility,-1,registered_monthly_flux_weighted_baseline,month_only_unverified_aggregation,64,-1,Beijiang
滃江大站,滃江大站,11,56,2023,6,0.9680162693772457,113.4257,24.1298,formal_2016_2024,[],E:\SPARROW\0_water_quality\data\preprocess\csv\滃江大站.csv,91.0,prepared_authoritative_station_csv,missing_section_code_and_raw_row_link,True,,5495,True,ordinary_internal,registered reach geometry; frozen river-domain eligibility,-1,registered_monthly_flux_weighted_baseline,month_only_unverified_aggregation,64,-1,Beijiang
滃江大站,滃江大站,11,56,2023,7,0.9680162693772457,113.4257,24.1298,formal_2016_2024,[],E:\SPARROW\0_water_quality\data\preprocess\csv\滃江大站.csv,92.0,prepared_authoritative_station_csv,missing_section_code_and_raw_row_link,True,,5496,True,ordinary_internal,registered reach geometry; frozen river-domain eligibility,-1,registered_monthly_flux_weighted_baseline,month_only_unverified_aggregation,64,-1,Beijiang
滃江大站,滃江大站,11,56,2023,8,0.9680162693772457,113.4257,24.1298,formal_2016_2024,[],E:\SPARROW\0_water_quality\data\preprocess\csv\滃江大站.csv,93.0,prepared_authoritative_station_csv,missing_section_code_and_raw_row_link,True,,5497,True,ordinary_internal,registered reach geometry; frozen river-domain eligibility,-1,registered_monthly_flux_weighted_baseline,month_only_unverified_aggregation,64,-1,Beijiang
滃江大站,滃江大站,11,56,2023,9,0.9680162693772457,113.4257,24.1298,formal_2016_2024,[],E:\SPARROW\0_water_quality\data\preprocess\csv\滃江大站.csv,94.0,prepared_authoritative_station_csv,missing_section_code_and_raw_row_link,True,,5498,True,ordinary_internal,registered reach geometry; frozen river-domain eligibility,-1,registered_monthly_flux_weighted_baseline,month_only_unverified_aggregation,64,-1,Beijiang
滃江大站,滃江大站,11,56,2023,10,0.9680162693772457,113.4257,24.1298,formal_2016_2024,[],E:\SPARROW\0_water_quality\data\preprocess\csv\滃江大站.csv,95.0,prepared_authoritative_station_csv,missing_section_code_and_raw_row_link,True,,5499,True,ordinary_internal,registered reach geometry; frozen river-domain eligibility,-1,registered_monthly_flux_weighted_baseline,month_only_unverified_aggregation,64,-1,Beijiang
滃江大站,滃江大站,11,56,2023,11,0.9680162693772457,113.4257,24.1298,formal_2016_2024,[],E:\SPARROW\0_water_quality\data\preprocess\csv\滃江大站.csv,96.0,prepared_authoritative_station_csv,missing_section_code_and_raw_row_link,True,,5500,True,ordinary_internal,registered reach geometry; frozen river-domain eligibility,-1,registered_monthly_flux_weighted_baseline,month_only_unverified_aggregation,64,-1,Beijiang
滃江大站,滃江大站,11,56,2023,12,0.9680162693772457,113.4257,24.1298,formal_2016_2024,[],E:\SPARROW\0_water_quality\data\preprocess\csv\滃江大站.csv,97.0,prepared_authoritative_station_csv,missing_section_code_and_raw_row_link,True,,5501,True,ordinary_internal,registered reach geometry; frozen river-domain eligibility,-1,registered_monthly_flux_weighted_baseline,month_only_unverified_aggregation,64,-1,Beijiang
石角,石角,39,56,2023,1,0.4607910749841652,112.9032,23.4931,formal_2016_2024,[],E:\SPARROW\0_water_quality\data\preprocess\csv\石角.csv,86.0,prepared_authoritative_station_csv,missing_section_code_and_raw_row_link,True,,6491,True,ordinary_internal,registered reach geometry; frozen river-domain eligibility,-1,registered_monthly_flux_weighted_baseline,month_only_unverified_aggregation,56,-1,Beijiang
石角,石角,39,56,2023,2,0.4607910749841652,112.9032,23.4931,formal_2016_2024,[],E:\SPARROW\0_water_quality\data\preprocess\csv\石角.csv,87.0,prepared_authoritative_station_csv,missing_section_code_and_raw_row_link,True,,6492,True,ordinary_internal,registered reach geometry; frozen river-domain eligibility,-1,registered_monthly_flux_weighted_baseline,month_only_unverified_aggregation,56,-1,Beijiang
石角,石角,39,56,2023,3,0.4607910749841652,112.9032,23.4931,formal_2016_2024,[],E:\SPARROW\0_water_quality\data\preprocess\csv\石角.csv,88.0,prepared_authoritative_station_csv,missing_section_code_and_raw_row_link,True,,6493,True,ordinary_internal,registered reach geometry; frozen river-domain eligibility,-1,registered_monthly_flux_weighted_baseline,month_only_unverified_aggregation,56,-1,Beijiang
石角,石角,39,56,2023,4,0.4607910749841652,112.9032,23.4931,formal_2016_2024,[],E:\SPARROW\0_water_quality\data\preprocess\csv\石角.csv,89.0,prepared_authoritative_station_csv,missing_section_code_and_raw_row_link,True,,6494,True,ordinary_internal,registered reach geometry; frozen river-domain eligibility,-1,registered_monthly_flux_weighted_baseline,month_only_unverified_aggregation,56,-1,Beijiang
石角,石角,39,56,2023,5,0.4607910749841652,112.9032,23.4931,formal_2016_2024,[],E:\SPARROW\0_water_quality\data\preprocess\csv\石角.csv,90.0,prepared_authoritative_station_csv,missing_section_code_and_raw_row_link,True,,6495,True,ordinary_internal,registered reach geometry; frozen river-domain eligibility,-1,registered_monthly_flux_weighted_baseline,month_only_unverified_aggregation,56,-1,Beijiang
石角,石角,39,56,2023,6,0.4607910749841652,112.9032,23.4931,formal_2016_2024,[],E:\SPARROW\0_water_quality\data\preprocess\csv\石角.csv,91.0,prepared_authoritative_station_csv,missing_section_code_and_raw_row_link,True,,6496,True,ordinary_internal,registered reach geometry; frozen river-domain eligibility,-1,registered_monthly_flux_weighted_baseline,month_only_unverified_aggregation,56,-1,Beijiang
石角,石角,39,56,2023,7,0.4607910749841652,112.9032,23.4931,formal_2016_2024,[],E:\SPARROW\0_water_quality\data\preprocess\csv\石角.csv,92.0,prepared_authoritative_station_csv,missing_section_code_and_raw_row_link,True,,6497,True,ordinary_internal,registered reach geometry; frozen river-domain eligibility,-1,registered_monthly_flux_weighted_baseline,month_only_unverified_aggregation,56,-1,Beijiang
石角,石角,39,56,2023,8,0.4607910749841652,112.9032,23.4931,formal_2016_2024,[],E:\SPARROW\0_water_quality\data\preprocess\csv\石角.csv,93.0,prepared_authoritative_station_csv,missing_section_code_and_raw_row_link,True,,6498,True,ordinary_internal,registered reach geometry; frozen river-domain eligibility,-1,registered_monthly_flux_weighted_baseline,month_only_unverified_aggregation,56,-1,Beijiang
石角,石角,39,56,2023,9,0.4607910749841652,112.9032,23.4931,formal_2016_2024,[],E:\SPARROW\0_water_quality\data\preprocess\csv\石角.csv,94.0,prepared_authoritative_station_csv,missing_section_code_and_raw_row_link,True,,6499,True,ordinary_internal,registered reach geometry; frozen river-domain eligibility,-1,registered_monthly_flux_weighted_baseline,month_only_unverified_aggregation,56,-1,Beijiang
石角,石角,39,56,2023,10,0.4607910749841652,112.9032,23.4931,formal_2016_2024,[],E:\SPARROW\0_water_quality\data\preprocess\csv\石角.csv,95.0,prepared_authoritative_station_csv,missing_section_code_and_raw_row_link,True,,6500,True,ordinary_internal,registered reach geometry; frozen river-domain eligibility,-1,registered_monthly_flux_weighted_baseline,month_only_unverified_aggregation,56,-1,Beijiang
石角,石角,39,56,2023,11,0.4607910749841652,112.9032,23.4931,formal_2016_2024,[],E:\SPARROW\0_water_quality\data\preprocess\csv\石角.csv,96.0,prepared_authoritative_station_csv,missing_section_code_and_raw_row_link,True,,6501,True,ordinary_internal,registered reach geometry; frozen river-domain eligibility,-1,registered_monthly_flux_weighted_baseline,month_only_unverified_aggregation,56,-1,Beijiang
石角,石角,39,56,2023,12,0.4607910749841652,112.9032,23.4931,formal_2016_2024,[],E:\SPARROW\0_water_quality\data\preprocess\csv\石角.csv,97.0,prepared_authoritative_station_csv,missing_section_code_and_raw_row_link,True,,6502,True,ordinary_internal,registered reach geometry; frozen river-domain eligibility,-1,registered_monthly_flux_weighted_baseline,month_only_unverified_aggregation,56,-1,Beijiang
连江西牛,连江西牛,15,56,2023,1,0.641117693883743,113.1088,24.187,formal_2016_2024,[],E:\SPARROW\0_water_quality\data\preprocess\csv\连江西牛.csv,86.0,prepared_authoritative_station_csv,missing_section_code_and_raw_row_link,True,,8043,True,ordinary_internal,registered reach geometry; frozen river-domain eligibility,-1,registered_monthly_flux_weighted_baseline,month_only_unverified_aggregation,68,-1,Beijiang
连江西牛,连江西牛,15,56,2023,2,0.641117693883743,113.1088,24.187,formal_2016_2024,[],E:\SPARROW\0_water_quality\data\preprocess\csv\连江西牛.csv,87.0,prepared_authoritative_station_csv,missing_section_code_and_raw_row_link,True,,8044,True,ordinary_internal,registered reach geometry; frozen river-domain eligibility,-1,registered_monthly_flux_weighted_baseline,month_only_unverified_aggregation,68,-1,Beijiang
连江西牛,连江西牛,15,56,2023,3,0.641117693883743,113.1088,24.187,formal_2016_2024,[],E:\SPARROW\0_water_quality\data\preprocess\csv\连江西牛.csv,88.0,prepared_authoritative_station_csv,missing_section_code_and_raw_row_link,True,,8045,True,ordinary_internal,registered reach geometry; frozen river-domain eligibility,-1,registered_monthly_flux_weighted_baseline,month_only_unverified_aggregation,68,-1,Beijiang
连江西牛,连江西牛,15,56,2023,4,0.641117693883743,113.1088,24.187,formal_2016_2024,[],E:\SPARROW\0_water_quality\data\preprocess\csv\连江西牛.csv,89.0,prepared_authoritative_station_csv,missing_section_code_and_raw_row_link,True,,8046,True,ordinary_internal,registered reach geometry; frozen river-domain eligibility,-1,registered_monthly_flux_weighted_baseline,month_only_unverified_aggregation,68,-1,Beijiang
连江西牛,连江西牛,15,56,2023,5,0.641117693883743,113.1088,24.187,formal_2016_2024,[],E:\SPARROW\0_water_quality\data\preprocess\csv\连江西牛.csv,90.0,prepared_authoritative_station_csv,missing_section_code_and_raw_row_link,True,,8047,True,ordinary_internal,registered reach geometry; frozen river-domain eligibility,-1,registered_monthly_flux_weighted_baseline,month_only_unverified_aggregation,68,-1,Beijiang
连江西牛,连江西牛,15,56,2023,6,0.641117693883743,113.1088,24.187,formal_2016_2024,[],E:\SPARROW\0_water_quality\data\preprocess\csv\连江西牛.csv,91.0,prepared_authoritative_station_csv,missing_section_code_and_raw_row_link,True,,8048,True,ordinary_internal,registered reach geometry; frozen river-domain eligibility,-1,registered_monthly_flux_weighted_baseline,month_only_unverified_aggregation,68,-1,Beijiang
连江西牛,连江西牛,15,56,2023,7,0.641117693883743,113.1088,24.187,formal_2016_2024,[],E:\SPARROW\0_water_quality\data\preprocess\csv\连江西牛.csv,92.0,prepared_authoritative_station_csv,missing_section_code_and_raw_row_link,True,,8049,True,ordinary_internal,registered reach geometry; frozen river-domain eligibility,-1,registered_monthly_flux_weighted_baseline,month_only_unverified_aggregation,68,-1,Beijiang
连江西牛,连江西牛,15,56,2023,8,0.641117693883743,113.1088,24.187,formal_2016_2024,[],E:\SPARROW\0_water_quality\data\preprocess\csv\连江西牛.csv,93.0,prepared_authoritative_station_csv,missing_section_code_and_raw_row_link,True,,8050,True,ordinary_internal,registered reach geometry; frozen river-domain eligibility,-1,registered_monthly_flux_weighted_baseline,month_only_unverified_aggregation,68,-1,Beijiang
连江西牛,连江西牛,15,56,2023,9,0.641117693883743,113.1088,24.187,formal_2016_2024,[],E:\SPARROW\0_water_quality\data\preprocess\csv\连江西牛.csv,94.0,prepared_authoritative_station_csv,missing_section_code_and_raw_row_link,True,,8051,True,ordinary_internal,registered reach geometry; frozen river-domain eligibility,-1,registered_monthly_flux_weighted_baseline,month_only_unverified_aggregation,68,-1,Beijiang
连江西牛,连江西牛,15,56,2023,10,0.641117693883743,113.1088,24.187,formal_2016_2024,[],E:\SPARROW\0_water_quality\data\preprocess\csv\连江西牛.csv,95.0,prepared_authoritative_station_csv,missing_section_code_and_raw_row_link,True,,8052,True,ordinary_internal,registered reach geometry; frozen river-domain eligibility,-1,registered_monthly_flux_weighted_baseline,month_only_unverified_aggregation,68,-1,Beijiang
连江西牛,连江西牛,15,56,2023,11,0.641117693883743,113.1088,24.187,formal_2016_2024,[],E:\SPARROW\0_water_quality\data\preprocess\csv\连江西牛.csv,96.0,prepared_authoritative_station_csv,missing_section_code_and_raw_row_link,True,,8053,True,ordinary_internal,registered reach geometry; frozen river-domain eligibility,-1,registered_monthly_flux_weighted_baseline,month_only_unverified_aggregation,68,-1,Beijiang
连江西牛,连江西牛,15,56,2023,12,0.641117693883743,113.1088,24.187,formal_2016_2024,[],E:\SPARROW\0_water_quality\data\preprocess\csv\连江西牛.csv,97.0,prepared_authoritative_station_csv,missing_section_code_and_raw_row_link,True,,8054,True,ordinary_internal,registered reach geometry; frozen river-domain eligibility,-1,registered_monthly_flux_weighted_baseline,month_only_unverified_aggregation,68,-1,Beijiang
长坝,长坝,34,56,2023,1,0.39444835566993225,113.663,24.8644,formal_2016_2024,[],E:\SPARROW\0_water_quality\data\preprocess\csv\长坝.csv,86.0,prepared_authoritative_station_csv,missing_section_code_and_raw_row_link,True,,8517,True,ordinary_internal,registered reach geometry; frozen river-domain eligibility,-1,registered_monthly_flux_weighted_baseline,month_only_unverified_aggregation,61,-1,Beijiang
长坝,长坝,34,56,2023,2,0.39444835566993225,113.663,24.8644,formal_2016_2024,[],E:\SPARROW\0_water_quality\data\preprocess\csv\长坝.csv,87.0,prepared_authoritative_station_csv,missing_section_code_and_raw_row_link,True,,8518,True,ordinary_internal,registered reach geometry; frozen river-domain eligibility,-1,registered_monthly_flux_weighted_baseline,month_only_unverified_aggregation,61,-1,Beijiang
长坝,长坝,34,56,2023,3,0.39444835566993225,113.663,24.8644,formal_2016_2024,[],E:\SPARROW\0_water_quality\data\preprocess\csv\长坝.csv,88.0,prepared_authoritative_station_csv,missing_section_code_and_raw_row_link,True,,8519,True,ordinary_internal,registered reach geometry; frozen river-domain eligibility,-1,registered_monthly_flux_weighted_baseline,month_only_unverified_aggregation,61,-1,Beijiang
长坝,长坝,34,56,2023,4,0.39444835566993225,113.663,24.8644,formal_2016_2024,[],E:\SPARROW\0_water_quality\data\preprocess\csv\长坝.csv,89.0,prepared_authoritative_station_csv,missing_section_code_and_raw_row_link,True,,8520,True,ordinary_internal,registered reach geometry; frozen river-domain eligibility,-1,registered_monthly_flux_weighted_baseline,month_only_unverified_aggregation,61,-1,Beijiang
长坝,长坝,34,56,2023,5,0.39444835566993225,113.663,24.8644,formal_2016_2024,[],E:\SPARROW\0_water_quality\data\preprocess\csv\长坝.csv,90.0,prepared_authoritative_station_csv,missing_section_code_and_raw_row_link,True,,8521,True,ordinary_internal,registered reach geometry; frozen river-domain eligibility,-1,registered_monthly_flux_weighted_baseline,month_only_unverified_aggregation,61,-1,Beijiang
长坝,长坝,34,56,2023,6,0.39444835566993225,113.663,24.8644,formal_2016_2024,[],E:\SPARROW\0_water_quality\data\preprocess\csv\长坝.csv,91.0,prepared_authoritative_station_csv,missing_section_code_and_raw_row_link,True,,8522,True,ordinary_internal,registered reach geometry; frozen river-domain eligibility,-1,registered_monthly_flux_weighted_baseline,month_only_unverified_aggregation,61,-1,Beijiang
长坝,长坝,34,56,2023,7,0.39444835566993225,113.663,24.8644,formal_2016_2024,[],E:\SPARROW\0_water_quality\data\preprocess\csv\长坝.csv,92.0,prepared_authoritative_station_csv,missing_section_code_and_raw_row_link,True,,8523,True,ordinary_internal,registered reach geometry; frozen river-domain eligibility,-1,registered_monthly_flux_weighted_baseline,month_only_unverified_aggregation,61,-1,Beijiang
长坝,长坝,34,56,2023,8,0.39444835566993225,113.663,24.8644,formal_2016_2024,[],E:\SPARROW\0_water_quality\data\preprocess\csv\长坝.csv,93.0,prepared_authoritative_station_csv,missing_section_code_and_raw_row_link,True,,8524,True,ordinary_internal,registered reach geometry; frozen river-domain eligibility,-1,registered_monthly_flux_weighted_baseline,month_only_unverified_aggregation,61,-1,Beijiang
长坝,长坝,34,56,2023,9,0.39444835566993225,113.663,24.8644,formal_2016_2024,[],E:\SPARROW\0_water_quality\data\preprocess\csv\长坝.csv,94.0,prepared_authoritative_station_csv,missing_section_code_and_raw_row_link,True,,8525,True,ordinary_internal,registered reach geometry; frozen river-domain eligibility,-1,registered_monthly_flux_weighted_baseline,month_only_unverified_aggregation,61,-1,Beijiang
长坝,长坝,34,56,2023,10,0.39444835566993225,113.663,24.8644,formal_2016_2024,[],E:\SPARROW\0_water_quality\data\preprocess\csv\长坝.csv,95.0,prepared_authoritative_station_csv,missing_section_code_and_raw_row_link,True,,8526,True,ordinary_internal,registered reach geometry; frozen river-domain eligibility,-1,registered_monthly_flux_weighted_baseline,month_only_unverified_aggregation,61,-1,Beijiang
长坝,长坝,34,56,2023,11,0.39444835566993225,113.663,24.8644,formal_2016_2024,[],E:\SPARROW\0_water_quality\data\preprocess\csv\长坝.csv,96.0,prepared_authoritative_station_csv,missing_section_code_and_raw_row_link,True,,8527,True,ordinary_internal,registered reach geometry; frozen river-domain eligibility,-1,registered_monthly_flux_weighted_baseline,month_only_unverified_aggregation,61,-1,Beijiang
长坝,长坝,34,56,2023,12,0.39444835566993225,113.663,24.8644,formal_2016_2024,[],E:\SPARROW\0_water_quality\data\preprocess\csv\长坝.csv,97.0,prepared_authoritative_station_csv,missing_section_code_and_raw_row_link,True,,8528,True,ordinary_internal,registered reach geometry; frozen river-domain eligibility,-1,registered_monthly_flux_weighted_baseline,month_only_unverified_aggregation,61,-1,Beijiang
马头福水,马头福水,7,22,2023,2,0.6400808833444288,114.3734,24.1394,formal_2016_2024,[],E:\SPARROW\0_water_quality\data\preprocess\csv\马头福水.csv,87.0,prepared_authoritative_station_csv,missing_section_code_and_raw_row_link,True,,9158,True,ordinary_internal,registered reach geometry; frozen river-domain eligibility,-1,registered_monthly_flux_weighted_baseline,month_only_unverified_aggregation,55,-1,Dongjiang
马头福水,马头福水,7,22,2023,4,0.6400808833444288,114.3734,24.1394,formal_2016_2024,[],E:\SPARROW\0_water_quality\data\preprocess\csv\马头福水.csv,89.0,prepared_authoritative_station_csv,missing_section_code_and_raw_row_link,True,,9159,True,ordinary_internal,registered reach geometry; frozen river-domain eligibility,-1,registered_monthly_flux_weighted_baseline,month_only_unverified_aggregation,55,-1,Dongjiang
马头福水,马头福水,7,22,2023,7,0.6400808833444288,114.3734,24.1394,formal_2016_2024,[],E:\SPARROW\0_water_quality\data\preprocess\csv\马头福水.csv,92.0,prepared_authoritative_station_csv,missing_section_code_and_raw_row_link,True,,9160,True,ordinary_internal,registered reach geometry; frozen river-domain eligibility,-1,registered_monthly_flux_weighted_baseline,month_only_unverified_aggregation,55,-1,Dongjiang
马头福水,马头福水,7,22,2023,10,0.6400808833444288,114.3734,24.1394,formal_2016_2024,[],E:\SPARROW\0_water_quality\data\preprocess\csv\马头福水.csv,95.0,prepared_authoritative_station_csv,missing_section_code_and_raw_row_link,True,,9161,True,ordinary_internal,registered reach geometry; frozen river-domain eligibility,-1,registered_monthly_flux_weighted_baseline,month_only_unverified_aggregation,55,-1,Dongjiang
高桥,高桥,36,56,2023,1,0.26651974181257415,113.5778,24.5103,formal_2016_2024,[],E:\SPARROW\0_water_quality\data\preprocess\csv\高桥.csv,86.0,prepared_authoritative_station_csv,missing_section_code_and_raw_row_link,True,,9403,True,ordinary_internal,registered reach geometry; frozen river-domain eligibility,-1,registered_monthly_flux_weighted_baseline,month_only_unverified_aggregation,59,-1,Beijiang
高桥,高桥,36,56,2023,2,0.26651974181257415,113.5778,24.5103,formal_2016_2024,[],E:\SPARROW\0_water_quality\data\preprocess\csv\高桥.csv,87.0,prepared_authoritative_station_csv,missing_section_code_and_raw_row_link,True,,9404,True,ordinary_internal,registered reach geometry; frozen river-domain eligibility,-1,registered_monthly_flux_weighted_baseline,month_only_unverified_aggregation,59,-1,Beijiang
高桥,高桥,36,56,2023,3,0.26651974181257415,113.5778,24.5103,formal_2016_2024,[],E:\SPARROW\0_water_quality\data\preprocess\csv\高桥.csv,88.0,prepared_authoritative_station_csv,missing_section_code_and_raw_row_link,True,,9405,True,ordinary_internal,registered reach geometry; frozen river-domain eligibility,-1,registered_monthly_flux_weighted_baseline,month_only_unverified_aggregation,59,-1,Beijiang
高桥,高桥,36,56,2023,4,0.26651974181257415,113.5778,24.5103,formal_2016_2024,[],E:\SPARROW\0_water_quality\data\preprocess\csv\高桥.csv,89.0,prepared_authoritative_station_csv,missing_section_code_and_raw_row_link,True,,9406,True,ordinary_internal,registered reach geometry; frozen river-domain eligibility,-1,registered_monthly_flux_weighted_baseline,month_only_unverified_aggregation,59,-1,Beijiang
高桥,高桥,36,56,2023,5,0.26651974181257415,113.5778,24.5103,formal_2016_2024,[],E:\SPARROW\0_water_quality\data\preprocess\csv\高桥.csv,90.0,prepared_authoritative_station_csv,missing_section_code_and_raw_row_link,True,,9407,True,ordinary_internal,registered reach geometry; frozen river-domain eligibility,-1,registered_monthly_flux_weighted_baseline,month_only_unverified_aggregation,59,-1,Beijiang
高桥,高桥,36,56,2023,6,0.26651974181257415,113.5778,24.5103,formal_2016_2024,[],E:\SPARROW\0_water_quality\data\preprocess\csv\高桥.csv,91.0,prepared_authoritative_station_csv,missing_section_code_and_raw_row_link,True,,9408,True,ordinary_internal,registered reach geometry; frozen river-domain eligibility,-1,registered_monthly_flux_weighted_baseline,month_only_unverified_aggregation,59,-1,Beijiang
高桥,高桥,36,56,2023,7,0.26651974181257415,113.5778,24.5103,formal_2016_2024,[],E:\SPARROW\0_water_quality\data\preprocess\csv\高桥.csv,92.0,prepared_authoritative_station_csv,missing_section_code_and_raw_row_link,True,,9409,True,ordinary_internal,registered reach geometry; frozen river-domain eligibility,-1,registered_monthly_flux_weighted_baseline,month_only_unverified_aggregation,59,-1,Beijiang
高桥,高桥,36,56,2023,8,0.26651974181257415,113.5778,24.5103,formal_2016_2024,[],E:\SPARROW\0_water_quality\data\preprocess\csv\高桥.csv,93.0,prepared_authoritative_station_csv,missing_section_code_and_raw_row_link,True,,9410,True,ordinary_internal,registered reach geometry; frozen river-domain eligibility,-1,registered_monthly_flux_weighted_baseline,month_only_unverified_aggregation,59,-1,Beijiang
高桥,高桥,36,56,2023,9,0.26651974181257415,113.5778,24.5103,formal_2016_2024,[],E:\SPARROW\0_water_quality\data\preprocess\csv\高桥.csv,94.0,prepared_authoritative_station_csv,missing_section_code_and_raw_row_link,True,,9411,True,ordinary_internal,registered reach geometry; frozen river-domain eligibility,-1,registered_monthly_flux_weighted_baseline,month_only_unverified_aggregation,59,-1,Beijiang
高桥,高桥,36,56,2023,10,0.26651974181257415,113.5778,24.5103,formal_2016_2024,[],E:\SPARROW\0_water_quality\data\preprocess\csv\高桥.csv,95.0,prepared_authoritative_station_csv,missing_section_code_and_raw_row_link,True,,9412,True,ordinary_internal,registered reach geometry; frozen river-domain eligibility,-1,registered_monthly_flux_weighted_baseline,month_only_unverified_aggregation,59,-1,Beijiang
高桥,高桥,36,56,2023,11,0.26651974181257415,113.5778,24.5103,formal_2016_2024,[],E:\SPARROW\0_water_quality\data\preprocess\csv\高桥.csv,96.0,prepared_authoritative_station_csv,missing_section_code_and_raw_row_link,True,,9413,True,ordinary_internal,registered reach geometry; frozen river-domain eligibility,-1,registered_monthly_flux_weighted_baseline,month_only_unverified_aggregation,59,-1,Beijiang
高桥,高桥,36,56,2023,12,0.26651974181257415,113.5778,24.5103,formal_2016_2024,[],E:\SPARROW\0_water_quality\data\preprocess\csv\高桥.csv,97.0,prepared_authoritative_station_csv,missing_section_code_and_raw_row_link,True,,9414,True,ordinary_internal,registered reach geometry; frozen river-domain eligibility,-1,registered_monthly_flux_weighted_baseline,month_only_unverified_aggregation,59,-1,Beijiang
龙川城铁路桥,龙川城铁路桥,26,22,2023,1,0.18533145795737987,115.2518,24.1245,formal_2016_2024,[],E:\SPARROW\0_water_quality\data\preprocess\csv\龙川城铁路桥.csv,86.0,prepared_authoritative_station_csv,missing_section_code_and_raw_row_link,True,,9828,True,ordinary_internal,registered reach geometry; frozen river-domain eligibility,-1,registered_monthly_flux_weighted_baseline,month_only_unverified_aggregation,48,-1,Dongjiang
龙川城铁路桥,龙川城铁路桥,26,22,2023,2,0.18533145795737987,115.2518,24.1245,formal_2016_2024,[],E:\SPARROW\0_water_quality\data\preprocess\csv\龙川城铁路桥.csv,87.0,prepared_authoritative_station_csv,missing_section_code_and_raw_row_link,True,,9829,True,ordinary_internal,registered reach geometry; frozen river-domain eligibility,-1,registered_monthly_flux_weighted_baseline,month_only_unverified_aggregation,48,-1,Dongjiang
龙川城铁路桥,龙川城铁路桥,26,22,2023,3,0.18533145795737987,115.2518,24.1245,formal_2016_2024,[],E:\SPARROW\0_water_quality\data\preprocess\csv\龙川城铁路桥.csv,88.0,prepared_authoritative_station_csv,missing_section_code_and_raw_row_link,True,,9830,True,ordinary_internal,registered reach geometry; frozen river-domain eligibility,-1,registered_monthly_flux_weighted_baseline,month_only_unverified_aggregation,48,-1,Dongjiang
龙川城铁路桥,龙川城铁路桥,26,22,2023,4,0.18533145795737987,115.2518,24.1245,formal_2016_2024,[],E:\SPARROW\0_water_quality\data\preprocess\csv\龙川城铁路桥.csv,89.0,prepared_authoritative_station_csv,missing_section_code_and_raw_row_link,True,,9831,True,ordinary_internal,registered reach geometry; frozen river-domain eligibility,-1,registered_monthly_flux_weighted_baseline,month_only_unverified_aggregation,48,-1,Dongjiang
龙川城铁路桥,龙川城铁路桥,26,22,2023,5,0.18533145795737987,115.2518,24.1245,formal_2016_2024,[],E:\SPARROW\0_water_quality\data\preprocess\csv\龙川城铁路桥.csv,90.0,prepared_authoritative_station_csv,missing_section_code_and_raw_row_link,True,,9832,True,ordinary_internal,registered reach geometry; frozen river-domain eligibility,-1,registered_monthly_flux_weighted_baseline,month_only_unverified_aggregation,48,-1,Dongjiang
龙川城铁路桥,龙川城铁路桥,26,22,2023,6,0.18533145795737987,115.2518,24.1245,formal_2016_2024,[],E:\SPARROW\0_water_quality\data\preprocess\csv\龙川城铁路桥.csv,91.0,prepared_authoritative_station_csv,missing_section_code_and_raw_row_link,True,,9833,True,ordinary_internal,registered reach geometry; frozen river-domain eligibility,-1,registered_monthly_flux_weighted_baseline,month_only_unverified_aggregation,48,-1,Dongjiang
龙川城铁路桥,龙川城铁路桥,26,22,2023,7,0.18533145795737987,115.2518,24.1245,formal_2016_2024,[],E:\SPARROW\0_water_quality\data\preprocess\csv\龙川城铁路桥.csv,92.0,prepared_authoritative_station_csv,missing_section_code_and_raw_row_link,True,,9834,True,ordinary_internal,registered reach geometry; frozen river-domain eligibility,-1,registered_monthly_flux_weighted_baseline,month_only_unverified_aggregation,48,-1,Dongjiang
龙川城铁路桥,龙川城铁路桥,26,22,2023,8,0.18533145795737987,115.2518,24.1245,formal_2016_2024,[],E:\SPARROW\0_water_quality\data\preprocess\csv\龙川城铁路桥.csv,93.0,prepared_authoritative_station_csv,missing_section_code_and_raw_row_link,True,,9835,True,ordinary_internal,registered reach geometry; frozen river-domain eligibility,-1,registered_monthly_flux_weighted_baseline,month_only_unverified_aggregation,48,-1,Dongjiang
龙川城铁路桥,龙川城铁路桥,26,22,2023,9,0.18533145795737987,115.2518,24.1245,formal_2016_2024,[],E:\SPARROW\0_water_quality\data\preprocess\csv\龙川城铁路桥.csv,94.0,prepared_authoritative_station_csv,missing_section_code_and_raw_row_link,True,,9836,True,ordinary_internal,registered reach geometry; frozen river-domain eligibility,-1,registered_monthly_flux_weighted_baseline,month_only_unverified_aggregation,48,-1,Dongjiang
龙川城铁路桥,龙川城铁路桥,26,22,2023,10,0.18533145795737987,115.2518,24.1245,formal_2016_2024,[],E:\SPARROW\0_water_quality\data\preprocess\csv\龙川城铁路桥.csv,95.0,prepared_authoritative_station_csv,missing_section_code_and_raw_row_link,True,,9837,True,ordinary_internal,registered reach geometry; frozen river-domain eligibility,-1,registered_monthly_flux_weighted_baseline,month_only_unverified_aggregation,48,-1,Dongjiang
龙川城铁路桥,龙川城铁路桥,26,22,2023,11,0.18533145795737987,115.2518,24.1245,formal_2016_2024,[],E:\SPARROW\0_water_quality\data\preprocess\csv\龙川城铁路桥.csv,96.0,prepared_authoritative_station_csv,missing_section_code_and_raw_row_link,True,,9838,True,ordinary_internal,registered reach geometry; frozen river-domain eligibility,-1,registered_monthly_flux_weighted_baseline,month_only_unverified_aggregation,48,-1,Dongjiang
龙川城铁路桥,龙川城铁路桥,26,22,2023,12,0.18533145795737987,115.2518,24.1245,formal_2016_2024,[],E:\SPARROW\0_water_quality\data\preprocess\csv\龙川城铁路桥.csv,97.0,prepared_authoritative_station_csv,missing_section_code_and_raw_row_link,True,,9839,True,ordinary_internal,registered reach geometry; frozen river-domain eligibility,-1,registered_monthly_flux_weighted_baseline,month_only_unverified_aggregation,48,-1,Dongjiang
龙归,龙归,18,56,2023,2,0.873052294168531,113.4749,24.7049,formal_2016_2024,[],E:\SPARROW\0_water_quality\data\preprocess\csv\龙归.csv,87.0,prepared_authoritative_station_csv,missing_section_code_and_raw_row_link,True,,9887,True,ordinary_internal,registered reach geometry; frozen river-domain eligibility,-1,registered_monthly_flux_weighted_baseline,month_only_unverified_aggregation,74,-1,Beijiang
龙归,龙归,18,56,2023,4,0.873052294168531,113.4749,24.7049,formal_2016_2024,[],E:\SPARROW\0_water_quality\data\preprocess\csv\龙归.csv,89.0,prepared_authoritative_station_csv,missing_section_code_and_raw_row_link,True,,9888,True,ordinary_internal,registered reach geometry; frozen river-domain eligibility,-1,registered_monthly_flux_weighted_baseline,month_only_unverified_aggregation,74,-1,Beijiang
龙归,龙归,18,56,2023,7,0.873052294168531,113.4749,24.7049,formal_2016_2024,[],E:\SPARROW\0_water_quality\data\preprocess\csv\龙归.csv,92.0,prepared_authoritative_station_csv,missing_section_code_and_raw_row_link,True,,9889,True,ordinary_internal,registered reach geometry; frozen river-domain eligibility,-1,registered_monthly_flux_weighted_baseline,month_only_unverified_aggregation,74,-1,Beijiang
龙归,龙归,18,56,2023,10,0.873052294168531,113.4749,24.7049,formal_2016_2024,[],E:\SPARROW\0_water_quality\data\preprocess\csv\龙归.csv,95.0,prepared_authoritative_station_csv,missing_section_code_and_raw_row_link,True,,9890,True,ordinary_internal,registered reach geometry; frozen river-domain eligibility,-1,registered_monthly_flux_weighted_baseline,month_only_unverified_aggregation,74,-1,Beijiang
