common_stations,baseline_median,candidate_median,median_difference,median_paired_difference,improved_fraction,context,task,baseline,candidate,block_months,replicates,median_difference_p025,median_difference_p975,median_difference_defined_replicates,median_paired_difference_p025,median_paired_difference_p975,median_paired_difference_defined_replicates,improved_fraction_p025,improved_fraction_p975,improved_fraction_defined_replicates,centered_median_paired_difference_p025,centered_median_paired_difference_p975,centered_median_paired_difference_defined_replicates,bootstrap_common_stations_min,bootstrap_common_stations_max
2,-1.4248484349436175,0.5592390026270064,1.984087437570624,1.9840874375706241,1.0,S24_B56,hf_monthly,hfmean_S24_daily_ridge_B56,hfmean_fixed_recipe_F24_daily_CatBoost_c0_s1729_same_recipe_global_forecast_B56,2,1000,0.7319627473396059,11.718170282847847,1000,0.7319627473396058,11.718170282847847,1000,1.0,1.0,1000,,,0,2,2
2,-1.4248484349436175,-0.4909591996739685,0.933889235269649,0.9338892352696491,0.5,S24_B56,hf_monthly,hfmean_S24_daily_ridge_B56,hfmean_joint_fixed_recipe_F24_GraphTCN_c0_s1729_same_recipe_global_forecast_B56,1,1000,-0.5373843403275536,6.993554553576072,1000,-0.5373843403275536,6.993554553576073,1000,0.5,1.0,1000,,,0,2,2
2,-1.4248484349436175,-0.4909591996739685,0.933889235269649,0.9338892352696491,0.5,S24_B56,hf_monthly,hfmean_S24_daily_ridge_B56,hfmean_joint_fixed_recipe_F24_GraphTCN_c0_s1729_same_recipe_global_forecast_B56,2,1000,-0.7833937583432313,10.669250579129285,1000,-0.7833937583432313,10.669250579129285,1000,0.0,1.0,1000,,,0,2,2
2,-1.4248484349436175,-3.0434883501769097,-1.6186399152332922,-1.6186399152332922,0.5,S24_B56,hf_monthly,hfmean_S24_daily_ridge_B56,hfmean_joint_fixed_recipe_F24_Transformer_c0_s1729_same_recipe_global_forecast_B56,1,1000,-8.007941315047065,4.426127643940649,1000,-8.007941315047063,4.42612764394065,1000,0.0,0.5,1000,,,0,2,2
2,-1.4248484349436175,-3.0434883501769097,-1.6186399152332922,-1.6186399152332922,0.5,S24_B56,hf_monthly,hfmean_S24_daily_ridge_B56,hfmean_joint_fixed_recipe_F24_Transformer_c0_s1729_same_recipe_global_forecast_B56,2,1000,-8.507825882052614,7.981833153606785,1000,-8.507825882052616,7.981833153606786,1000,0.0,0.5,1000,,,0,2,2
2,-1.4248484349436175,-0.06027361128357017,1.3645748236600472,1.3645748236600475,1.0,S24_B56,hf_monthly,hfmean_S24_daily_ridge_B56,hfmean_joint_fixed_recipe_F24_XGBoost_c0_s1729_same_recipe_global_forecast_B56,1,1000,-0.028011208717486864,6.941915213557278,1000,-0.028011208717486757,6.9419152135572775,1000,0.5,1.0,1000,,,0,2,2
2,-1.4248484349436175,-0.06027361128357017,1.3645748236600472,1.3645748236600475,1.0,S24_B56,hf_monthly,hfmean_S24_daily_ridge_B56,hfmean_joint_fixed_recipe_F24_XGBoost_c0_s1729_same_recipe_global_forecast_B56,2,1000,-0.07432554478180421,9.92161942728226,1000,-0.07432554478180416,9.92161942728226,1000,0.5,1.0,1000,,,0,2,2
2,-1.4248484349436175,-6.965266912810369,-5.540418477866751,-5.540418477866751,0.0,S24_B56,hf_monthly,hfmean_S24_daily_ridge_B56,hfmean_S24_daily_CatBoost_c0_seedmean_B56,1,1000,-13.420976482204185,-3.9293876064572757,1000,-13.420976482204187,-3.9293876064572757,1000,0.0,0.0,1000,,,0,2,2
2,-1.4248484349436175,-6.965266912810369,-5.540418477866751,-5.540418477866751,0.0,S24_B56,hf_monthly,hfmean_S24_daily_ridge_B56,hfmean_S24_daily_CatBoost_c0_seedmean_B56,2,1000,-13.413207897458358,-4.402059147450042,1000,-13.413207897458356,-4.402059147450043,1000,0.0,0.0,1000,,,0,2,2
2,-1.4248484349436175,-2.1456041089272073,-0.7207556739835899,-0.7207556739835898,0.0,S24_B56,hf_monthly,hfmean_S24_daily_ridge_B56,hfmean_joint_S24_GraphTCN_c0_seedmean_B56,1,1000,-4.297874218318303,0.8935259151860183,1000,-4.297874218318304,0.893525915186018,1000,0.0,0.5,1000,,,0,2,2
2,-1.4248484349436175,-2.1456041089272073,-0.7207556739835899,-0.7207556739835898,0.0,S24_B56,hf_monthly,hfmean_S24_daily_ridge_B56,hfmean_joint_S24_GraphTCN_c0_seedmean_B56,2,1000,-3.973540255419215,2.8042149354691817,1000,-3.973540255419215,2.8042149354691808,1000,0.0,0.5,1000,,,0,2,2
2,-1.4248484349436175,-6.364792926402845,-4.939944491459228,-4.939944491459227,0.5,S24_B56,hf_monthly,hfmean_S24_daily_ridge_B56,hfmean_joint_S24_Transformer_c0_seedmean_B56,1,1000,-18.29485318391742,0.39145782869374124,1000,-18.29485318391742,0.39145782869374124,1000,0.5,0.5,1000,,,0,2,2
2,-1.4248484349436175,-6.364792926402845,-4.939944491459228,-4.939944491459227,0.5,S24_B56,hf_monthly,hfmean_S24_daily_ridge_B56,hfmean_joint_S24_Transformer_c0_seedmean_B56,2,1000,-14.844936750340901,2.510205251200149,1000,-14.844936750340901,2.5102052512001496,1000,0.5,0.5,1000,,,0,2,2
2,-1.4248484349436175,-0.9830953287670237,0.4417531061765938,0.4417531061765939,0.5,S24_B56,hf_monthly,hfmean_S24_daily_ridge_B56,hfmean_joint_S24_XGBoost_c0_seedmean_B56,1,1000,-0.9577591558581057,3.0127338041612868,1000,-0.9577591558581057,3.0127338041612868,1000,0.0,1.0,1000,,,0,2,2
2,-1.4248484349436175,-0.9830953287670237,0.4417531061765938,0.4417531061765939,0.5,S24_B56,hf_monthly,hfmean_S24_daily_ridge_B56,hfmean_joint_S24_XGBoost_c0_seedmean_B56,2,1000,-1.1876551099485335,4.345388003473532,1000,-1.1876551099485335,4.345388003473532,1000,0.0,1.0,1000,,,0,2,2
2,0.5592390026270064,-8.872593750085024,-9.43183275271203,-9.43183275271203,0.0,S24_B56,hf_monthly,hfmean_fixed_recipe_F24_daily_CatBoost_c0_s1729_same_recipe_global_forecast_B56,hfmean_S24_daily_CatBoost_c0_s1729_B56,1,1000,-23.89790767461425,-6.8305713390449165,1000,-23.89790767461425,-6.830571339044916,1000,0.0,0.0,1000,,,0,2,2
2,0.5592390026270064,-8.872593750085024,-9.43183275271203,-9.43183275271203,0.0,S24_B56,hf_monthly,hfmean_fixed_recipe_F24_daily_CatBoost_c0_s1729_same_recipe_global_forecast_B56,hfmean_S24_daily_CatBoost_c0_s1729_B56,2,1000,-25.402578604978373,-7.238600583077275,1000,-25.402578604978373,-7.238600583077275,1000,0.0,0.0,1000,,,0,2,2
2,-0.4909591996739685,-2.441295787485666,-1.9503365878116972,-1.9503365878116972,0.0,S24_B56,hf_monthly,hfmean_joint_fixed_recipe_F24_GraphTCN_c0_s1729_same_recipe_global_forecast_B56,hfmean_joint_S24_GraphTCN_c0_s1729_B56,1,1000,-9.59375757912218,-0.15996761751635777,1000,-9.59375757912218,-0.15996761751635766,1000,0.0,0.5,1000,,,0,2,2
2,-0.4909591996739685,-2.441295787485666,-1.9503365878116972,-1.9503365878116972,0.0,S24_B56,hf_monthly,hfmean_joint_fixed_recipe_F24_GraphTCN_c0_s1729_same_recipe_global_forecast_B56,hfmean_joint_S24_GraphTCN_c0_s1729_B56,2,1000,-12.789111291024964,0.04955050128052187,1000,-12.789111291024964,0.049550501280521866,1000,0.0,0.5,1000,,,0,2,2
2,-3.0434883501769097,-11.866433150543106,-8.822944800366196,-8.822944800366196,0.0,S24_B56,hf_monthly,hfmean_joint_fixed_recipe_F24_Transformer_c0_s1729_same_recipe_global_forecast_B56,hfmean_joint_S24_Transformer_c0_s1729_B56,1,1000,-26.14425534777768,-3.215628490883472,1000,-26.144255347777683,-3.2156284908834722,1000,0.0,0.5,1000,,,0,2,2
2,-3.0434883501769097,-11.866433150543106,-8.822944800366196,-8.822944800366196,0.0,S24_B56,hf_monthly,hfmean_joint_fixed_recipe_F24_Transformer_c0_s1729_same_recipe_global_forecast_B56,hfmean_joint_S24_Transformer_c0_s1729_B56,2,1000,-23.775407253961344,-2.1935478910687087,1000,-23.775407253961344,-2.1935478910687083,1000,0.0,0.5,1000,,,0,2,2
2,-0.06027361128357017,-1.5424422136076665,-1.4821686023240963,-1.4821686023240965,0.0,S24_B56,hf_monthly,hfmean_joint_fixed_recipe_F24_XGBoost_c0_s1729_same_recipe_global_forecast_B56,hfmean_joint_S24_XGBoost_c0_s1729_B56,1,1000,-8.581208954178623,-0.23397816039395844,1000,-8.581208954178623,-0.23397816039395822,1000,0.0,0.5,1000,,,0,2,2
2,-0.06027361128357017,-1.5424422136076665,-1.4821686023240963,-1.4821686023240965,0.0,S24_B56,hf_monthly,hfmean_joint_fixed_recipe_F24_XGBoost_c0_s1729_same_recipe_global_forecast_B56,hfmean_joint_S24_XGBoost_c0_s1729_B56,2,1000,-12.337077955313356,-0.1071844657499854,1000,-12.337077955313356,-0.1071844657499854,1000,0.0,0.5,1000,,,0,2,2
