job,task,period,kind,eligible_stations,total_station_rows,NSE_median,RMSE_median,bias_median,correlation_median,amplitude_ratio_median,month_centered_NSE_median
joint_S24_XGBoost_c0_seedmean_B113,daily,2021,three_seed_prediction_mean,0,11,,,,,,
joint_S24_XGBoost_c0_seedmean_B113,daily,2022,three_seed_prediction_mean,12,12,-0.8355253427513862,0.8641175008839717,-0.5895259129378653,0.6790748478247558,0.19857208744609878,0.18150493332501438
joint_S24_XGBoost_c0_seedmean_B113,daily,2023,three_seed_prediction_mean,12,12,-0.1021448390184965,0.761151738908578,-0.32657745166607716,0.7709215253121866,0.21194340202137896,0.1955767185262816
joint_S24_XGBoost_c0_seedmean_B113,daily,all_training,three_seed_prediction_mean,12,12,-0.339522343985621,0.7944544534264967,-0.4494559810947357,0.7195348955312131,0.21125560373480184,0.1689642032252014
joint_S24_XGBoost_c0_seedmean_B113,monthly,2016,three_seed_prediction_mean,47,51,0.052941434525222,0.3414841546066621,0.0436824234910289,0.4880646791322792,0.2418247852573925,
joint_S24_XGBoost_c0_seedmean_B113,monthly,2017,three_seed_prediction_mean,50,58,0.03427885370448465,0.3017518522105742,0.0141522850919251,0.48070045220752305,0.3442643504266012,
joint_S24_XGBoost_c0_seedmean_B113,monthly,2018,three_seed_prediction_mean,52,52,0.1311118398887251,0.3805920244902731,-0.0084773621366062,0.6583179612986598,0.27093007819127873,
joint_S24_XGBoost_c0_seedmean_B113,monthly,2019,three_seed_prediction_mean,52,52,0.12574386348360236,0.3490997361174333,0.00888949752174965,0.6630948347177159,0.37819936496265627,
joint_S24_XGBoost_c0_seedmean_B113,monthly,2020,three_seed_prediction_mean,52,52,0.17659908408945868,0.37326768252485376,0.028504561017533146,0.6664545887559485,0.3233671359010126,
joint_S24_XGBoost_c0_seedmean_B113,monthly,2021,three_seed_prediction_mean,100,100,0.14719630666960198,0.35097050218328596,0.0009958044281099501,0.6847170374174737,0.32369700101097654,
joint_S24_XGBoost_c0_seedmean_B113,monthly,2022,three_seed_prediction_mean,73,100,0.169845807931031,0.3568641994283137,0.0355958695689955,0.7468567340084591,0.3947486004763478,
joint_S24_XGBoost_c0_seedmean_B113,monthly,2023,three_seed_prediction_mean,65,100,0.275532843251093,0.3878434795032785,-0.009221342747157,0.8165239914000567,0.395734459077284,
joint_S24_XGBoost_c0_seedmean_B113,monthly,all_training,three_seed_prediction_mean,100,100,0.3377259778197437,0.378331299682025,0.013515794765671649,0.6629376807496907,0.38667567620571824,
joint_S24_XGBoost_c0_seedmean_B191,daily,2021,three_seed_prediction_mean,0,10,,,,,,
joint_S24_XGBoost_c0_seedmean_B191,daily,2022,three_seed_prediction_mean,11,11,-0.3197735561649619,0.5137245773595938,-0.1782286630370835,0.6826218297428818,0.1619006497208032,0.1468546736233328
joint_S24_XGBoost_c0_seedmean_B191,daily,2023,three_seed_prediction_mean,11,11,-0.1779223277770372,0.621075220981482,-0.2452118862216685,0.7637506952761975,0.1514107429853416,0.1907921068048278
joint_S24_XGBoost_c0_seedmean_B191,daily,all_training,three_seed_prediction_mean,11,11,-0.2881170091192691,0.5968944282390993,-0.1771963795534394,0.7014836328593491,0.1568000860623539,0.1593510169599993
joint_S24_XGBoost_c0_seedmean_B191,monthly,2016,three_seed_prediction_mean,51,55,-0.00056284994225,0.3195508958765259,0.0516635065480541,0.4981746160345761,0.2336314534325431,
joint_S24_XGBoost_c0_seedmean_B191,monthly,2017,three_seed_prediction_mean,54,56,0.08187839103053329,0.2965507417876245,0.0219133873952496,0.5071004653969007,0.3382427545721899,
joint_S24_XGBoost_c0_seedmean_B191,monthly,2018,three_seed_prediction_mean,50,50,0.165542787116423,0.31957944855513065,0.0300619748000542,0.6194423544193257,0.2942101093589464,
joint_S24_XGBoost_c0_seedmean_B191,monthly,2019,three_seed_prediction_mean,50,50,0.15768667619813104,0.3282776567769344,0.04406137500019165,0.6380568139237985,0.33232973131383703,
joint_S24_XGBoost_c0_seedmean_B191,monthly,2020,three_seed_prediction_mean,50,50,0.18160083038831104,0.3413234672539214,-0.00897990341854265,0.6184674724236061,0.3252523137119179,
joint_S24_XGBoost_c0_seedmean_B191,monthly,2021,three_seed_prediction_mean,98,98,0.23501594744803267,0.3226504877531054,0.01181784059542865,0.7264258470179027,0.34736520377478597,
joint_S24_XGBoost_c0_seedmean_B191,monthly,2022,three_seed_prediction_mean,70,98,0.29017611072807215,0.31403050683851524,0.025738695393096,0.7926998667105603,0.4049333773083694,
joint_S24_XGBoost_c0_seedmean_B191,monthly,2023,three_seed_prediction_mean,62,98,0.2589873002156302,0.36494617890200176,-0.0017578858181706001,0.8447434318372208,0.35499287191171847,
joint_S24_XGBoost_c0_seedmean_B191,monthly,all_training,three_seed_prediction_mean,98,98,0.38814127880445065,0.333187354718522,0.020104509229591352,0.7237169913272219,0.40008198881553136,
joint_S24_XGBoost_c0_seedmean_B56,daily,2021,three_seed_prediction_mean,0,12,,,,,,
joint_S24_XGBoost_c0_seedmean_B56,daily,2022,three_seed_prediction_mean,13,13,-0.6695529110472194,0.6466159464626676,-0.3866279952736315,0.6963336367660453,0.190222487393572,0.2156924261258166
joint_S24_XGBoost_c0_seedmean_B56,daily,2023,three_seed_prediction_mean,13,13,-0.8318885127034592,0.6866316857207038,-0.3475147492172779,0.7679047469671353,0.1900384979070103,0.1774764098578402
joint_S24_XGBoost_c0_seedmean_B56,daily,all_training,three_seed_prediction_mean,13,13,-0.6638156207192294,0.6127870726429963,-0.4641030457925805,0.6876495779715839,0.2086708333049976,0.1647151932454514
joint_S24_XGBoost_c0_seedmean_B56,monthly,2016,three_seed_prediction_mean,53,57,0.0033809995865095,0.3694705425131054,0.0400091640689235,0.3860851972567474,0.21298517512097,
joint_S24_XGBoost_c0_seedmean_B56,monthly,2017,three_seed_prediction_mean,56,64,0.08934360913247215,0.28869499233255047,-0.0065588130326083,0.5045115788189037,0.29334284300626445,
joint_S24_XGBoost_c0_seedmean_B56,monthly,2018,three_seed_prediction_mean,58,58,0.06696389957317564,0.3317046030603429,0.019740920521099048,0.5135654673751922,0.2668376703127448,
joint_S24_XGBoost_c0_seedmean_B56,monthly,2019,three_seed_prediction_mean,58,58,0.0956034524768809,0.3411831989269539,0.0359414179767242,0.6155695228923027,0.3630773185371696,
joint_S24_XGBoost_c0_seedmean_B56,monthly,2020,three_seed_prediction_mean,58,58,0.0985902870813622,0.390151997108862,-0.00401048268655395,0.6299244349339203,0.25239045036872204,
joint_S24_XGBoost_c0_seedmean_B56,monthly,2021,three_seed_prediction_mean,104,104,0.08100068116614585,0.35653462610025144,0.016673709215369648,0.6241414697298593,0.2854725346694919,
joint_S24_XGBoost_c0_seedmean_B56,monthly,2022,three_seed_prediction_mean,76,104,0.16325423996625055,0.37841165272683214,-0.026313611189672098,0.7305340518413947,0.34445682115294235,
joint_S24_XGBoost_c0_seedmean_B56,monthly,2023,three_seed_prediction_mean,70,104,0.21701383447690786,0.41511829416530105,0.0008855128728213,0.8088518534593707,0.37002976728252834,
joint_S24_XGBoost_c0_seedmean_B56,monthly,all_training,three_seed_prediction_mean,104,104,0.3171410620037204,0.3665281714728535,0.011101264001515551,0.6611102580920005,0.37092340092323384,
