station_key,reach_id,terminal_tree_id,rows,nse,nse_status,time_r,log_rmse,rmse_mg_l,bias_mg_l,dynamic_eligible,sd_ratio,abs_log_sd_ratio,alpha,delta,nse_identity
三溪桥,95,56,12,-0.3672198900148156,defined,-0.12783908371124317,0.18696502171070034,0.5489574235989567,0.13340169491275994,True,0.42245506693816864,0.8616721882827222,0.42245506693816864,0.28414621077886637,-0.36721989001481525
上中,115,20,12,-0.10531026045724712,defined,0.1473228622993268,0.23702528157973615,0.7506435096882882,-0.25431335290103374,True,0.15938185430713447,1.8364523565769246,0.15938185430713447,-0.35618656196587306,-0.1053102604572467
上洞,109,20,4,,fewer_than_8,,0.5168751306365376,2.375772186197835,-1.3102429771084825,False,0.013956405060500839,inf,0.013956405060500839,,
上金,108,20,12,-1.1686699213180156,defined,-0.3634056138924143,0.25816458923639335,0.6045740128123508,-0.4104839031705805,True,0.18522381894577575,1.686190353021647,0.18522381894577575,-0.9998696449788755,-1.1686699213180143
东江江口,21,22,12,-1.32202764154597,defined,-0.08842979624918663,0.24647366563108153,0.6690459091289941,-0.49701593360181856,True,0.131601306066896,2.027978335619682,0.131601306066896,-1.1320043217338929,-1.3220276415459684
乌都河,226,20,4,,fewer_than_8,,0.23334035029827796,0.8250339885649801,-0.5267947964178299,False,0.10999706328409611,inf,0.10999706328409611,,
九甸大桥,158,20,12,-0.3305061310145856,defined,0.7801174970202157,0.2701764377477261,1.8914441512192426,-1.51350859713357,True,0.484875461449627,0.7238632015346483,0.484875461449627,-0.9229959808167141,-0.3305061310145866
五马岗,26,26,4,,fewer_than_8,,0.32040509396872874,1.0086228026250605,0.9406283000761831,False,0.5021630569711696,inf,0.5021630569711696,,
交州,103,20,12,0.20578835144630803,defined,0.6847362388202828,0.1439423361907233,0.26766491949814347,0.07578664472446449,True,0.23818859223914127,1.4346925147311094,0.23818859223914127,0.2523302689735873,0.2057883514463083
京南,85,20,12,0.16197276649044912,defined,0.4800638450473124,0.18135832416167064,0.5244941169037477,0.05019968268079452,True,0.23346345281636313,1.4547297331112983,0.23346345281636313,0.0876172093980547,0.1619727664904494
从江大桥,172,20,12,-0.6715719627170589,defined,0.7457187280902634,0.166239822617631,0.3050575777928165,0.23838983717950749,True,0.2908811909509918,1.23484037369794,0.2908811909509918,1.01034211975484,-0.6715719627170613
八角电站,122,20,4,,fewer_than_8,,0.4102010162625354,1.0134152806260943,1.0122859070314298,False,0.8327150573098399,inf,0.8327150573098399,,
公庄河口(泰美),23,23,12,-0.789459095348436,defined,0.010268254642144363,0.2122768709911115,0.6449137830411387,-0.3633601207141662,True,0.48091264288823304,0.7320696409874683,0.48091264288823304,-0.7536964854729624,-0.7894590953484346
公篓,138,20,12,-2.7789665434501702,defined,-0.08905893351960013,0.18633350254144643,0.35064262584652256,0.28081484026023146,True,0.5135776334109675,0.6663540762093141,0.5135776334109675,1.556832426848811,-2.7789665434501702
六景,144,20,12,-2.339541815019645,defined,0.34872282983458136,0.27215543146617066,0.8293060280511112,-0.7099632617980863,True,0.23204394318651192,1.4608285149650013,0.23204394318651192,-1.5644601191714818,-2.3395418150196416
兴宁电站,92,22,12,-10.047552209032554,defined,-0.31957362134268946,0.5981062232961821,1.8255288272565624,-1.721824581151085,True,0.24756779009287558,1.3960708351118214,0.24756779009287558,-3.1349689197702615,-10.047552209032565
凤山糖厂,176,20,4,,fewer_than_8,,0.13774988154698817,0.28517807288486957,0.1669546980778108,False,0.2947200295046394,inf,0.2947200295046394,,
刘三姐故居,169,20,4,,fewer_than_8,,0.15970015304063864,0.4015552550117435,-0.3563744404151409,False,0.4535471786528626,inf,0.4535471786528626,,
北江石尾,59,56,12,-4.343627998700124,defined,-0.5876362637118865,0.28051119758651494,0.8069828155955898,-0.6802732798592306,True,0.3566350035761608,1.0310424191551402,0.3566350035761608,-1.9486652228906889,-4.343627998700128
十里亭,94,56,12,-2.8237070615507074,defined,-0.4047495472122775,0.32025149405621633,0.8816559192673985,0.6805146573493346,True,0.43756236868327897,0.8265360263543982,0.43756236868327897,1.5093176914949376,-2.823707061550707
南岸,10,20,12,-1.2665386780758778,defined,-0.15326391147421667,0.2435487845862386,0.7685399687497075,-0.5317218277696947,True,0.2996210697669154,1.205236703487035,0.2996210697669154,-1.0415967062171785,-1.2665386780758794
南江口,14,20,4,,fewer_than_8,,0.1887913155929482,0.4793577346781496,0.2714274028452363,False,0.5558371828670747,inf,0.5558371828670747,,
厂房大桥,210,20,12,-36.25198043205489,defined,-0.14265864878406062,0.6605863439602117,2.868165883339973,2.748976277932153,True,1.2898601778532313,0.25453382323797924,1.2898601778532313,5.849805273122986,-36.25198043205489
双苏村,168,20,4,,fewer_than_8,,0.10288577613881801,0.3024669953574601,0.2063237916490787,False,0.12472616961564678,inf,0.12472616961564678,,
发耳,208,20,12,-1.0605871473526585,defined,-0.6225360252155702,0.31883044039771574,1.1634061368662945,0.49287859754533153,True,0.4158777084476877,0.8773640320162209,0.4158777084476877,0.608140746688949,-1.060587147352659
古封,19,20,12,-1.0039287893809585,defined,0.4931142461571778,0.08751497250755495,0.27760830272356984,-0.21885900584296336,True,0.5329048625716523,0.6294123649853349,0.5329048625716523,-1.1160229191147806,-1.0039287893809583
古市,63,56,4,,fewer_than_8,,0.2827176839446878,0.6917848975036346,0.5418148268169596,False,0.740205027743399,inf,0.740205027743399,,
叮当,120,20,12,-0.3235851851701894,defined,0.24870739376715567,0.21930725923601405,0.7291793688869953,-0.3934703497786944,True,0.2420307779629324,1.418690379247343,0.2420307779629324,-0.6208026865969922,-0.3235851851701895
坝草,204,20,12,-0.5134216053985727,defined,-0.6880797761880546,0.2221297350496638,0.7969856967019289,-0.15979863108708928,True,0.2742263982218671,1.2938012428852042,0.2742263982218671,-0.2466621383393043,-0.5134216053985735
坡脚,167,20,12,0.09840180251404651,defined,0.6575331573290095,0.1072972148906316,0.4138672811980538,-0.1493044835064903,True,0.1921186887679746,1.6496419272766025,0.1921186887679746,-0.34254550489980196,0.09840180251404516
垒亭,149,20,12,-8.877309698831647,defined,0.4480635789190645,0.12612619142575276,0.3750499874034763,0.3593679324805577,True,0.5455142682445241,0.6060263177824756,0.5455142682445241,3.0114073176399447,-8.877309698831654
天生桥,190,20,12,-0.7068104028512343,defined,0.267813699259212,0.23024080512562206,1.6998531748247914,-0.5636965415382958,True,1.0364744603869662,0.03582501234599815,1.0364744603869662,-0.43323805772881935,-0.7068104028512346
官渡,64,56,4,,fewer_than_8,,0.6491748167515522,1.9434879364030124,-1.8122908040299315,False,0.12162642795380395,inf,0.12162642795380395,,
封开城上,18,20,12,-0.7674650261969649,defined,0.1658038252634329,0.09658768726397596,0.3125626367894427,-0.19754149646164829,True,0.4640894802449353,0.7676778999926931,0.4640894802449353,-0.84022711376223,-0.7674650261969643
小云尚大桥,227,20,4,,fewer_than_8,,0.328260240478568,1.4258568398158429,-1.3443651809226538,False,0.4052973444879324,inf,0.4052973444879324,,
山脚村,8,20,12,0.03330666650143643,defined,0.5598107210352866,0.16452064252994203,0.5682072349354256,0.3057046497593041,True,0.5759670792800111,0.551704773947358,0.5759670792800111,0.5289804807106576,0.033306666501437154
岔河口,207,20,12,-1.098325675149494,defined,-0.6473466910162724,0.2382272341835377,0.8441271222415209,0.3198905476654593,True,0.4553958817190885,0.7865881686101457,0.4553958817190885,0.5489464744364518,-1.0983256751494959
岜怀,202,20,4,,fewer_than_8,,0.2709756766290713,0.7800080319064877,0.17590833015544827,False,0.14665642350475852,inf,0.14665642350475852,,
布龙,105,20,4,,fewer_than_8,,0.2767523814682326,0.4681390526871085,0.44177625629297623,False,0.8789990632534073,inf,0.8789990632534073,,
平榔,9,20,11,0.17208711905549023,defined,0.5568266256287334,0.16300108044159814,0.7617570970271202,-0.2982587423557136,True,0.45172450085369553,0.794682796363113,0.45172450085369553,-0.3562615827188835,0.17208711905549015
平而关,111,20,4,,fewer_than_8,,0.3226615023717766,0.6916787727941803,0.6766409693244514,False,0.9363284645707807,inf,0.9363284645707807,,
底先,133,20,4,,fewer_than_8,,0.3530823182328836,0.5978920806104296,0.5542119919424437,False,0.44304649413881253,inf,0.44304649413881253,,
庙咀里,93,22,12,-17.882607307544774,defined,-0.4231095929193078,0.5000182229037683,1.1053727583658381,-1.0642060790640562,True,0.3247520493496748,1.1246933129057668,0.3247520493496748,-4.1835788506000275,-17.882607307544767
弄瓦,134,20,6,,fewer_than_8,,0.10395309220132616,0.20759762633535506,0.06494479205497923,False,0.45674538744948234,inf,0.45674538744948234,,
思留口,42,20,6,,fewer_than_8,,0.4504787192983848,1.090988900533366,0.901368471297733,False,0.18076368995827058,inf,0.18076368995827058,,
扒齿,78,20,4,,fewer_than_8,,0.4169048198729535,1.1752550352537416,0.5783941843406565,False,0.17014580074267788,inf,0.17014580074267788,,
打邦,225,20,12,-0.23186359371123189,defined,-0.10332934038230458,0.2534465778076875,0.8263428592624438,0.21606903489904453,True,0.2945629068870314,1.2222626929724913,0.2945629068870314,0.29021079555735335,-0.2318635937112322
新华,170,20,12,-2.7945448157575776,defined,0.4540057785733405,0.20332620859569864,0.3870539205415214,0.3439456038078689,True,0.3885051286731418,0.9454489080437021,0.3885051286731418,1.7310042540670467,-2.7945448157575763
新坪山桥,96,56,4,,fewer_than_8,,0.20073752242930318,0.4923311418414978,0.36266416484383035,False,0.39302765402561735,inf,0.39302765402561735,,
新荣甸,189,20,4,,fewer_than_8,,0.2340859242308438,0.47763900733013553,-0.4494207337845594,False,0.2771680289627427,inf,0.2771680289627427,,
昌林花园,39,20,12,-2.5388020870535644,defined,0.0953736975246166,0.3267512877608079,1.511717426564439,-1.269896814583297,True,0.3205545382476077,1.1377028509588458,0.3205545382476077,-1.5802505555146538,-2.538802087053568
木洞,175,20,12,-0.16214770528519673,defined,0.8184369645067315,0.1728209874561593,0.3233926434915294,0.22387376263561998,True,0.29398677835456183,1.2242204842378304,0.29398677835456183,0.7462833057231985,-0.1621477052851974
杨民,186,20,12,-53.42279285931335,defined,-0.16170437486331465,0.3974250206022992,1.0228774084514227,-1.0089516311140923,True,0.5439296474039635,0.6089353651144118,0.5439296474039635,-7.276745274556627,-53.42279285931337
松云,15,20,12,-0.3812920974773417,defined,0.48929138393966126,0.21480487751461314,0.7638491053993682,-0.5073066831512623,True,0.38240032411249203,0.9612872502307416,0.38240032411249203,-0.7805590670820226,-0.381292097477344
桂花,83,20,12,0.18366190958278372,defined,0.46504533738083476,0.14986766956544045,0.46232512730859415,-0.04266576874550047,True,0.30488022005720294,1.1878363006337864,0.30488022005720294,-0.08338100161054732,0.18366190958278356
棉江,113,20,12,-0.1919722967220301,defined,-0.1580836484588438,0.16751580189213902,0.3874134462847785,-0.09439214526615591,True,0.22428087316449186,1.494856114544963,0.22428087316449186,-0.2660077240153882,-0.19197229672202998
榕江,171,20,12,-0.5775278706800986,defined,0.5006348524508716,0.1260870943416086,0.24470233601752353,0.1752685731293743,True,0.3632874950760914,1.0125607607269753,0.3632874950760914,0.8996103765468524,-0.5775278706800991
武林渡口,33,20,12,-4.117425093116205,defined,0.5605904026794923,0.11364862562384588,0.35352353928650954,-0.3283113230482428,True,0.6953197927435313,0.36338340580234574,0.6953197927435313,-2.100841422893585,-4.117425093116216
永昌桥,158,20,12,-1.4683407884045088,defined,0.24053664759316098,0.23398241380066406,1.4784601203780423,-1.0044648577436919,True,0.8625119805874212,0.14790623963695435,0.8625119805874212,-1.0674012143456386,-1.4683407884045083
江边桥,193,20,12,-0.25103669020214525,defined,0.08850963833602514,0.2517647772908545,1.4029368121842176,-0.12021395727577917,True,0.5881946682609775,0.5306973174035334,0.5881946682609775,-0.09584110365296776,-0.25103669020214553
清水江小学,160,20,4,,fewer_than_8,,0.22239311843105128,0.6157208885644296,-0.5458372378188042,False,0.31894943341720255,inf,0.31894943341720255,,
渔村,90,20,12,-0.854102322877669,defined,0.5220198064267041,0.22644889611166324,0.6662015130332446,-0.4997712274687651,True,0.2336224413432973,1.4540489652479895,0.2336224413432973,-1.0214861531084942,-0.8541023228776684
渠立,114,20,12,0.07240469790606019,defined,0.2739993280474654,0.1574199869517975,0.4079787621265227,0.02181304614494108,True,0.27839076140930646,1.2787295356655017,0.27839076140930646,0.0514941664407799,0.07240469790606033
滃江大站,64,56,12,-17.738495044235307,defined,-0.331835385914787,0.6916952164657831,2.0453922057886955,-1.9816316931469136,True,0.1782301402869063,1.7246796408350542,0.1782301402869063,-4.193857761841847,-17.7384950442353
火电厂,10,20,12,-1.9751062898708596,defined,0.03510345161757495,0.15986898275856962,0.48974416811895416,-0.3417770745054536,True,0.7613269458982795,0.27269238671039925,0.7613269458982795,-1.2037183966946132,-1.9751062898708596
爽底坪,2,20,5,,fewer_than_8,,0.30296779927903583,0.8252268427320913,0.7484541285999345,False,0.6009024044832125,inf,0.6009024044832125,,
狗街,190,20,12,-3.9574222789038993,defined,-0.5070412235081067,0.3583246467362166,2.427483853914807,1.2043320047384583,True,1.223363358919932,0.20160391717340698,1.223363358919932,1.104632546303314,-3.9574222789039
甲洋,164,20,4,,fewer_than_8,,0.22324160180516436,0.4379533417847864,0.27665435373823016,False,0.2003272983889807,inf,0.2003272983889807,,
甲茶,218,217,12,0.055622026053152585,defined,0.514130675476481,0.07653557050814448,0.15717091975655725,0.07382417559762701,True,0.49526677902645727,0.7026587140653087,0.49526677902645727,0.45645643693946725,0.055622026053151474
界牌,183,20,12,-0.07621733630748828,defined,0.7040095619391734,0.12320404692256154,0.24856205705759313,0.16462194483067288,True,0.3881338183084609,0.9464051062730472,0.3881338183084609,0.6870730049965732,-0.07621733630748989
白沙街,51,20,12,-1.41066555647132,defined,-0.5158127025589665,0.16308606174477647,0.4446738605647514,0.211039181455244,True,0.5489657521136039,0.5997192217251959,0.5489657521136039,0.7368684706632507,-1.4106655564713195
白马,141,20,12,0.0933991398067574,defined,0.30716853676599154,0.21477593946861975,0.5338586801917549,-0.004206801068359319,True,0.2772173184528519,1.282953537236817,0.2772173184528519,-0.0075029789924582705,0.09339913980675768
百雅,116,20,11,-0.6467171602294486,defined,0.12655745031987056,0.2387950931878519,0.6514858885433662,0.3890066325353862,True,0.401546887421192,0.9124309717880132,0.401546887421192,0.7662341404189793,-0.6467171602294473
盘溪大桥,190,20,12,-5.309673061452188,defined,0.08945208987109907,0.35860657205737334,2.329735693551792,1.7468439536634446,True,1.4199945613682388,0.3506530415834677,1.4199945613682388,1.8834360805126305,-5.309673061452189
石咀新村,37,20,4,,fewer_than_8,,0.32587687930001896,0.8577879786646946,0.8468436105225434,False,0.8137638462289,inf,0.8137638462289,,
石角,56,56,12,-1.6991319013243498,defined,-0.6931962737630915,0.163908753198891,0.4611910851434792,-0.1902949013262557,True,0.6183372105518051,0.4807213221941841,0.6183372105518051,-0.6778885563307667,-1.6991319013243489
磨盘山,81,20,4,,fewer_than_8,,0.2518483543616998,0.8193377459287191,-0.7032664572366294,False,0.3319386157435088,inf,0.3319386157435088,,
禄丰村,190,20,12,-3.6015146624059984,defined,-0.007378746590862258,0.483182071317474,2.8988967609452523,2.1892662549415753,True,0.9811324111572817,0.019047852829677463,0.9811324111572817,1.6200045676832742,-3.6015146624059957
罗村口,124,20,12,-11.233362247102978,defined,0.09352776204735068,0.1977756888347089,0.3714823312886914,0.3460696557151642,True,0.8842479288560211,0.12301779315993917,0.8842479288560211,3.258354079466907,-11.23336224710298
老口,143,20,12,-0.08015951201297167,defined,0.46453205616913257,0.23181166567343017,0.6961720845221134,-0.3039211336480141,True,0.1643864217738202,1.805535392387681,0.1643864217738202,-0.45372033387884375,-0.08015951201297183
老鹰坡,225,20,12,-4.529069543079906,defined,-0.4576275147379982,0.7175908568625027,4.019712850265637,-3.5839728145312755,True,0.12817391348870577,2.0543672381284392,0.12817391348870577,-2.0965040357730627,-4.529069543079909
脚板洲,79,20,5,,fewer_than_8,,0.21446495999572948,0.41339011998724473,0.23121207462411184,False,0.2410681672278835,inf,0.2410681672278835,,
自良渡口,7,20,12,0.20318691308160064,defined,0.4794181515327937,0.14128065499966522,0.5257302789027221,-0.09535226348224289,True,0.500473168811797,0.6922012904315014,0.500473168811797,-0.16189977512307066,0.20318691308160078
荷塘,4,20,4,,fewer_than_8,,0.27362950966994265,0.7094287335586169,0.6156795655959297,False,1.001161931226313,inf,1.001161931226313,,
蔗香北,203,20,12,-2.9297953910499785,defined,-0.43492681553963186,0.15629916190078186,0.47840037326012547,0.3464736019666865,True,0.5935298375090046,0.5216677923814337,0.5935298375090046,1.4356997035332348,-2.9297953910499768
蔗香南,167,20,12,-2.54924611426763,defined,0.023093811615350353,0.18239904040817853,0.5598970425787606,0.4666951709324822,True,0.31260619926910843,1.1628110298762726,0.31260619926910843,1.5703381851682716,-2.5492461142676355
谷拉河大桥,124,20,12,-9.424871701151782,defined,-0.5031441614954739,0.3359444301412122,0.587174312737408,0.5345045498696496,True,0.5164164852585501,0.6608416970905506,0.5164164852585501,2.9391362397801983,-9.424871701151783
贺街,51,20,12,-0.9434288071489683,defined,0.0006596276739729326,0.11446571240871456,0.29529514268061585,0.12208662917942553,True,0.782474757418664,0.2452936159780442,0.782474757418664,0.5763630324369619,-0.94342880714897
赵家渡,198,20,12,-18.64351213125564,defined,-0.5720595623404163,0.6464660862219365,2.8340615234326827,-2.7375641466600578,True,0.2292944184411598,1.4727484311452024,0.2292944184411598,-4.281190964160124,-18.64351213125566
车渡,150,20,12,-1.0343536908926563,defined,0.17001247849468837,0.0697191222588497,0.21795962222209767,0.15031381721595974,True,0.4793839370405153,0.7352534639251083,0.4793839370405153,0.9836397889338289,-1.034353690892653
边外河,213,212,12,-0.9787113609387128,defined,0.6791578742436785,0.16943322199060443,0.44451034245106136,0.3751042559351518,True,0.5032919343995487,0.6865848907612759,0.5032919343995487,1.1870290435741855,-0.9787113609387126
连江西牛,68,56,12,-1.5829284109542874,defined,-0.46136807869146323,0.21344215478850656,0.5324991229239631,0.3334277300867357,True,0.4235587262080744,0.8590631057714769,0.4235587262080744,1.0063267187946636,-1.582928410954286
那弄,107,20,12,-0.16987208235005613,defined,-0.49310530526854995,0.30418744323587443,0.6652000575542789,-0.09615218994587578,True,0.13025819653621826,2.038236671067831,0.13025819653621826,-0.15634215379014965,-0.16987208235005619
郁江口,10,20,4,,fewer_than_8,,0.151964346479558,0.4760998210044616,-0.1835406354697644,False,0.36729191794708227,inf,0.36729191794708227,,
都安,148,20,4,,fewer_than_8,,0.08468699139720799,0.2560763624185022,0.24409487466434432,False,0.33077400270361,inf,0.33077400270361,,
都骑,19,20,12,-1.1807647400662256,defined,0.13916667575739008,0.04320081626505823,0.12864517598872197,-0.006108310649302617,True,1.2324258002156838,0.20898442245769538,1.2324258002156838,-0.07011840340647592,-1.1807647400662258
锁龙桥,161,20,12,0.1765934397010619,defined,0.6006231292570198,0.2870345670508187,2.280618010397955,-0.7853092838660604,True,0.3064751380687087,1.1826186424955645,0.3064751380687087,-0.3124606582872697,0.17659343970106203
长坝,61,56,12,-0.5721868898838314,defined,-0.4998208549334685,0.1794466501899099,0.41966637839292176,0.07126728698893557,True,0.3814670234954758,0.9637308710619124,0.3814670234954758,0.21293062777455243,-0.5721868898838314
长底大桥,196,20,4,,fewer_than_8,,0.23652756336661232,0.8343203775337713,0.14362253380083967,False,0.2304362008457647,inf,0.2304362008457647,,
长虹桥,192,20,12,-1.0307456341156338,defined,0.06418047282811523,0.2702970061637674,1.7779790633601202,-1.0137555691402518,True,0.6762875386473324,0.39113694034753005,0.6762875386473324,-0.8125205887743779,-1.0307456341156327
阳朔,81,20,12,-0.29682485932384206,defined,0.5888952701189143,0.21297349355482653,0.7295690211595084,-0.4558397065924941,True,0.21826961565985556,1.5220242112800206,0.21826961565985556,-0.711518884323575,-0.2968248593238415
雁江,140,20,12,0.05677654682144928,defined,0.2593982702001905,0.19396776677261804,0.45582712884733967,0.04576895782936354,True,0.2910439023756885,1.2342811559195594,0.2910439023756885,0.09751651001555753,0.0567765468214498
露塘,177,20,12,0.28557575218560993,defined,0.6455778730174387,0.12047396963675577,0.26417575650410957,0.01662973147785544,True,0.28729860726470663,1.2472331606776073,0.28729860726470663,0.05320719571442813,0.28557575218560993
青岩,214,212,8,-13.47998177298115,defined,-0.02780155090024191,0.5581479813545587,1.8979375557924196,-1.828578935888372,True,0.17158268123987946,1.762690022197091,0.17158268123987946,-3.6661970251457436,-13.479981772981148
顶换村,219,217,4,,fewer_than_8,,0.21442770136295883,0.5264843523355899,-0.41693843466136016,False,0.279344041776484,inf,0.279344041776484,,
马头福水,55,22,4,,fewer_than_8,,0.2734138767203954,0.6129852679632711,0.5273245730624398,False,0.6704725914197492,inf,0.6704725914197492,,
马陇,156,20,4,,fewer_than_8,,0.2071285504132677,0.49939889675751964,0.19545365980477092,False,0.25027747073372525,inf,0.25027747073372525,,
高桥,59,56,12,-0.7484751155755605,defined,-0.43637883959489326,0.13344410395168524,0.34729063455190723,-0.08254084264414145,True,0.4802098242361331,0.7335321367700794,0.4802098242361331,-0.31427190227285684,-0.7484751155755608
黄果树,225,20,12,-1.0003642956782146,defined,0.17995318249481054,0.2943846017710334,1.287599720950995,-0.9235160234874225,True,0.2407648630164258,1.4239344939003682,0.2407648630164258,-1.0144207130576364,-1.000364295678216
黄沙湾,87,20,4,,fewer_than_8,,0.2938993315387242,1.2162245658330313,-0.7091654780329995,False,0.13556491437636975,inf,0.13556491437636975,,
黄泥河,199,20,12,-0.22383909900969257,defined,-0.05448743282889519,0.2076338231125021,0.8210731492750111,-0.21967043715906684,True,0.3186184912033733,1.1437608442595184,0.3186184912033733,-0.29597288524120385,-0.22383909900969234
黄种村,181,20,4,,fewer_than_8,,0.07504990261495836,0.13643834658164514,0.09385905432484154,False,0.42147900214071643,inf,0.42147900214071643,,
龙川城铁路桥,48,22,12,-6.731843299055862,defined,0.12191678667914657,0.3586251188219035,0.9386477784207922,-0.874745286841042,True,0.3002011225796845,1.203302620350445,0.3002011225796845,-2.5913165953820716,-6.731843299055858
龙归,74,56,4,,fewer_than_8,,0.2026732916492159,0.3968272679017636,-0.3031365108682607,False,0.11688936948239408,inf,0.11688936948239408,,
龙江三江口,184,20,6,,fewer_than_8,,0.3301824203831727,0.8223765847170865,-0.7482364184983329,False,0.17352242568990653,inf,0.17352242568990653,,
龙眼电站,145,20,4,,fewer_than_8,,0.21437785914226454,0.5524696282810648,0.17828245148845817,False,0.24110888645393183,inf,0.24110888645393183,,
