station_key,year,rows,months,task
三溪桥,2016,12,12,monthly
三溪桥,2017,12,12,monthly
三溪桥,2018,12,12,monthly
三溪桥,2019,11,11,monthly
三溪桥,2020,11,11,monthly
三溪桥,2021,12,12,monthly
三溪桥,2022,12,12,monthly
三溪桥,2023,12,12,monthly
三溪桥,2024,12,12,monthly
上中,2016,12,12,monthly
上中,2017,12,12,monthly
上中,2018,12,12,monthly
上中,2019,12,12,monthly
上中,2020,12,12,monthly
上中,2021,12,12,monthly
上中,2022,12,12,monthly
上中,2023,12,12,monthly
上中,2024,12,12,monthly
上洞,2021,12,12,monthly
上洞,2022,7,7,monthly
上洞,2023,4,4,monthly
上洞,2024,4,4,monthly
上金,2016,12,12,monthly
上金,2017,12,12,monthly
上金,2018,12,12,monthly
上金,2019,12,12,monthly
上金,2020,12,12,monthly
上金,2021,12,12,monthly
上金,2022,12,12,monthly
上金,2023,12,12,monthly
上金,2024,12,12,monthly
东江江口,2016,12,12,monthly
东江江口,2017,12,12,monthly
东江江口,2018,12,12,monthly
东江江口,2019,11,11,monthly
东江江口,2020,12,12,monthly
东江江口,2021,12,12,monthly
东江江口,2022,12,12,monthly
东江江口,2023,12,12,monthly
东江江口,2024,12,12,monthly
乌都河,2021,12,12,monthly
乌都河,2022,8,8,monthly
乌都河,2023,4,4,monthly
乌都河,2024,4,4,monthly
九甸大桥,2017,3,3,monthly
九甸大桥,2018,12,12,monthly
九甸大桥,2019,12,12,monthly
九甸大桥,2020,12,12,monthly
九甸大桥,2021,12,12,monthly
九甸大桥,2022,12,12,monthly
九甸大桥,2023,12,12,monthly
九甸大桥,2024,12,12,monthly
五马岗,2016,12,12,monthly
五马岗,2017,9,9,monthly
五马岗,2021,12,12,monthly
五马岗,2022,12,12,monthly
五马岗,2023,4,4,monthly
五马岗,2024,4,4,monthly
交州,2016,12,12,monthly
交州,2017,11,11,monthly
交州,2018,12,12,monthly
交州,2019,12,12,monthly
交州,2020,12,12,monthly
交州,2021,12,12,monthly
交州,2022,12,12,monthly
交州,2023,12,12,monthly
交州,2024,12,12,monthly
京南,2016,12,12,monthly
京南,2017,12,12,monthly
京南,2018,12,12,monthly
京南,2019,10,10,monthly
京南,2020,12,12,monthly
京南,2021,12,12,monthly
京南,2022,12,12,monthly
京南,2023,12,12,monthly
京南,2024,12,12,monthly
从江大桥,2016,3,3,monthly
从江大桥,2017,11,11,monthly
从江大桥,2018,12,12,monthly
从江大桥,2019,12,12,monthly
从江大桥,2020,12,12,monthly
从江大桥,2021,12,12,monthly
从江大桥,2022,12,12,monthly
从江大桥,2023,12,12,monthly
从江大桥,2024,12,12,monthly
八角电站,2021,12,12,monthly
八角电站,2022,7,7,monthly
八角电站,2023,4,4,monthly
八角电站,2024,4,4,monthly
公庄河口(泰美),2021,12,12,monthly
公庄河口(泰美),2022,12,12,monthly
公庄河口(泰美),2023,12,12,monthly
公庄河口(泰美),2024,12,12,monthly
公篓,2016,12,12,monthly
公篓,2017,12,12,monthly
公篓,2018,12,12,monthly
公篓,2019,12,12,monthly
公篓,2020,12,12,monthly
公篓,2021,12,12,monthly
公篓,2022,12,12,monthly
公篓,2023,12,12,monthly
公篓,2024,12,12,monthly
六景,2016,11,11,monthly
六景,2017,12,12,monthly
六景,2018,12,12,monthly
六景,2019,12,12,monthly
六景,2020,12,12,monthly
六景,2021,12,12,monthly
六景,2022,12,12,monthly
六景,2023,12,12,monthly
六景,2024,12,12,monthly
兴宁电站,2016,12,12,monthly
兴宁电站,2017,12,12,monthly
兴宁电站,2018,12,12,monthly
兴宁电站,2019,11,11,monthly
兴宁电站,2020,12,12,monthly
兴宁电站,2021,12,12,monthly
兴宁电站,2022,12,12,monthly
兴宁电站,2023,12,12,monthly
兴宁电站,2024,12,12,monthly
凤山糖厂,2021,12,12,monthly
凤山糖厂,2022,7,7,monthly
凤山糖厂,2023,4,4,monthly
凤山糖厂,2024,4,4,monthly
刘三姐故居,2021,12,12,monthly
刘三姐故居,2022,7,7,monthly
刘三姐故居,2023,4,4,monthly
刘三姐故居,2024,6,6,monthly
北江石尾,2016,12,12,monthly
北江石尾,2017,12,12,monthly
北江石尾,2018,12,12,monthly
北江石尾,2019,12,12,monthly
北江石尾,2020,12,12,monthly
北江石尾,2021,12,12,monthly
北江石尾,2022,12,12,monthly
北江石尾,2023,12,12,monthly
北江石尾,2024,12,12,monthly
十里亭,2016,12,12,monthly
十里亭,2017,12,12,monthly
十里亭,2018,12,12,monthly
十里亭,2019,12,12,monthly
十里亭,2020,12,12,monthly
十里亭,2021,12,12,monthly
十里亭,2022,12,12,monthly
十里亭,2023,12,12,monthly
十里亭,2024,12,12,monthly
南岸,2016,12,12,monthly
南岸,2017,12,12,monthly
南岸,2018,12,12,monthly
南岸,2019,12,12,monthly
南岸,2020,12,12,monthly
南岸,2021,12,12,monthly
南岸,2022,12,12,monthly
南岸,2023,12,12,monthly
南岸,2024,12,12,monthly
南江口,2016,11,11,monthly
南江口,2017,9,9,monthly
南江口,2021,12,12,monthly
南江口,2022,12,12,monthly
南江口,2023,4,4,monthly
南江口,2024,10,10,monthly
厂房大桥,2017,3,3,monthly
厂房大桥,2018,12,12,monthly
厂房大桥,2019,12,12,monthly
厂房大桥,2020,12,12,monthly
厂房大桥,2021,12,12,monthly
厂房大桥,2022,12,12,monthly
厂房大桥,2023,12,12,monthly
厂房大桥,2024,12,12,monthly
双苏村,2021,12,12,monthly
双苏村,2022,7,7,monthly
双苏村,2023,4,4,monthly
双苏村,2024,4,4,monthly
发耳,2016,8,8,monthly
发耳,2017,12,12,monthly
发耳,2018,12,12,monthly
发耳,2019,12,12,monthly
发耳,2020,12,12,monthly
发耳,2021,12,12,monthly
发耳,2022,12,12,monthly
发耳,2023,12,12,monthly
发耳,2024,12,12,monthly
古封,2016,12,12,monthly
古封,2017,12,12,monthly
古封,2018,12,12,monthly
古封,2019,12,12,monthly
古封,2020,12,12,monthly
古封,2021,12,12,monthly
古封,2022,12,12,monthly
古封,2023,12,12,monthly
古封,2024,12,12,monthly
古市,2021,12,12,monthly
古市,2022,7,7,monthly
古市,2023,4,4,monthly
古市,2024,4,4,monthly
叮当,2016,11,11,monthly
叮当,2017,12,12,monthly
叮当,2018,12,12,monthly
叮当,2019,12,12,monthly
叮当,2020,12,12,monthly
叮当,2021,12,12,monthly
叮当,2022,12,12,monthly
叮当,2023,12,12,monthly
叮当,2024,12,12,monthly
坝草,2016,12,12,monthly
坝草,2017,12,12,monthly
坝草,2018,12,12,monthly
坝草,2019,12,12,monthly
坝草,2020,12,12,monthly
坝草,2021,12,12,monthly
坝草,2022,12,12,monthly
坝草,2023,12,12,monthly
坝草,2024,12,12,monthly
坡脚,2016,12,12,monthly
坡脚,2017,12,12,monthly
坡脚,2018,12,12,monthly
坡脚,2019,12,12,monthly
坡脚,2020,12,12,monthly
坡脚,2021,12,12,monthly
坡脚,2022,12,12,monthly
坡脚,2023,12,12,monthly
坡脚,2024,12,12,monthly
垒亭,2016,12,12,monthly
垒亭,2017,12,12,monthly
垒亭,2018,12,12,monthly
垒亭,2019,12,12,monthly
垒亭,2020,12,12,monthly
垒亭,2021,12,12,monthly
垒亭,2022,12,12,monthly
垒亭,2023,12,12,monthly
垒亭,2024,12,12,monthly
天生桥,2017,3,3,monthly
天生桥,2018,12,12,monthly
天生桥,2019,12,12,monthly
天生桥,2020,12,12,monthly
天生桥,2021,12,12,monthly
天生桥,2022,12,12,monthly
天生桥,2023,12,12,monthly
天生桥,2024,12,12,monthly
官渡,2021,12,12,monthly
官渡,2022,12,12,monthly
官渡,2023,4,4,monthly
官渡,2024,4,4,monthly
封开城上,2016,12,12,monthly
封开城上,2017,12,12,monthly
封开城上,2018,12,12,monthly
封开城上,2019,12,12,monthly
封开城上,2020,12,12,monthly
封开城上,2021,12,12,monthly
封开城上,2022,12,12,monthly
封开城上,2023,12,12,monthly
封开城上,2024,12,12,monthly
小云尚大桥,2021,12,12,monthly
小云尚大桥,2022,8,8,monthly
小云尚大桥,2023,4,4,monthly
小云尚大桥,2024,10,10,monthly
山脚村,2021,12,12,monthly
山脚村,2022,12,12,monthly
山脚村,2023,12,12,monthly
山脚村,2024,12,12,monthly
岔河口,2016,9,9,monthly
岔河口,2017,12,12,monthly
岔河口,2018,12,12,monthly
岔河口,2019,12,12,monthly
岔河口,2020,12,12,monthly
岔河口,2021,12,12,monthly
岔河口,2022,12,12,monthly
岔河口,2023,12,12,monthly
岔河口,2024,12,12,monthly
岜怀,2021,12,12,monthly
岜怀,2022,7,7,monthly
岜怀,2023,4,4,monthly
岜怀,2024,10,10,monthly
布龙,2021,12,12,monthly
布龙,2022,8,8,monthly
布龙,2023,4,4,monthly
布龙,2024,4,4,monthly
平榔,2021,12,12,monthly
平榔,2022,12,12,monthly
平榔,2023,11,11,monthly
平榔,2024,12,12,monthly
平而关,2021,12,12,monthly
平而关,2022,7,7,monthly
平而关,2023,4,4,monthly
平而关,2024,4,4,monthly
底先,2021,12,12,monthly
底先,2022,5,5,monthly
底先,2023,4,4,monthly
底先,2024,4,4,monthly
庙咀里,2016,12,12,monthly
庙咀里,2017,12,12,monthly
庙咀里,2018,12,12,monthly
庙咀里,2019,11,11,monthly
庙咀里,2020,12,12,monthly
庙咀里,2021,12,12,monthly
庙咀里,2022,12,12,monthly
庙咀里,2023,12,12,monthly
庙咀里,2024,12,12,monthly
弄瓦,2021,12,12,monthly
弄瓦,2022,6,6,monthly
弄瓦,2023,6,6,monthly
弄瓦,2024,12,12,monthly
思留口,2021,12,12,monthly
思留口,2022,7,7,monthly
思留口,2023,6,6,monthly
思留口,2024,12,12,monthly
扒齿,2016,12,12,monthly
扒齿,2017,9,9,monthly
扒齿,2021,12,12,monthly
扒齿,2022,7,7,monthly
扒齿,2023,4,4,monthly
扒齿,2024,4,4,monthly
打邦,2016,12,12,monthly
打邦,2017,12,12,monthly
打邦,2018,12,12,monthly
打邦,2019,12,12,monthly
打邦,2020,12,12,monthly
打邦,2021,12,12,monthly
打邦,2022,12,12,monthly
打邦,2023,12,12,monthly
打邦,2024,12,12,monthly
新华,2016,2,2,monthly
新华,2017,11,11,monthly
新华,2018,12,12,monthly
新华,2019,12,12,monthly
新华,2020,12,12,monthly
新华,2021,12,12,monthly
新华,2022,12,12,monthly
新华,2023,12,12,monthly
新华,2024,12,12,monthly
新坪山桥,2021,12,12,monthly
新坪山桥,2022,7,7,monthly
新坪山桥,2023,4,4,monthly
新坪山桥,2024,4,4,monthly
新荣甸,2021,12,12,monthly
新荣甸,2022,7,7,monthly
新荣甸,2023,4,4,monthly
新荣甸,2024,4,4,monthly
昌林花园,2021,12,12,monthly
昌林花园,2022,12,12,monthly
昌林花园,2023,12,12,monthly
昌林花园,2024,12,12,monthly
木洞,2016,12,12,monthly
木洞,2017,12,12,monthly
木洞,2018,12,12,monthly
木洞,2019,12,12,monthly
木洞,2020,12,12,monthly
木洞,2021,12,12,monthly
木洞,2022,12,12,monthly
木洞,2023,12,12,monthly
木洞,2024,12,12,monthly
杨民,2016,12,12,monthly
杨民,2017,12,12,monthly
杨民,2018,12,12,monthly
杨民,2019,12,12,monthly
杨民,2020,12,12,monthly
杨民,2021,12,12,monthly
杨民,2022,12,12,monthly
杨民,2023,12,12,monthly
杨民,2024,12,12,monthly
松云,2021,12,12,monthly
松云,2022,12,12,monthly
松云,2023,12,12,monthly
松云,2024,12,12,monthly
桂花,2016,12,12,monthly
桂花,2017,12,12,monthly
桂花,2018,12,12,monthly
桂花,2019,11,11,monthly
桂花,2020,12,12,monthly
桂花,2021,12,12,monthly
桂花,2022,12,12,monthly
桂花,2023,12,12,monthly
桂花,2024,12,12,monthly
棉江,2016,12,12,monthly
棉江,2017,12,12,monthly
棉江,2018,12,12,monthly
棉江,2019,12,12,monthly
棉江,2020,12,12,monthly
棉江,2021,12,12,monthly
棉江,2022,12,12,monthly
棉江,2023,12,12,monthly
棉江,2024,12,12,monthly
榕江,2016,2,2,monthly
榕江,2017,11,11,monthly
榕江,2018,12,12,monthly
榕江,2019,12,12,monthly
榕江,2020,12,12,monthly
榕江,2021,12,12,monthly
榕江,2022,12,12,monthly
榕江,2023,12,12,monthly
榕江,2024,12,12,monthly
武林渡口,2016,12,12,monthly
武林渡口,2017,12,12,monthly
武林渡口,2018,12,12,monthly
武林渡口,2019,12,12,monthly
武林渡口,2020,12,12,monthly
武林渡口,2021,12,12,monthly
武林渡口,2022,12,12,monthly
武林渡口,2023,12,12,monthly
武林渡口,2024,12,12,monthly
永昌桥,2017,3,3,monthly
永昌桥,2018,12,12,monthly
永昌桥,2019,12,12,monthly
永昌桥,2020,12,12,monthly
永昌桥,2021,12,12,monthly
永昌桥,2022,12,12,monthly
永昌桥,2023,12,12,monthly
永昌桥,2024,12,12,monthly
江边桥,2017,3,3,monthly
江边桥,2018,12,12,monthly
江边桥,2019,12,12,monthly
江边桥,2020,12,12,monthly
江边桥,2021,12,12,monthly
江边桥,2022,12,12,monthly
江边桥,2023,12,12,monthly
江边桥,2024,12,12,monthly
清水江小学,2021,12,12,monthly
清水江小学,2022,6,6,monthly
清水江小学,2023,4,4,monthly
清水江小学,2024,8,8,monthly
渔村,2016,12,12,monthly
渔村,2017,12,12,monthly
渔村,2018,12,12,monthly
渔村,2019,12,12,monthly
渔村,2020,12,12,monthly
渔村,2021,12,12,monthly
渔村,2022,12,12,monthly
渔村,2023,12,12,monthly
渔村,2024,12,12,monthly
渠立,2016,12,12,monthly
渠立,2017,12,12,monthly
渠立,2018,12,12,monthly
渠立,2019,12,12,monthly
渠立,2020,12,12,monthly
渠立,2021,12,12,monthly
渠立,2022,12,12,monthly
渠立,2023,12,12,monthly
渠立,2024,12,12,monthly
滃江大站,2021,12,12,monthly
滃江大站,2022,12,12,monthly
滃江大站,2023,12,12,monthly
滃江大站,2024,12,12,monthly
火电厂,2016,12,12,monthly
火电厂,2017,12,12,monthly
火电厂,2018,12,12,monthly
火电厂,2019,11,11,monthly
火电厂,2020,12,12,monthly
火电厂,2021,12,12,monthly
火电厂,2022,12,12,monthly
火电厂,2023,12,12,monthly
火电厂,2024,12,12,monthly
爽底坪,2016,12,12,monthly
爽底坪,2017,9,9,monthly
爽底坪,2021,12,12,monthly
爽底坪,2022,6,6,monthly
爽底坪,2023,5,5,monthly
爽底坪,2024,12,12,monthly
狗街,2021,12,12,monthly
狗街,2022,12,12,monthly
狗街,2023,12,12,monthly
狗街,2024,12,12,monthly
甲洋,2021,12,12,monthly
甲洋,2022,7,7,monthly
甲洋,2023,4,4,monthly
甲洋,2024,4,4,monthly
甲茶,2016,12,12,monthly
甲茶,2017,9,9,monthly
甲茶,2021,12,12,monthly
甲茶,2022,12,12,monthly
甲茶,2023,12,12,monthly
甲茶,2024,12,12,monthly
界牌,2016,12,12,monthly
界牌,2017,12,12,monthly
界牌,2018,12,12,monthly
界牌,2019,12,12,monthly
界牌,2020,12,12,monthly
界牌,2021,12,12,monthly
界牌,2022,12,12,monthly
界牌,2023,12,12,monthly
界牌,2024,12,12,monthly
白沙街,2016,12,12,monthly
白沙街,2017,12,12,monthly
白沙街,2018,12,12,monthly
白沙街,2019,12,12,monthly
白沙街,2020,12,12,monthly
白沙街,2021,12,12,monthly
白沙街,2022,12,12,monthly
白沙街,2023,12,12,monthly
白沙街,2024,12,12,monthly
白马,2021,12,12,monthly
白马,2022,12,12,monthly
白马,2023,12,12,monthly
白马,2024,12,12,monthly
百雅,2021,12,12,monthly
百雅,2022,6,6,monthly
百雅,2023,11,11,monthly
百雅,2024,12,12,monthly
盘溪大桥,2017,3,3,monthly
盘溪大桥,2018,12,12,monthly
盘溪大桥,2019,12,12,monthly
盘溪大桥,2020,12,12,monthly
盘溪大桥,2021,12,12,monthly
盘溪大桥,2022,12,12,monthly
盘溪大桥,2023,12,12,monthly
盘溪大桥,2024,12,12,monthly
石咀新村,2021,12,12,monthly
石咀新村,2022,12,12,monthly
石咀新村,2023,4,4,monthly
石咀新村,2024,4,4,monthly
石角,2016,12,12,monthly
石角,2017,12,12,monthly
石角,2018,12,12,monthly
石角,2019,12,12,monthly
石角,2020,12,12,monthly
石角,2021,12,12,monthly
石角,2022,12,12,monthly
石角,2023,12,12,monthly
石角,2024,12,12,monthly
磨盘山,2021,12,12,monthly
磨盘山,2022,7,7,monthly
磨盘山,2023,4,4,monthly
磨盘山,2024,4,4,monthly
禄丰村,2016,12,12,monthly
禄丰村,2017,12,12,monthly
禄丰村,2018,12,12,monthly
禄丰村,2019,12,12,monthly
禄丰村,2020,12,12,monthly
禄丰村,2021,12,12,monthly
禄丰村,2022,12,12,monthly
禄丰村,2023,12,12,monthly
禄丰村,2024,12,12,monthly
罗村口,2016,12,12,monthly
罗村口,2017,12,12,monthly
罗村口,2018,12,12,monthly
罗村口,2019,12,12,monthly
罗村口,2020,12,12,monthly
罗村口,2021,12,12,monthly
罗村口,2022,11,11,monthly
罗村口,2023,12,12,monthly
罗村口,2024,12,12,monthly
老口,2016,12,12,monthly
老口,2017,12,12,monthly
老口,2018,12,12,monthly
老口,2019,12,12,monthly
老口,2020,12,12,monthly
老口,2021,12,12,monthly
老口,2022,12,12,monthly
老口,2023,12,12,monthly
老口,2024,12,12,monthly
老鹰坡,2021,12,12,monthly
老鹰坡,2022,12,12,monthly
老鹰坡,2023,12,12,monthly
老鹰坡,2024,12,12,monthly
脚板洲,2021,12,12,monthly
脚板洲,2022,7,7,monthly
脚板洲,2023,5,5,monthly
脚板洲,2024,4,4,monthly
自良渡口,2016,12,12,monthly
自良渡口,2017,12,12,monthly
自良渡口,2018,11,11,monthly
自良渡口,2019,12,12,monthly
自良渡口,2020,12,12,monthly
自良渡口,2021,12,12,monthly
自良渡口,2022,12,12,monthly
自良渡口,2023,12,12,monthly
自良渡口,2024,12,12,monthly
荷塘,2021,12,12,monthly
荷塘,2022,12,12,monthly
荷塘,2023,4,4,monthly
荷塘,2024,4,4,monthly
蔗香北,2016,8,8,monthly
蔗香北,2017,12,12,monthly
蔗香北,2018,12,12,monthly
蔗香北,2019,12,12,monthly
蔗香北,2020,12,12,monthly
蔗香北,2021,12,12,monthly
蔗香北,2022,12,12,monthly
蔗香北,2023,12,12,monthly
蔗香北,2024,12,12,monthly
蔗香南,2016,8,8,monthly
蔗香南,2017,12,12,monthly
蔗香南,2018,12,12,monthly
蔗香南,2019,12,12,monthly
蔗香南,2020,12,12,monthly
蔗香南,2021,12,12,monthly
蔗香南,2022,12,12,monthly
蔗香南,2023,12,12,monthly
蔗香南,2024,12,12,monthly
谷拉河大桥,2016,1,1,monthly
谷拉河大桥,2017,6,6,monthly
谷拉河大桥,2018,12,12,monthly
谷拉河大桥,2019,12,12,monthly
谷拉河大桥,2020,12,12,monthly
谷拉河大桥,2021,12,12,monthly
谷拉河大桥,2022,12,12,monthly
谷拉河大桥,2023,12,12,monthly
谷拉河大桥,2024,12,12,monthly
贺街,2016,12,12,monthly
贺街,2017,12,12,monthly
贺街,2018,12,12,monthly
贺街,2019,12,12,monthly
贺街,2020,12,12,monthly
贺街,2021,12,12,monthly
贺街,2022,12,12,monthly
贺街,2023,12,12,monthly
贺街,2024,12,12,monthly
赵家渡,2016,12,12,monthly
赵家渡,2017,12,12,monthly
赵家渡,2018,12,12,monthly
赵家渡,2019,12,12,monthly
赵家渡,2020,12,12,monthly
赵家渡,2021,12,12,monthly
赵家渡,2022,11,11,monthly
赵家渡,2023,12,12,monthly
赵家渡,2024,12,12,monthly
车渡,2016,12,12,monthly
车渡,2017,12,12,monthly
车渡,2018,12,12,monthly
车渡,2019,11,11,monthly
车渡,2020,12,12,monthly
车渡,2021,12,12,monthly
车渡,2022,12,12,monthly
车渡,2023,12,12,monthly
车渡,2024,12,12,monthly
边外河,2016,12,12,monthly
边外河,2017,12,12,monthly
边外河,2018,12,12,monthly
边外河,2019,12,12,monthly
边外河,2020,12,12,monthly
边外河,2021,12,12,monthly
边外河,2022,12,12,monthly
边外河,2023,12,12,monthly
边外河,2024,12,12,monthly
连江西牛,2016,12,12,monthly
连江西牛,2017,12,12,monthly
连江西牛,2018,12,12,monthly
连江西牛,2019,12,12,monthly
连江西牛,2020,12,12,monthly
连江西牛,2021,12,12,monthly
连江西牛,2022,12,12,monthly
连江西牛,2023,12,12,monthly
连江西牛,2024,12,12,monthly
那弄,2016,12,12,monthly
那弄,2017,12,12,monthly
那弄,2018,12,12,monthly
那弄,2019,11,11,monthly
那弄,2020,12,12,monthly
那弄,2021,12,12,monthly
那弄,2022,12,12,monthly
那弄,2023,12,12,monthly
那弄,2024,12,12,monthly
郁江口,2021,12,12,monthly
郁江口,2022,6,6,monthly
郁江口,2023,4,4,monthly
郁江口,2024,4,4,monthly
都安,2021,12,12,monthly
都安,2022,7,7,monthly
都安,2023,4,4,monthly
都安,2024,4,4,monthly
都骑,2016,12,12,monthly
都骑,2017,12,12,monthly
都骑,2018,12,12,monthly
都骑,2019,12,12,monthly
都骑,2020,12,12,monthly
都骑,2021,12,12,monthly
都骑,2022,12,12,monthly
都骑,2023,12,12,monthly
都骑,2024,12,12,monthly
锁龙桥,2021,12,12,monthly
锁龙桥,2022,11,11,monthly
锁龙桥,2023,12,12,monthly
锁龙桥,2024,12,12,monthly
长坝,2016,12,12,monthly
长坝,2017,12,12,monthly
长坝,2018,12,12,monthly
长坝,2019,12,12,monthly
长坝,2020,12,12,monthly
长坝,2021,12,12,monthly
长坝,2022,12,12,monthly
长坝,2023,12,12,monthly
长坝,2024,12,12,monthly
长底大桥,2021,12,12,monthly
长底大桥,2022,7,7,monthly
长底大桥,2023,4,4,monthly
长底大桥,2024,4,4,monthly
长虹桥,2017,3,3,monthly
长虹桥,2018,12,12,monthly
长虹桥,2019,12,12,monthly
长虹桥,2020,12,12,monthly
长虹桥,2021,12,12,monthly
长虹桥,2022,12,12,monthly
长虹桥,2023,12,12,monthly
长虹桥,2024,12,12,monthly
阳朔,2016,12,12,monthly
阳朔,2017,12,12,monthly
阳朔,2018,12,12,monthly
阳朔,2019,10,10,monthly
阳朔,2020,12,12,monthly
阳朔,2021,12,12,monthly
阳朔,2022,12,12,monthly
阳朔,2023,12,12,monthly
阳朔,2024,12,12,monthly
雁江,2016,12,12,monthly
雁江,2017,12,12,monthly
雁江,2018,12,12,monthly
雁江,2019,12,12,monthly
雁江,2020,12,12,monthly
雁江,2021,12,12,monthly
雁江,2022,12,12,monthly
雁江,2023,12,12,monthly
雁江,2024,12,12,monthly
露塘,2016,12,12,monthly
露塘,2017,12,12,monthly
露塘,2018,12,12,monthly
露塘,2019,11,11,monthly
露塘,2020,12,12,monthly
露塘,2021,12,12,monthly
露塘,2022,12,12,monthly
露塘,2023,12,12,monthly
露塘,2024,12,12,monthly
青岩,2021,12,12,monthly
青岩,2022,7,7,monthly
青岩,2023,8,8,monthly
青岩,2024,12,12,monthly
顶换村,2021,11,11,monthly
顶换村,2022,6,6,monthly
顶换村,2023,4,4,monthly
顶换村,2024,4,4,monthly
马头福水,2016,12,12,monthly
马头福水,2017,9,9,monthly
马头福水,2021,12,12,monthly
马头福水,2022,7,7,monthly
马头福水,2023,4,4,monthly
马头福水,2024,4,4,monthly
马陇,2021,12,12,monthly
马陇,2022,7,7,monthly
马陇,2023,4,4,monthly
马陇,2024,4,4,monthly
高桥,2016,12,12,monthly
高桥,2017,12,12,monthly
高桥,2018,12,12,monthly
高桥,2019,12,12,monthly
高桥,2020,12,12,monthly
高桥,2021,12,12,monthly
高桥,2022,12,12,monthly
高桥,2023,12,12,monthly
高桥,2024,12,12,monthly
黄果树,2016,12,12,monthly
黄果树,2017,12,12,monthly
黄果树,2018,12,12,monthly
黄果树,2019,12,12,monthly
黄果树,2020,12,12,monthly
黄果树,2021,12,12,monthly
黄果树,2022,12,12,monthly
黄果树,2023,12,12,monthly
黄果树,2024,12,12,monthly
黄沙湾,2021,12,12,monthly
黄沙湾,2022,8,8,monthly
黄沙湾,2023,4,4,monthly
黄沙湾,2024,6,6,monthly
黄泥河,2016,12,12,monthly
黄泥河,2017,12,12,monthly
黄泥河,2018,12,12,monthly
黄泥河,2019,12,12,monthly
黄泥河,2020,12,12,monthly
黄泥河,2021,12,12,monthly
黄泥河,2022,12,12,monthly
黄泥河,2023,12,12,monthly
黄泥河,2024,12,12,monthly
黄种村,2021,12,12,monthly
黄种村,2022,7,7,monthly
黄种村,2023,4,4,monthly
黄种村,2024,4,4,monthly
龙川城铁路桥,2016,12,12,monthly
龙川城铁路桥,2017,12,12,monthly
龙川城铁路桥,2018,12,12,monthly
龙川城铁路桥,2019,11,11,monthly
龙川城铁路桥,2020,12,12,monthly
龙川城铁路桥,2021,12,12,monthly
龙川城铁路桥,2022,12,12,monthly
龙川城铁路桥,2023,12,12,monthly
龙川城铁路桥,2024,12,12,monthly
龙归,2021,12,12,monthly
龙归,2022,12,12,monthly
龙归,2023,4,4,monthly
龙归,2024,4,4,monthly
龙江三江口,2021,12,12,monthly
龙江三江口,2022,7,7,monthly
龙江三江口,2023,6,6,monthly
龙江三江口,2024,4,4,monthly
龙眼电站,2021,12,12,monthly
龙眼电站,2022,7,7,monthly
龙眼电站,2023,4,4,monthly
龙眼电站,2024,4,4,monthly
九甸大桥,2021,25,4,daily
九甸大桥,2022,138,9,daily
九甸大桥,2023,272,12,daily
九甸大桥,2024,208,12,daily
交州,2021,17,5,daily
交州,2022,119,9,daily
交州,2023,262,12,daily
交州,2024,188,12,daily
六景,2021,29,5,daily
六景,2022,158,9,daily
六景,2023,306,12,daily
六景,2024,220,12,daily
南岸,2021,22,4,daily
南岸,2022,155,9,daily
南岸,2023,298,12,daily
南岸,2024,225,12,daily
厂房大桥,2021,25,4,daily
厂房大桥,2022,137,9,daily
厂房大桥,2023,264,12,daily
厂房大桥,2024,122,8,daily
叮当,2021,29,5,daily
叮当,2022,160,9,daily
叮当,2023,308,12,daily
叮当,2024,232,12,daily
棉江,2021,28,5,daily
棉江,2022,154,9,daily
棉江,2023,307,12,daily
棉江,2024,230,12,daily
永昌桥,2021,26,4,daily
永昌桥,2022,150,9,daily
永昌桥,2023,279,12,daily
永昌桥,2024,209,12,daily
盘溪大桥,2021,24,4,daily
盘溪大桥,2022,144,9,daily
盘溪大桥,2023,296,12,daily
盘溪大桥,2024,211,12,daily
石角,2021,27,5,daily
石角,2022,125,8,daily
石角,2023,278,12,daily
石角,2024,176,12,daily
禄丰村,2021,29,5,daily
禄丰村,2022,142,9,daily
禄丰村,2023,297,12,daily
禄丰村,2024,205,12,daily
自良渡口,2021,17,4,daily
自良渡口,2022,145,9,daily
自良渡口,2023,281,12,daily
自良渡口,2024,223,12,daily
边外河,2022,66,4,daily
边外河,2023,244,11,daily
边外河,2024,186,12,daily
阳朔,2021,22,5,daily
阳朔,2022,145,9,daily
阳朔,2023,304,12,daily
阳朔,2024,203,12,daily
高桥,2021,28,5,daily
高桥,2022,148,8,daily
高桥,2023,244,12,daily
高桥,2024,204,12,daily
