job,period,station_key,configuration,n,NSE,RMSE,bias,correlation,amplitude_ratio,reason,coverage_sufficient,nse_eligible
LAND1_F23_T0_s0,2021_2022,三溪桥,simulated,24,0.23298970730967128,0.7127638669841153,-0.12746007420776095,0.7804552427956238,0.1875025444443154,,True,True
LAND1_F23_T0_s0,2021_2022,上中,simulated,24,0.10506798789027016,0.5081751216881066,-0.24147910958088348,0.5802086478473882,0.40846892346181035,,True,True
LAND1_F23_T0_s0,2021_2022,上洞,simulated,19,-0.4466257541201035,1.1661115671548012,0.7255832541754033,0.36006689310003626,0.232813697761352,,True,True
LAND1_F23_T0_s0,2021_2022,上金,simulated,24,-2.1240864414050535,1.422084648451029,-1.2096954731853815,0.6281703157385012,0.12015298236246541,,True,True
LAND1_F23_T0_s0,2021_2022,东江江口,simulated,24,-0.15527844236737498,0.48486942649033327,-0.22321550644192412,0.30023288447832625,0.27622664980675066,,True,True
LAND1_F23_T0_s0,2021_2022,乌都河,simulated,20,-0.2808498816384013,0.8585060995294714,0.16656381784649543,-0.1092671184605582,0.38527835530427,,True,True
LAND1_F23_T0_s0,2021_2022,九甸大桥,simulated,24,0.19073718826262187,0.9046746060884319,-0.41347049448137785,0.6119435235868561,0.49071648039455507,,True,True
LAND1_F23_T0_s0,2021_2022,五马岗,simulated,24,-0.6434915427927641,0.6184730881955651,0.28338374303302016,-0.07328410319343903,0.4779119722381729,,True,True
LAND1_F23_T0_s0,2021_2022,交州,simulated,24,-1.7724144689788282,0.3773083058908684,0.3348880742811924,0.6841450426518947,0.4466418242200469,,True,True
LAND1_F23_T0_s0,2021_2022,京南,simulated,24,0.2838819127451533,0.37174036459751714,0.20486699906409278,0.7180474604000449,0.598819633957604,,True,True
LAND1_F23_T0_s0,2021_2022,从江大桥,simulated,24,-0.8734449407594667,0.3278624440812655,0.2659786042530424,0.702172700033845,0.3367609585323157,,True,True
LAND1_F23_T0_s0,2021_2022,八角电站,simulated,19,-0.3613636562061868,0.3272021671243889,-0.08609393053474335,-0.3329026164686897,0.28186287536866755,,True,True
LAND1_F23_T0_s0,2021_2022,公庄河口(泰美),simulated,24,-11.982129137065145,2.5254078984513253,2.341908030886309,0.26022395447455415,1.201380815961196,,True,True
LAND1_F23_T0_s0,2021_2022,公篓,simulated,24,-0.48640572846652175,0.19066379904549163,0.019380078867493156,-0.04096910966422934,0.6465823422544158,,True,True
LAND1_F23_T0_s0,2021_2022,六景,simulated,24,-3.5419443880983215,0.49923861859525187,-0.34902540853946507,0.05770698119037696,1.2089424391069143,,True,True
LAND1_F23_T0_s0,2021_2022,兴宁电站,simulated,24,-21.874067805532544,2.6298413903553755,-2.5723176113753605,0.1013881026986298,0.10390396761743788,,True,True
LAND1_F23_T0_s0,2021_2022,凤山糖厂,simulated,19,-0.000605135408729085,0.4180828198320335,-0.05797758249778795,0.19714251790431403,0.3393675150572834,,True,True
LAND1_F23_T0_s0,2021_2022,刘三姐故居,simulated,19,-0.7724804370923186,0.47875850598109904,-0.30639743638787764,0.0774172164868999,0.30655433962507767,,True,True
LAND1_F23_T0_s0,2021_2022,北江石尾,simulated,24,-1.3290223131440517,0.555207531523215,-0.43932144575568777,0.45642841806077117,0.7376994629673964,,True,True
LAND1_F23_T0_s0,2021_2022,十里亭,simulated,24,-1.9856520097567145,0.7071736973790799,0.6594198983771267,0.87708591345566,0.4784714763635436,,True,True
LAND1_F23_T0_s0,2021_2022,南岸,simulated,24,-1.688512242196437,0.507646169879448,-0.28493047164599394,0.28791171985930814,1.2493878062557915,,True,True
LAND1_F23_T0_s0,2021_2022,南江口,simulated,24,-1.2477952788815578,0.5610956371851638,0.392914723062856,0.1157995316537634,0.5144925941850362,,True,True
LAND1_F23_T0_s0,2021_2022,厂房大桥,simulated,24,-7.129432941866179,1.1234592997253412,1.0380771172038648,0.3312904971289715,0.8776071736207196,,True,True
LAND1_F23_T0_s0,2021_2022,双苏村,simulated,19,-1.7678706593459341,0.23904785751626598,-0.1785668372593494,-0.04052911996471492,0.4338648199537981,,True,True
LAND1_F23_T0_s0,2021_2022,发耳,simulated,24,-0.03583318557164383,0.5256339586943175,0.22119719876760513,0.4182816099986172,0.5836831740157755,,True,True
LAND1_F23_T0_s0,2021_2022,古封,simulated,24,0.281673829100906,0.40356581794473684,-0.11520378166492895,0.6433168991421553,0.3719382900812147,,True,True
LAND1_F23_T0_s0,2021_2022,古市,simulated,19,-1.7886810052605226,0.8374577634742664,0.7289442912305164,0.6045229285244357,0.4012671554586359,,True,True
LAND1_F23_T0_s0,2021_2022,叮当,simulated,24,-0.8134949468043347,0.8218628515641991,-0.591443904240879,0.3580385694924474,0.40819192555037775,,True,True
LAND1_F23_T0_s0,2021_2022,坝草,simulated,24,-0.6106506390730397,0.3179401580379524,0.04242474089504089,0.24971238063128234,1.0524133863332543,,True,True
LAND1_F23_T0_s0,2021_2022,坡脚,simulated,24,-0.8859824323855257,0.6716004061309417,-0.5104982225435588,0.6882217031554656,0.1686657209043953,,True,True
LAND1_F23_T0_s0,2021_2022,垒亭,simulated,24,-0.27739649479115114,0.4046743673020647,0.09845424941727798,-0.11531584436882461,0.34845515384774883,,True,True
LAND1_F23_T0_s0,2021_2022,天生桥,simulated,24,-0.09999833356540822,1.4428217575531734,-0.6027322028340265,0.31338594221639154,0.39242390641119446,,True,True
LAND1_F23_T0_s0,2021_2022,官渡,simulated,24,-11.370003923138398,1.2370618265758317,-1.1659906976512588,-0.12334307636805522,0.5057324836373104,,True,True
LAND1_F23_T0_s0,2021_2022,封开城上,simulated,24,-0.5076362421805529,0.2469952582242784,0.11498472734644816,0.36216812093961204,0.9207949929692026,,True,True
LAND1_F23_T0_s0,2021_2022,小云尚大桥,simulated,20,-0.9581806605752048,0.913531275931263,-0.7083004397796624,0.47712375167268606,0.3841023403628396,,True,True
LAND1_F23_T0_s0,2021_2022,山脚村,simulated,24,-0.1573113209165189,0.6689545128495104,0.05181191615787917,0.06917371895171963,0.463069412238606,,True,True
LAND1_F23_T0_s0,2021_2022,岔河口,simulated,24,0.4266025681854143,0.3317704038789918,0.07260012204231536,0.676147413568077,0.6203296270379169,,True,True
LAND1_F23_T0_s0,2021_2022,岜怀,simulated,19,-7.651632052849694,0.6133004910833367,0.5219431507277481,-0.5042173420700733,0.7763137827322336,,True,True
LAND1_F23_T0_s0,2021_2022,布龙,simulated,20,-0.3291193319579542,0.646868351803001,0.3322838166123605,0.1490729551996744,0.17417556776056436,,True,True
LAND1_F23_T0_s0,2021_2022,平榔,simulated,24,-2.4823960618307934,1.4644152736044238,-1.1758084815753662,-0.24965791645493599,0.29778300389197615,,True,True
LAND1_F23_T0_s0,2021_2022,平而关,simulated,19,-0.935987539343774,0.2931637356761185,0.19605972502639535,0.1638996392918346,0.4752970883786616,,True,True
LAND1_F23_T0_s0,2021_2022,底先,simulated,17,0.0323629390659117,0.3533231303933341,-0.04087093378475337,0.21300809300942727,0.22086074366407277,,True,True
LAND1_F23_T0_s0,2021_2022,庙咀里,simulated,24,-15.357877296985855,1.5941949409460638,-1.549195875607535,0.5937008980391209,0.08095387284947467,,True,True
LAND1_F23_T0_s0,2021_2022,弄瓦,simulated,18,-0.48862996064473374,0.3248023098432048,-0.1518057871544236,-0.06428954775226588,0.3450783591523642,,True,True
LAND1_F23_T0_s0,2021_2022,思留口,simulated,19,-0.34029137519759556,0.41865439159710316,-0.12821406525232715,-0.051919690650356246,0.4142134314915246,,True,True
LAND1_F23_T0_s0,2021_2022,扒齿,simulated,19,-0.05913669962156276,0.6870780867919722,0.21967590194234932,0.2220020641579291,0.23435048103749093,,True,True
LAND1_F23_T0_s0,2021_2022,打邦,simulated,24,-3.0916529241884376,0.6527194269934906,0.40319618374940003,-0.07067542940471479,1.1684274996438502,,True,True
LAND1_F23_T0_s0,2021_2022,新华,simulated,24,-0.5002637857631331,0.3406998662486562,0.21722437554583207,0.3313307147751332,0.3183364409501796,,True,True
LAND1_F23_T0_s0,2021_2022,新坪山桥,simulated,19,-0.4348017291770816,0.3958708562073632,0.22661185635603087,0.2275763398636091,0.3557478876409264,,True,True
LAND1_F23_T0_s0,2021_2022,新荣甸,simulated,19,-0.7261967759775807,0.576917403628437,-0.2956732789710972,-0.7757090732369158,0.15944622584530904,,True,True
LAND1_F23_T0_s0,2021_2022,昌林花园,simulated,24,-1.3520559406834591,1.3701197444636952,-1.0112555756271275,-0.03367775191850269,0.23443663691039004,,True,True
LAND1_F23_T0_s0,2021_2022,木洞,simulated,24,0.38290540462949296,0.3629096499363863,0.11765775212627183,0.8722082182036857,0.3127629977749143,,True,True
LAND1_F23_T0_s0,2021_2022,杨民,simulated,24,-7.575175271781022,0.6691005970561534,-0.6359170653323631,0.431489710340103,0.5565915611730627,,True,True
LAND1_F23_T0_s0,2021_2022,松云,simulated,24,-1.523591875323424,1.004046867382428,-0.7513525737584006,-0.023716481285810484,0.30940566471010306,,True,True
LAND1_F23_T0_s0,2021_2022,桂花,simulated,24,-0.23022266701269034,0.42606266298862283,0.34302450767256865,0.7817847794143037,0.5720463493304392,,True,True
LAND1_F23_T0_s0,2021_2022,棉江,simulated,24,-0.004402417235959133,0.31188461764539005,-0.14792547373525533,0.48418333823208787,0.3706521071877402,,True,True
LAND1_F23_T0_s0,2021_2022,榕江,simulated,24,-2.602271874918545,0.31463758539925496,0.2804942427733077,0.511840687987945,0.4747938474070954,,True,True
LAND1_F23_T0_s0,2021_2022,武林渡口,simulated,24,0.34460333870776017,0.4312594722688825,-0.12501832448279204,0.706315956261999,0.3913534445031966,,True,True
LAND1_F23_T0_s0,2021_2022,永昌桥,simulated,24,-0.1637781450090472,0.9861867696656853,0.24820286266133085,0.17775648814926487,0.5265528357705359,,True,True
LAND1_F23_T0_s0,2021_2022,江边桥,simulated,24,-0.24232194704518117,1.6622102076651513,-1.1326208658691392,0.6636585001769099,0.33814904209648045,,True,True
LAND1_F23_T0_s0,2021_2022,清水江小学,simulated,18,-0.2991994191445706,0.4936152644885623,0.0029521796161622316,-0.04241722504505754,0.5061738511588746,,True,True
LAND1_F23_T0_s0,2021_2022,渔村,simulated,24,-0.303956677459414,0.5965952073375989,-0.4606540683764111,0.7707070713811732,0.42353264045480693,,True,True
LAND1_F23_T0_s0,2021_2022,渠立,simulated,24,0.2795004948369936,0.2640233457944976,-0.13594142540863086,0.7019145064228494,0.5530018063846138,,True,True
LAND1_F23_T0_s0,2021_2022,滃江大站,simulated,24,-5.737003287858844,1.55549863932325,-1.4401561204362188,0.2180238882238753,0.316048702511162,,True,True
LAND1_F23_T0_s0,2021_2022,火电厂,simulated,24,-1.262144704814883,0.6175049587427642,-0.2591345103324474,0.11949116697715759,1.0565342588520392,,True,True
LAND1_F23_T0_s0,2021_2022,爽底坪,simulated,18,-3.0990017298257593,0.7955126162553505,0.714230056765123,0.46468822724309883,0.5685316980607639,,True,True
LAND1_F23_T0_s0,2021_2022,狗街,simulated,24,-0.8443669441529695,0.9720965231497317,0.26965377220102393,-0.14918578261406734,0.7021097080825774,,True,True
LAND1_F23_T0_s0,2021_2022,甲洋,simulated,19,-0.9131259975264843,0.6716486659749618,-0.43277755882066327,-0.3434283619962574,0.1431530006061809,,True,True
LAND1_F23_T0_s0,2021_2022,甲茶,simulated,24,-0.39547332143364744,0.28019101212385084,0.18747942421366237,0.4836447212836502,0.4157090104887008,,True,True
LAND1_F23_T0_s0,2021_2022,界牌,simulated,24,-4.239224614713429,0.4958442599211049,0.4465045763241323,0.24540668013526654,0.47128499508151694,,True,True
LAND1_F23_T0_s0,2021_2022,白沙街,simulated,24,-0.036082643344477194,0.5990475908055173,0.03892380635605042,0.03945927802413578,0.2218474369867295,,True,True
LAND1_F23_T0_s0,2021_2022,白马,simulated,24,0.14822744249775377,0.23338992063126598,0.006375497292827381,0.6001443572720048,1.0598292511519383,,True,True
LAND1_F23_T0_s0,2021_2022,百雅,simulated,18,-1.6199748672424548,0.6094525259504385,-0.4304104029804827,-0.5031961217888993,0.24943936136985043,,True,True
LAND1_F23_T0_s0,2021_2022,盘溪大桥,simulated,24,-0.19358424358775284,1.3558983752336788,0.7558101906470664,0.42106154027919557,0.4188564946512701,,True,True
LAND1_F23_T0_s0,2021_2022,石咀新村,simulated,24,0.3347264721694223,0.28155112644963226,-0.06709771385505059,0.6493459847043099,0.4276698116001001,,True,True
LAND1_F23_T0_s0,2021_2022,石角,simulated,24,-0.3960457567909239,0.3918539544619675,-0.012122123462446233,0.1819711374784603,0.8360531240097431,,True,True
LAND1_F23_T0_s0,2021_2022,磨盘山,simulated,19,0.20956355671409943,0.3227325730910179,0.07167904686638527,0.49869748622046906,0.5107182262888147,,True,True
LAND1_F23_T0_s0,2021_2022,禄丰村,simulated,24,-0.2538290767832263,1.24255963997571,0.7693609828887507,0.47682829281150296,0.4543490440943347,,True,True
LAND1_F23_T0_s0,2021_2022,罗村口,simulated,23,-0.40975656462988086,0.2519250441303194,0.08458397993575606,-0.16491817260973698,0.3623719677801129,,True,True
LAND1_F23_T0_s0,2021_2022,老口,simulated,24,0.3105500092832152,0.29501357061830696,-0.08694070951733979,0.6185497195839657,0.7288948230347254,,True,True
LAND1_F23_T0_s0,2021_2022,老鹰坡,simulated,24,-2.31622612049757,3.54904039818358,-3.1103956029854407,0.6195688710358597,0.22848365711069124,,True,True
LAND1_F23_T0_s0,2021_2022,脚板洲,simulated,19,-1.193364389593218,0.6767075949743421,-0.536829246533254,0.46416202752437274,0.29538161202509333,,True,True
LAND1_F23_T0_s0,2021_2022,自良渡口,simulated,24,0.2385614753715496,0.42930142950040306,0.05975476737993901,0.5262359430976465,0.6798934948467539,,True,True
LAND1_F23_T0_s0,2021_2022,荷塘,simulated,24,0.06669347835427053,0.428844829813662,-0.004459335109625595,0.2700054448097816,0.3481626256173276,,True,True
LAND1_F23_T0_s0,2021_2022,蔗香北,simulated,24,-1.5612398801009433,0.379943993349662,0.008471875030567233,-0.2342007320216457,1.036553550821895,,True,True
LAND1_F23_T0_s0,2021_2022,蔗香南,simulated,24,-0.25738526790243865,0.28169047543487985,-0.03893261815208593,-0.13926077232773362,0.3634916846591572,,True,True
LAND1_F23_T0_s0,2021_2022,谷拉河大桥,simulated,24,-2.3929409944224007,0.30058376898692296,0.21892077050365955,-0.4050605578730206,0.4651325255560955,,True,True
LAND1_F23_T0_s0,2021_2022,贺街,simulated,24,-2.252620209995105,0.5147484911738135,0.392853456137747,-0.06904397827572437,0.5333220228081574,,True,True
LAND1_F23_T0_s0,2021_2022,赵家渡,simulated,23,-25.034888683661606,2.8206776862120515,-2.7662814912201323,0.16003802851876792,0.3017587562489794,,True,True
LAND1_F23_T0_s0,2021_2022,车渡,simulated,24,0.04936248469070681,0.20649787863595911,0.011817259108721334,0.49220592324619156,0.9278559119744451,,True,True
LAND1_F23_T0_s0,2021_2022,边外河,simulated,24,-1.4661242948284507,0.3244885263375282,0.21984362546560177,0.1735976132290012,0.777142709447647,,True,True
LAND1_F23_T0_s0,2021_2022,连江西牛,simulated,24,0.38221188241288906,0.3789793313829863,-0.03651633131385745,0.7895251161585547,0.304342289961881,,True,True
LAND1_F23_T0_s0,2021_2022,那弄,simulated,24,-0.011920816026230963,0.6684974402754249,-0.14368765999991662,0.197231019887952,0.13343116321037882,,True,True
LAND1_F23_T0_s0,2021_2022,郁江口,simulated,18,-3.9157890266383832,0.6713140435826219,-0.13693140371127122,-0.30749548213485556,1.6433547931423325,,True,True
LAND1_F23_T0_s0,2021_2022,都安,simulated,19,-0.24870216987148797,0.45215410026462416,0.15558119494243305,-0.18334062392532502,0.18336521552545196,,True,True
LAND1_F23_T0_s0,2021_2022,都骑,simulated,24,0.3353990037923943,0.37458726093674316,-0.07395212910491056,0.6352956320417017,0.42963046291112894,,True,True
LAND1_F23_T0_s0,2021_2022,锁龙桥,simulated,23,0.36225398433872835,1.0241689164469299,0.02755398075305049,0.7442398153448925,0.30700153881558173,,True,True
LAND1_F23_T0_s0,2021_2022,长坝,simulated,24,-0.11882764799750989,0.5104555403668789,0.3350227875304457,0.6639470068612403,0.3851821044081989,,True,True
LAND1_F23_T0_s0,2021_2022,长底大桥,simulated,19,-1.0450221071304444,1.3499638785602124,-0.900665906314785,-0.3058873330584943,0.17191624881812453,,True,True
LAND1_F23_T0_s0,2021_2022,长虹桥,simulated,24,-0.6326506406724937,1.7566068885268067,-1.3732698414538898,0.6918652435997562,0.35496801098662434,,True,True
LAND1_F23_T0_s0,2021_2022,阳朔,simulated,24,0.4642114675269571,0.23006510774652525,0.02772689483257551,0.6941171076824034,0.5950967293196407,,True,True
LAND1_F23_T0_s0,2021_2022,雁江,simulated,24,-0.026505964029970963,0.2194674029477971,-0.11029778345885055,0.613502775533823,0.9924750564175964,,True,True
LAND1_F23_T0_s0,2021_2022,露塘,simulated,24,-4.6859105372125445,0.31856650617104987,0.27358208566007636,0.3674859890328396,1.1596168747248097,,True,True
LAND1_F23_T0_s0,2021_2022,青岩,simulated,19,-6.694793147647889,1.4072732776377237,-1.301543199412996,0.03307887290469021,0.3705651627357794,,True,True
LAND1_F23_T0_s0,2021_2022,顶换村,simulated,17,-0.9171818580311799,0.6188537492128281,-0.3894543730574249,-0.360801838676321,0.17593133981348674,,True,True
LAND1_F23_T0_s0,2021_2022,马头福水,simulated,19,-0.5621448249795937,0.3620436913515313,-0.20848676606159122,0.1644593798907394,0.431217776571655,,True,True
LAND1_F23_T0_s0,2021_2022,马陇,simulated,19,-0.6128884551910831,0.26917278379327564,-0.04088057363610309,-0.2232631710659931,0.5676426808041705,,True,True
LAND1_F23_T0_s0,2021_2022,高桥,simulated,24,-0.050435952053729194,0.3730124207222047,0.10208248653866803,0.35798746330875525,0.6740855801550842,,True,True
LAND1_F23_T0_s0,2021_2022,黄果树,simulated,24,-3.1781740090368826,0.8962633798034206,-0.6563133308220137,-0.026445969193602238,0.9422701630854513,,True,True
LAND1_F23_T0_s0,2021_2022,黄沙湾,simulated,20,-0.36626882385276094,0.5147816379841628,0.1869127526908625,0.04141915379266651,0.47484952293402743,,True,True
LAND1_F23_T0_s0,2021_2022,黄泥河,simulated,24,-5.851109336377395,1.1237320124700374,-1.0322696380669691,0.16864525155900367,0.48217551684221643,,True,True
LAND1_F23_T0_s0,2021_2022,黄种村,simulated,19,-1.6863075987737535,0.5004648537326306,-0.3854386133263392,0.05108089443075742,0.3601733280618672,,True,True
LAND1_F23_T0_s0,2021_2022,龙川城铁路桥,simulated,24,-5.582397557273925,1.0705069498724458,-1.019743871055959,0.7597965704624596,0.3276396123602857,,True,True
LAND1_F23_T0_s0,2021_2022,龙归,simulated,24,-0.1983991646226566,1.0541988698805411,-0.42074709279002775,0.05095702010940689,0.15145070464074178,,True,True
LAND1_F23_T0_s0,2021_2022,龙江三江口,simulated,19,-3.29152224371805,0.43173730141259403,-0.37994183322645947,0.24283210371601963,0.40686647567056716,,True,True
LAND1_F23_T0_s0,2021_2022,龙眼电站,simulated,19,-1.3039817872009931,0.6013605516261538,0.31273722246234903,-0.2663631858363803,0.6007100351354683,,True,True
