job,period,station_key,configuration,n,NSE,RMSE,bias,correlation,amplitude_ratio,reason,month_centered_n,month_centered_NSE,month_centered_RMSE,month_centered_bias,month_centered_correlation,month_centered_amplitude_ratio,month_centered_reason,coverage_sufficient,nse_eligible
U_F23_T0_s1,2021_2022,九甸大桥,simulated,163,0.018850980595302214,1.6478549495493133,-1.0006805171429294,0.8013128088209597,0.29000553715892274,,163,0.19947516381323915,0.8100208534474647,5.377642775528102e-17,0.649464698809666,0.1779466915324347,,True,True
U_F23_T0_s1,2021_2022,交州,simulated,135,0.06255569220432589,0.3710898762418802,0.03139006830990054,0.2861135361327165,0.17387454175092268,,135,0.02250463813131165,0.24912612654007732,-9.215718466126788e-19,0.19408194277615076,0.0709431496179702,,True,True
U_F23_T0_s1,2021_2022,六景,simulated,186,-4.269777878854117,0.5730208158251614,-0.4758404014501796,0.26395409370588485,1.103918304147378,,186,-0.3396657530770655,0.17393483465517834,9.324138683375338e-17,0.008515793440725408,0.5913865096505813,,True,True
U_F23_T0_s1,2021_2022,南岸,simulated,177,-0.35943200309409185,0.5093656693330952,-0.3257050893350879,0.5400096360807721,0.8485638214307153,,177,0.2628075989497334,0.20377955777427617,7.632783294297951e-17,0.5159422760768322,0.5741559625569767,,True,True
U_F23_T0_s1,2021_2022,厂房大桥,simulated,162,-3.4865817401312675,1.3051580440543271,1.150382885318236,0.47722005468994505,0.955495693257789,,162,-0.09504459004440458,0.42142454888327285,1.4051260155412137e-16,0.18384247632592735,0.5427890547273012,,True,True
U_F23_T0_s1,2021_2022,叮当,simulated,188,0.20639259361747464,0.6575642551590948,-0.2230414176202995,0.662652587508272,0.28660785519005194,,188,0.1015009380225872,0.2429013965825002,1.5829351718288365e-17,0.3208062865798665,0.2831800259820295,,True,True
U_F23_T0_s1,2021_2022,棉江,simulated,181,-0.3751300109038733,0.39939181801877865,0.3035246514144718,0.6476440711002108,0.6285005439887037,,181,0.03796978051864364,0.1847622963961005,-3.0357660829594124e-18,0.20084647534392253,0.24952425404666714,,True,True
U_F23_T0_s1,2021_2022,永昌桥,simulated,176,-0.08411433395558343,1.5956626963127885,-0.8666403680406338,0.5274730683774052,0.32120173647825134,,176,0.1435233122711751,0.8894052549870738,2.47198095326695e-16,0.47091280652571993,0.19120660516658833,,True,True
U_F23_T0_s1,2021_2022,盘溪大桥,simulated,168,0.11646289643989227,1.4530335706120545,1.0019350284792905,0.7699444319277112,0.5327702442866119,,168,0.20490143737555155,0.5528634991556829,-1.3877787807814457e-16,0.4532000225264868,0.4753093654035787,,True,True
U_F23_T0_s1,2021_2022,石角,simulated,149,-0.4398318509367207,0.38607172554073493,0.15545884995324966,0.3479918982531564,0.9202447517654235,,149,0.16826868608212842,0.2904838802319065,-1.734723475976807e-18,0.41239840142538425,0.45486904323927796,,True,True
U_F23_T0_s1,2021_2022,禄丰村,simulated,170,0.4031499446144273,1.0974195833282643,0.597493177962809,0.8289108317281804,0.5017722705284313,,170,0.315011059687036,0.5938069547062156,-1.7650811368064012e-16,0.5920338822805608,0.4036378683069181,,True,True
U_F23_T0_s1,2021_2022,自良渡口,simulated,162,0.06985628954992784,0.7970230468323906,-0.29523176554189723,0.4776485670704911,0.30252791110343,,162,0.09639372490653508,0.4205674231416846,-5.204170427930421e-18,0.3111283182141068,0.2909514629536014,,True,True
U_F23_T0_s1,2021_2022,边外河,simulated,66,-4.7323790545643085,0.4675079641237089,0.4504206832980939,0.7978544453770353,0.5788852019874619,,66,0.060220130923794635,0.07585305730485424,6.787105599759258e-17,0.2575000218721818,0.3355136767050348,,True,True
U_F23_T0_s1,2021_2022,阳朔,simulated,165,-0.040806728501807,0.5904632926685619,-0.14304847909591678,0.16618382028020282,0.2518372661701963,,165,0.024330617705541124,0.4067631955616043,-3.155028321932818e-17,0.15900838005740436,0.18987984297931185,,True,True
U_F23_T0_s1,2021_2022,高桥,simulated,175,-0.9006357435976591,0.4325064184178645,0.24065631334236293,-0.040956380618892174,0.5192800774897622,,175,-0.4089605163341634,0.18620013373962035,4.85722573273506e-17,-0.08758125428650722,0.5578883363500782,,True,True
