arm,reference,period,metric,baseline,candidate,change,improved_station_fraction
A-HALF,MIX,2021-2023,ratio_error,0.6854377660175324,0.749085483463304,0.06364771744577158,0.5714285714285714
A-HALF,MIX,2021-2023,peak_error,1.980787088300633,2.542806297832409,0.562019209531776,0.5714285714285714
A-HALF,MIX,2021-2023,base_error,6.172813641758164,9.515939802389974,3.343126160631811,0.6428571428571429
A-HALF,MIX,2024,ratio_error,0.6054224778000151,0.6130818015518622,0.00765932375184708,0.4666666666666667
A-HALF,MIX,2024,peak_error,1.6836557703729913,3.1772544545123775,1.4935986841393862,0.26666666666666666
A-HALF,MIX,2024,base_error,5.6905343007231775,10.825390866199546,5.134856565476369,0.4666666666666667
A-HALF,H1-D29,2021-2023,ratio_error,0.2683326639864058,0.749085483463304,0.48075281947689813,0.0
A-HALF,H1-D29,2021-2023,peak_error,1.5517175039868782,2.542806297832409,0.9910887938455308,0.5
A-HALF,H1-D29,2021-2023,base_error,0.7315729057414048,9.515939802389974,8.784366896648569,0.0
A-HALF,H1-D29,2024,ratio_error,0.21141551344911969,0.6130818015518622,0.4016662881027425,0.06666666666666667
A-HALF,H1-D29,2024,peak_error,1.5615240828911858,3.1772544545123775,1.6157303716211917,0.5333333333333333
A-HALF,H1-D29,2024,base_error,1.4647122149819463,10.825390866199546,9.3606786512176,0.13333333333333333
A-FULL,MIX,2021-2023,ratio_error,0.6854377660175324,0.7384348375810383,0.05299707156350597,0.5714285714285714
A-FULL,MIX,2021-2023,peak_error,1.980787088300633,3.6495083451257386,1.6687212568251055,0.35714285714285715
A-FULL,MIX,2021-2023,base_error,6.172813641758164,13.10273086200259,6.929917220244426,0.6428571428571429
A-FULL,MIX,2024,ratio_error,0.6054224778000151,0.6148861180177684,0.009463640217753255,0.4
A-FULL,MIX,2024,peak_error,1.6836557703729913,5.115741354275776,3.4320855839027846,0.26666666666666666
A-FULL,MIX,2024,base_error,5.6905343007231775,16.322075597631827,10.63154129690865,0.4666666666666667
A-FULL,H1-D29,2021-2023,ratio_error,0.2683326639864058,0.7384348375810383,0.4701021735946325,0.0
A-FULL,H1-D29,2021-2023,peak_error,1.5517175039868782,3.6495083451257386,2.0977908411388606,0.35714285714285715
A-FULL,H1-D29,2021-2023,base_error,0.7315729057414048,13.10273086200259,12.371157956261184,0.0
A-FULL,H1-D29,2024,ratio_error,0.21141551344911969,0.6148861180177684,0.4034706045686487,0.06666666666666667
A-FULL,H1-D29,2024,peak_error,1.5615240828911858,5.115741354275776,3.55421727138459,0.5333333333333333
A-FULL,H1-D29,2024,base_error,1.4647122149819463,16.322075597631827,14.857363382649881,0.13333333333333333
B-P0.5-R0.1,MIX,2021-2023,ratio_error,0.6854377660175324,0.6935345291692967,0.00809676315176433,0.5714285714285714
B-P0.5-R0.1,MIX,2021-2023,peak_error,1.980787088300633,2.1866414806119874,0.20585439231135427,0.2857142857142857
B-P0.5-R0.1,MIX,2021-2023,base_error,6.172813641758164,6.999414000828139,0.8266003590699755,0.35714285714285715
B-P0.5-R0.1,MIX,2024,ratio_error,0.6054224778000151,0.6079109344245814,0.0024884566245663153,0.4666666666666667
B-P0.5-R0.1,MIX,2024,peak_error,1.6836557703729913,2.0119923669152326,0.32833659654224134,0.26666666666666666
B-P0.5-R0.1,MIX,2024,base_error,5.6905343007231775,6.837076889450553,1.1465425887273755,0.3333333333333333
B-P0.5-R0.1,H1-D29,2021-2023,ratio_error,0.2683326639864058,0.6935345291692967,0.4252018651828909,0.0
B-P0.5-R0.1,H1-D29,2021-2023,peak_error,1.5517175039868782,2.1866414806119874,0.6349239766251091,0.5
B-P0.5-R0.1,H1-D29,2021-2023,base_error,0.7315729057414048,6.999414000828139,6.267841095086735,0.0
B-P0.5-R0.1,H1-D29,2024,ratio_error,0.21141551344911969,0.6079109344245814,0.39649542097546175,0.06666666666666667
B-P0.5-R0.1,H1-D29,2024,peak_error,1.5615240828911858,2.0119923669152326,0.4504682840240468,0.5333333333333333
B-P0.5-R0.1,H1-D29,2024,base_error,1.4647122149819463,6.837076889450553,5.372364674468606,0.13333333333333333
B-P0.5-R0.5,MIX,2021-2023,ratio_error,0.6854377660175324,0.6837167584189537,-0.0017210075985786277,0.5
B-P0.5-R0.5,MIX,2021-2023,peak_error,1.980787088300633,2.2109809094944923,0.23019382119385923,0.14285714285714285
B-P0.5-R0.5,MIX,2021-2023,base_error,6.172813641758164,6.74178834559298,0.5689747038348161,0.21428571428571427
B-P0.5-R0.5,MIX,2024,ratio_error,0.6054224778000151,0.6079504121090215,0.00252793430900633,0.4666666666666667
B-P0.5-R0.5,MIX,2024,peak_error,1.6836557703729913,1.9163089265367248,0.2326531561637335,0.2
B-P0.5-R0.5,MIX,2024,base_error,5.6905343007231775,6.446105607231,0.7555713065078224,0.26666666666666666
B-P0.5-R0.5,H1-D29,2021-2023,ratio_error,0.2683326639864058,0.6837167584189537,0.4153840944325479,0.0
B-P0.5-R0.5,H1-D29,2021-2023,peak_error,1.5517175039868782,2.2109809094944923,0.6592634055076141,0.5
B-P0.5-R0.5,H1-D29,2021-2023,base_error,0.7315729057414048,6.74178834559298,6.010215439851575,0.0
B-P0.5-R0.5,H1-D29,2024,ratio_error,0.21141551344911969,0.6079504121090215,0.39653489865990177,0.06666666666666667
B-P0.5-R0.5,H1-D29,2024,peak_error,1.5615240828911858,1.9163089265367248,0.35478484364553897,0.5333333333333333
B-P0.5-R0.5,H1-D29,2024,base_error,1.4647122149819463,6.446105607231,4.981393392249053,0.13333333333333333
B-P0.5-R1,MIX,2021-2023,ratio_error,0.6854377660175324,0.6825499138349238,-0.0028878521826085635,0.5
B-P0.5-R1,MIX,2021-2023,peak_error,1.980787088300633,2.213910155506786,0.23312306720615283,0.07142857142857142
B-P0.5-R1,MIX,2021-2023,base_error,6.172813641758164,6.710403445193932,0.5375898034357682,0.14285714285714285
B-P0.5-R1,MIX,2024,ratio_error,0.6054224778000151,0.6078569784720472,0.0024345006720321027,0.4666666666666667
B-P0.5-R1,MIX,2024,peak_error,1.6836557703729913,1.897247138262369,0.21359136788937771,0.2
B-P0.5-R1,MIX,2024,base_error,5.6905343007231775,6.3742675786095635,0.683733277886386,0.26666666666666666
B-P0.5-R1,H1-D29,2021-2023,ratio_error,0.2683326639864058,0.6825499138349238,0.414217249848518,0.0
B-P0.5-R1,H1-D29,2021-2023,peak_error,1.5517175039868782,2.213910155506786,0.6621926515199077,0.5
B-P0.5-R1,H1-D29,2021-2023,base_error,0.7315729057414048,6.710403445193932,5.978830539452527,0.0
B-P0.5-R1,H1-D29,2024,ratio_error,0.21141551344911969,0.6078569784720472,0.39644146502292754,0.06666666666666667
B-P0.5-R1,H1-D29,2024,peak_error,1.5615240828911858,1.897247138262369,0.3357230553711832,0.5333333333333333
B-P0.5-R1,H1-D29,2024,base_error,1.4647122149819463,6.3742675786095635,4.909555363627617,0.13333333333333333
B-P1-R0.1,MIX,2021-2023,ratio_error,0.6854377660175324,0.7014950657496898,0.016057299732157415,0.5714285714285714
B-P1-R0.1,MIX,2021-2023,peak_error,1.980787088300633,2.3179530899095044,0.33716600160887134,0.42857142857142855
B-P1-R0.1,MIX,2021-2023,base_error,6.172813641758164,7.5833070632950665,1.410493421536903,0.35714285714285715
B-P1-R0.1,MIX,2024,ratio_error,0.6054224778000151,0.6106637243187891,0.005241246518774001,0.4666666666666667
B-P1-R0.1,MIX,2024,peak_error,1.6836557703729913,2.22176150999301,0.5381057396200186,0.26666666666666666
B-P1-R0.1,MIX,2024,base_error,5.6905343007231775,7.596787904665141,1.9062536039419635,0.4
B-P1-R0.1,H1-D29,2021-2023,ratio_error,0.2683326639864058,0.7014950657496898,0.43316240176328397,0.0
B-P1-R0.1,H1-D29,2021-2023,peak_error,1.5517175039868782,2.3179530899095044,0.7662355859226262,0.5
B-P1-R0.1,H1-D29,2021-2023,base_error,0.7315729057414048,7.5833070632950665,6.851734157553662,0.0
B-P1-R0.1,H1-D29,2024,ratio_error,0.21141551344911969,0.6106637243187891,0.39924821086966944,0.06666666666666667
B-P1-R0.1,H1-D29,2024,peak_error,1.5615240828911858,2.22176150999301,0.6602374271018241,0.5333333333333333
B-P1-R0.1,H1-D29,2024,base_error,1.4647122149819463,7.596787904665141,6.1320756896831945,0.06666666666666667
B-P1-R0.5,MIX,2021-2023,ratio_error,0.6854377660175324,0.6851935741211542,-0.0002441918963781431,0.5714285714285714
B-P1-R0.5,MIX,2021-2023,peak_error,1.980787088300633,2.231573779252173,0.25078669095153994,0.14285714285714285
B-P1-R0.5,MIX,2021-2023,base_error,6.172813641758164,6.840237578361843,0.6674239366036794,0.21428571428571427
B-P1-R0.5,MIX,2024,ratio_error,0.6054224778000151,0.6081218910248708,0.0026994132248556735,0.4666666666666667
B-P1-R0.5,MIX,2024,peak_error,1.6836557703729913,1.9535270182373599,0.26987124786436856,0.2
B-P1-R0.5,MIX,2024,base_error,5.6905343007231775,6.569753809305656,0.8792195085824783,0.3333333333333333
B-P1-R0.5,H1-D29,2021-2023,ratio_error,0.2683326639864058,0.6851935741211542,0.4168609101347484,0.0
B-P1-R0.5,H1-D29,2021-2023,peak_error,1.5517175039868782,2.231573779252173,0.6798562752652948,0.5
B-P1-R0.5,H1-D29,2021-2023,base_error,0.7315729057414048,6.840237578361843,6.1086646726204386,0.0
B-P1-R0.5,H1-D29,2024,ratio_error,0.21141551344911969,0.6081218910248708,0.3967063775757511,0.06666666666666667
B-P1-R0.5,H1-D29,2024,peak_error,1.5615240828911858,1.9535270182373599,0.39200293534617403,0.5333333333333333
B-P1-R0.5,H1-D29,2024,base_error,1.4647122149819463,6.569753809305656,5.105041594323709,0.13333333333333333
B-P1-R1,MIX,2021-2023,ratio_error,0.6854377660175324,0.6825499138349238,-0.0028878521826085635,0.5
B-P1-R1,MIX,2021-2023,peak_error,1.980787088300633,2.2139101555067864,0.23312306720615328,0.07142857142857142
B-P1-R1,MIX,2021-2023,base_error,6.172813641758164,6.710403445193932,0.5375898034357682,0.14285714285714285
B-P1-R1,MIX,2024,ratio_error,0.6054224778000151,0.6078569784720472,0.0024345006720321027,0.4666666666666667
B-P1-R1,MIX,2024,peak_error,1.6836557703729913,1.897247138262369,0.21359136788937771,0.2
B-P1-R1,MIX,2024,base_error,5.6905343007231775,6.3742675786095635,0.683733277886386,0.26666666666666666
B-P1-R1,H1-D29,2021-2023,ratio_error,0.2683326639864058,0.6825499138349238,0.414217249848518,0.0
B-P1-R1,H1-D29,2021-2023,peak_error,1.5517175039868782,2.2139101555067864,0.6621926515199081,0.5
B-P1-R1,H1-D29,2021-2023,base_error,0.7315729057414048,6.710403445193932,5.978830539452527,0.0
B-P1-R1,H1-D29,2024,ratio_error,0.21141551344911969,0.6078569784720472,0.39644146502292754,0.06666666666666667
B-P1-R1,H1-D29,2024,peak_error,1.5615240828911858,1.897247138262369,0.3357230553711832,0.5333333333333333
B-P1-R1,H1-D29,2024,base_error,1.4647122149819463,6.3742675786095635,4.909555363627617,0.13333333333333333
C-W0.2-P0.2,MIX,2021-2023,ratio_error,0.6854377660175324,0.6855003661040291,6.260008649672244e-05,0.2857142857142857
C-W0.2-P0.2,MIX,2021-2023,peak_error,1.980787088300633,1.9818551201872405,0.0010680318866074234,0.42857142857142855
C-W0.2-P0.2,MIX,2021-2023,base_error,6.172813641758164,6.17686595047343,0.004052308715266406,0.21428571428571427
C-W0.2-P0.2,MIX,2024,ratio_error,0.6054224778000151,0.6055132725801696,9.079478015450171e-05,0.6
C-W0.2-P0.2,MIX,2024,peak_error,1.6836557703729913,1.6791978689722449,-0.004457901400746422,0.5333333333333333
C-W0.2-P0.2,MIX,2024,base_error,5.6905343007231775,5.684469229619553,-0.006065071103624753,0.6666666666666666
C-W0.2-P0.2,H1-D29,2021-2023,ratio_error,0.2683326639864058,0.6855003661040291,0.4171677021176233,0.0
C-W0.2-P0.2,H1-D29,2021-2023,peak_error,1.5517175039868782,1.9818551201872405,0.4301376162003623,0.5
C-W0.2-P0.2,H1-D29,2021-2023,base_error,0.7315729057414048,6.17686595047343,5.445293044732026,0.0
C-W0.2-P0.2,H1-D29,2024,ratio_error,0.21141551344911969,0.6055132725801696,0.39409775913104994,0.06666666666666667
C-W0.2-P0.2,H1-D29,2024,peak_error,1.5615240828911858,1.6791978689722449,0.11767378608105905,0.6
C-W0.2-P0.2,H1-D29,2024,base_error,1.4647122149819463,5.684469229619553,4.219757014637606,0.13333333333333333
C-W0.2-P0.5,MIX,2021-2023,ratio_error,0.6854377660175324,0.7301169066155404,0.04467914059800804,0.21428571428571427
C-W0.2-P0.5,MIX,2021-2023,peak_error,1.980787088300633,2.231415846774554,0.2506287584739211,0.42857142857142855
C-W0.2-P0.5,MIX,2021-2023,base_error,6.172813641758164,7.217494302749475,1.044680660991311,0.21428571428571427
C-W0.2-P0.5,MIX,2024,ratio_error,0.6054224778000151,0.6302512489057552,0.02482877110574011,0.26666666666666666
C-W0.2-P0.5,MIX,2024,peak_error,1.6836557703729913,1.9046128958667703,0.220957125493779,0.4666666666666667
C-W0.2-P0.5,MIX,2024,base_error,5.6905343007231775,6.883399710935553,1.1928654102123755,0.2
C-W0.2-P0.5,H1-D29,2021-2023,ratio_error,0.2683326639864058,0.7301169066155404,0.4617842426291346,0.0
C-W0.2-P0.5,H1-D29,2021-2023,peak_error,1.5517175039868782,2.231415846774554,0.6796983427876759,0.5714285714285714
C-W0.2-P0.5,H1-D29,2021-2023,base_error,0.7315729057414048,7.217494302749475,6.48592139700807,0.0
C-W0.2-P0.5,H1-D29,2024,ratio_error,0.21141551344911969,0.6302512489057552,0.41883573545663555,0.06666666666666667
C-W0.2-P0.5,H1-D29,2024,peak_error,1.5615240828911858,1.9046128958667703,0.34308881297558447,0.5333333333333333
C-W0.2-P0.5,H1-D29,2024,base_error,1.4647122149819463,6.883399710935553,5.418687495953606,0.13333333333333333
C-W0.2-P1,MIX,2021-2023,ratio_error,0.6854377660175324,0.7852281617179747,0.09979039570044235,0.14285714285714285
C-W0.2-P1,MIX,2021-2023,peak_error,1.980787088300633,2.6548208345308804,0.6740337462302473,0.5
C-W0.2-P1,MIX,2021-2023,base_error,6.172813641758164,8.90187120331275,2.729057561554586,0.21428571428571427
C-W0.2-P1,MIX,2024,ratio_error,0.6054224778000151,0.6690699040668964,0.06364742626688125,0.13333333333333333
C-W0.2-P1,MIX,2024,peak_error,1.6836557703729913,2.3870290354986605,0.7033732651256692,0.3333333333333333
C-W0.2-P1,MIX,2024,base_error,5.6905343007231775,8.890781814111373,3.200247513388195,0.2
C-W0.2-P1,H1-D29,2021-2023,ratio_error,0.2683326639864058,0.7852281617179747,0.516895497731569,0.0
C-W0.2-P1,H1-D29,2021-2023,peak_error,1.5517175039868782,2.6548208345308804,1.1031033305440021,0.42857142857142855
C-W0.2-P1,H1-D29,2021-2023,base_error,0.7315729057414048,8.90187120331275,8.170298297571344,0.0
C-W0.2-P1,H1-D29,2024,ratio_error,0.21141551344911969,0.6690699040668964,0.4576543906177767,0.06666666666666667
C-W0.2-P1,H1-D29,2024,peak_error,1.5615240828911858,2.3870290354986605,0.8255049526074747,0.5333333333333333
C-W0.2-P1,H1-D29,2024,base_error,1.4647122149819463,8.890781814111373,7.426069599129426,0.06666666666666667
C-W0.5-P0.5,MIX,2021-2023,ratio_error,0.6854377660175324,0.6856372338751001,0.00019946785756774776,0.0
C-W0.5-P0.5,MIX,2021-2023,peak_error,1.980787088300633,1.9831130754924973,0.002325987191864165,0.14285714285714285
C-W0.5-P0.5,MIX,2021-2023,base_error,6.172813641758164,6.179964618698105,0.0071509769399416,0.0
C-W0.5-P0.5,MIX,2024,ratio_error,0.6054224778000151,0.6052971810486388,-0.00012529675137629148,0.3333333333333333
C-W0.5-P0.5,MIX,2024,peak_error,1.6836557703729913,1.6862344552582607,0.0025786848852693556,0.2
C-W0.5-P0.5,MIX,2024,base_error,5.6905343007231775,5.6961903446266,0.005656043903422336,0.2
C-W0.5-P0.5,H1-D29,2021-2023,ratio_error,0.2683326639864058,0.6856372338751001,0.4173045698886943,0.0
C-W0.5-P0.5,H1-D29,2021-2023,peak_error,1.5517175039868782,1.9831130754924973,0.431395571505619,0.5
C-W0.5-P0.5,H1-D29,2021-2023,base_error,0.7315729057414048,6.179964618698105,5.448391712956701,0.0
C-W0.5-P0.5,H1-D29,2024,ratio_error,0.21141551344911969,0.6052971810486388,0.39388166759951915,0.06666666666666667
C-W0.5-P0.5,H1-D29,2024,peak_error,1.5615240828911858,1.6862344552582607,0.12471037236707483,0.6
C-W0.5-P0.5,H1-D29,2024,base_error,1.4647122149819463,5.6961903446266,4.231478129644653,0.13333333333333333
C-W0.5-P1,MIX,2021-2023,ratio_error,0.6854377660175324,0.7148964339948574,0.029458667977324993,0.2857142857142857
C-W0.5-P1,MIX,2021-2023,peak_error,1.980787088300633,2.698246899859314,0.7174598115586808,0.21428571428571427
C-W0.5-P1,MIX,2021-2023,base_error,6.172813641758164,8.053679354554843,1.8808657127966795,0.07142857142857142
C-W0.5-P1,MIX,2024,ratio_error,0.6054224778000151,0.6192661543124954,0.013843676512480307,0.4666666666666667
C-W0.5-P1,MIX,2024,peak_error,1.6836557703729913,2.347436657885303,0.6637808875123119,0.2
C-W0.5-P1,MIX,2024,base_error,5.6905343007231775,7.531717704973971,1.8411834042507937,0.13333333333333333
C-W0.5-P1,H1-D29,2021-2023,ratio_error,0.2683326639864058,0.7148964339948574,0.44656377000845154,0.0
C-W0.5-P1,H1-D29,2021-2023,peak_error,1.5517175039868782,2.698246899859314,1.1465293958724356,0.35714285714285715
C-W0.5-P1,H1-D29,2021-2023,base_error,0.7315729057414048,8.053679354554843,7.322106448813439,0.0
C-W0.5-P1,H1-D29,2024,ratio_error,0.21141551344911969,0.6192661543124954,0.40785064086337575,0.06666666666666667
C-W0.5-P1,H1-D29,2024,peak_error,1.5615240828911858,2.347436657885303,0.7859125749941174,0.4666666666666667
C-W0.5-P1,H1-D29,2024,base_error,1.4647122149819463,7.531717704973971,6.067005489992025,0.06666666666666667
C-W0.8-P0.5,MIX,2021-2023,ratio_error,0.6854377660175324,0.715107715891264,0.029669949873731616,0.21428571428571427
C-W0.8-P0.5,MIX,2021-2023,peak_error,1.980787088300633,1.3156937730305245,-0.6650933152701086,0.9285714285714286
C-W0.8-P0.5,MIX,2021-2023,base_error,6.172813641758164,5.174031147593701,-0.9987824941644625,1.0
C-W0.8-P0.5,MIX,2024,ratio_error,0.6054224778000151,0.6224476161695539,0.017025138369538784,0.3333333333333333
C-W0.8-P0.5,MIX,2024,peak_error,1.6836557703729913,1.4253424389345966,-0.25831333143839474,0.6
C-W0.8-P0.5,MIX,2024,base_error,5.6905343007231775,4.953725852652011,-0.7368084480711667,1.0
C-W0.8-P0.5,H1-D29,2021-2023,ratio_error,0.2683326639864058,0.715107715891264,0.44677505190485817,0.0
C-W0.8-P0.5,H1-D29,2021-2023,peak_error,1.5517175039868782,1.3156937730305245,-0.23602373095635376,0.7142857142857143
C-W0.8-P0.5,H1-D29,2021-2023,base_error,0.7315729057414048,5.174031147593701,4.442458241852297,0.07142857142857142
C-W0.8-P0.5,H1-D29,2024,ratio_error,0.21141551344911969,0.6224476161695539,0.4110321027204342,0.06666666666666667
C-W0.8-P0.5,H1-D29,2024,peak_error,1.5615240828911858,1.4253424389345966,-0.13618164395658927,0.6666666666666666
C-W0.8-P0.5,H1-D29,2024,base_error,1.4647122149819463,4.953725852652011,3.4890136376700642,0.2
C-W0.8-P0.8,MIX,2021-2023,ratio_error,0.6854377660175324,0.6856728848227075,0.0002351188051751274,0.0
C-W0.8-P0.8,MIX,2021-2023,peak_error,1.980787088300633,1.983886965332722,0.0030998770320889157,0.07142857142857142
C-W0.8-P0.8,MIX,2021-2023,base_error,6.172813641758164,6.180574557697725,0.007760915939561741,0.0
C-W0.8-P0.8,MIX,2024,ratio_error,0.6054224778000151,0.6049290382981201,-0.0004934395018950655,0.2
C-W0.8-P0.8,MIX,2024,peak_error,1.6836557703729913,1.6827570618995231,-0.0008987084734681794,0.13333333333333333
C-W0.8-P0.8,MIX,2024,base_error,5.6905343007231775,5.683709094633427,-0.0068252060897506794,0.13333333333333333
C-W0.8-P0.8,H1-D29,2021-2023,ratio_error,0.2683326639864058,0.6856728848227075,0.4173402208363017,0.0
C-W0.8-P0.8,H1-D29,2021-2023,peak_error,1.5517175039868782,1.983886965332722,0.4321694613458438,0.5
C-W0.8-P0.8,H1-D29,2021-2023,base_error,0.7315729057414048,6.180574557697725,5.449001651956321,0.0
C-W0.8-P0.8,H1-D29,2024,ratio_error,0.21141551344911969,0.6049290382981201,0.3935135248490004,0.06666666666666667
C-W0.8-P0.8,H1-D29,2024,peak_error,1.5615240828911858,1.6827570618995231,0.1212329790083373,0.6
C-W0.8-P0.8,H1-D29,2024,base_error,1.4647122149819463,5.683709094633427,4.21899687965148,0.13333333333333333
C-W0.8-P1,MIX,2021-2023,ratio_error,0.6854377660175324,0.6653344709211922,-0.020103295096340124,0.7857142857142857
C-W0.8-P1,MIX,2021-2023,peak_error,1.980787088300633,2.473055636706851,0.4922685484062177,0.07142857142857142
C-W0.8-P1,MIX,2021-2023,base_error,6.172813641758164,6.819716182478357,0.6469025407201938,0.0
C-W0.8-P1,MIX,2024,ratio_error,0.6054224778000151,0.5945499992611251,-0.010872478538890062,0.7333333333333333
C-W0.8-P1,MIX,2024,peak_error,1.6836557703729913,1.9898734696797675,0.3062176993067762,0.06666666666666667
C-W0.8-P1,MIX,2024,base_error,5.6905343007231775,6.182429468289739,0.49189516756656193,0.13333333333333333
C-W0.8-P1,H1-D29,2021-2023,ratio_error,0.2683326639864058,0.6653344709211922,0.3970018069347864,0.0
C-W0.8-P1,H1-D29,2021-2023,peak_error,1.5517175039868782,2.473055636706851,0.9213381327199726,0.42857142857142855
C-W0.8-P1,H1-D29,2021-2023,base_error,0.7315729057414048,6.819716182478357,6.088143276736953,0.0
C-W0.8-P1,H1-D29,2024,ratio_error,0.21141551344911969,0.5945499992611251,0.3831344858120054,0.06666666666666667
C-W0.8-P1,H1-D29,2024,peak_error,1.5615240828911858,1.9898734696797675,0.4283493867885817,0.5333333333333333
C-W0.8-P1,H1-D29,2024,base_error,1.4647122149819463,6.182429468289739,4.717717253307793,0.13333333333333333
