arm,year,cohort,stations,nse_qualified,nse_median,bias,rmse
A-FULL,2021,ALL,116,116,-795.5916856323006,8.971494646620828,13.080656987585918
A-FULL,2021,H,17,17,-816.57496668717,13.774477458679803,23.974157876757044
A-FULL,2021,N,17,17,-373.55302430227385,6.2158044851515735,8.25006688336274
A-FULL,2021,OTHER,75,75,-970.0024530714139,8.656558309025218,11.906785167328772
A-FULL,2021,X,7,7,-444.06780834348956,7.373816112284442,10.93364315546749
A-FULL,2022,ALL,116,86,-271.04789999041475,6.050661112320097,8.049098721184592
A-FULL,2022,H,17,15,-296.183384994733,8.403665064651577,12.532369845606276
A-FULL,2022,N,17,14,-122.75250124832223,3.501855995448623,4.893118340873744
A-FULL,2022,OTHER,75,52,-352.61258663657065,6.159893027356599,7.8843035374609025
A-FULL,2022,X,7,5,-41.259134829097114,5.355836279383271,6.591341025383524
A-FULL,2023,ALL,116,78,-518.1883753291538,8.340905425141436,12.739058372338228
A-FULL,2023,H,17,16,-895.5058997811966,13.124354177086962,25.206758214268547
A-FULL,2023,N,17,12,-152.6313001058469,3.75635120897046,4.344192403069009
A-FULL,2023,OTHER,75,46,-703.2233731752945,8.662044460069039,12.471348707465634
A-FULL,2023,X,7,4,-114.23083109129351,4.417100464036061,5.716208233796233
A-FULL,2024,ALL,116,85,-359.48590065011393,7.242774120040438,11.356769702787226
A-FULL,2024,H,17,16,-426.4873811276698,12.347473221589455,22.54669936654286
A-FULL,2024,N,17,12,-88.15099137585352,2.4217277529455656,3.869687910073483
A-FULL,2024,OTHER,75,53,-470.5686639367029,7.196498341907213,10.645793819627405
A-FULL,2024,X,7,4,-50.837983599738536,7.049715102079196,9.981737906969268
A-HALF,2021,ALL,116,116,-546.8361479939092,9.476596267728496,11.196784632039657
A-HALF,2021,H,17,17,-462.509967912654,15.546217322075798,19.066820198341034
A-HALF,2021,N,17,17,-342.29809261805303,6.4656792840757085,7.401295518425116
A-HALF,2021,OTHER,75,75,-662.7234755710052,8.916050693679285,10.392625814831977
A-HALF,2021,X,7,7,-354.35107596817824,8.054160389426205,9.917444859882478
A-HALF,2022,ALL,116,86,-255.1637589833988,6.916115804824437,7.829609892856242
A-HALF,2022,H,17,15,-341.5529323921219,11.19532552195274,12.72031208865965
A-HALF,2022,N,17,14,-129.0059170566432,4.10241977802277,4.762178043395896
A-HALF,2022,OTHER,75,52,-319.81396284270284,6.708222956524473,7.545878536076346
A-HALF,2022,X,7,5,-43.222558714852426,5.584434502959361,6.441646445807697
A-HALF,2023,ALL,116,78,-456.0786096752064,9.991214398580802,11.514823153437963
A-HALF,2023,H,17,16,-680.418858227896,17.65243453922465,21.38569851447091
A-HALF,2023,N,17,12,-174.32997469565643,4.189679268414192,4.639941112028389
A-HALF,2023,OTHER,75,46,-605.3114385420372,9.910265396438275,11.237390601293084
A-HALF,2023,X,7,4,-92.179209697776,6.342147253234624,7.211331007333489
A-HALF,2024,ALL,116,85,-304.5561199267588,8.040168571860926,9.964608077152365
A-HALF,2024,H,17,16,-259.1110825699838,15.465070480296523,18.720290697139962
A-HALF,2024,N,17,12,-78.86325832822948,2.827452193676015,3.7446525057778737
A-HALF,2024,OTHER,75,53,-376.1888214358207,7.653357277657398,9.495738036736286
A-HALF,2024,X,7,4,-42.653804912089875,6.812124722004204,8.830021392121337
B-P0.5-R0.1,2021,ALL,116,116,-488.9154051695041,9.711021156722493,10.694163726634484
B-P0.5-R0.1,2021,H,17,17,-476.3950097571246,16.74284578222909,18.658091202120893
B-P0.5-R0.1,2021,N,17,17,-322.4435319328275,6.477653001221561,7.006204233570749
B-P0.5-R0.1,2021,OTHER,75,75,-575.4219884929036,8.981387371363853,9.835920533807732
B-P0.5-R0.1,2021,X,7,7,-320.22983177710563,8.303703144122741,9.505132835323176
B-P0.5-R0.1,2022,ALL,116,86,-285.9595367209213,7.30939985244858,8.010051111423786
B-P0.5-R0.1,2022,H,17,15,-454.01161366998764,12.706614918867617,13.801552675443574
B-P0.5-R0.1,2022,N,17,14,-134.03372738938572,4.321952302910361,4.892122357410435
B-P0.5-R0.1,2022,OTHER,75,52,-318.51341387553555,6.917509135722371,7.549621090844891
B-P0.5-R0.1,2022,X,7,5,-47.97561533875476,5.65593641923311,6.450267364753469
B-P0.5-R0.1,2023,ALL,116,78,-488.67918741282097,11.112123422190011,12.073899436206815
B-P0.5-R0.1,2023,H,17,16,-739.1940816746707,20.95120342286572,23.009866845726243
B-P0.5-R0.1,2023,N,17,12,-194.1111388266267,4.438163222355719,4.867538242671971
B-P0.5-R0.1,2023,OTHER,75,46,-584.7048689503913,10.734940039041984,11.574148990645527
B-P0.5-R0.1,2023,X,7,4,-91.7436241555379,7.466654439589763,8.370753399829493
B-P0.5-R0.1,2024,ALL,116,85,-310.04861915040004,8.505070854874154,10.029752254670344
B-P0.5-R0.1,2024,H,17,16,-357.81240650428583,17.763417723473022,20.460289638045953
B-P0.5-R0.1,2024,N,17,12,-72.72238404010187,2.9335767362858762,3.6856569782740527
B-P0.5-R0.1,2024,OTHER,75,53,-357.7749301787646,7.854213155447622,9.281912369957412
B-P0.5-R0.1,2024,X,7,4,-39.71077898164572,6.5247609558469835,8.118105902501942
B-P0.5-R0.5,2021,ALL,116,116,-493.36611671230196,9.729688730398378,10.685110822741775
B-P0.5-R0.5,2021,H,17,17,-488.98945150836687,16.802580613115904,18.7739618382786
B-P0.5-R0.5,2021,N,17,17,-322.17602801262865,6.477974336426495,6.976916886071936
B-P0.5-R0.5,2021,OTHER,75,75,-565.6549254484614,8.98545268014487,9.79828115280041
B-P0.5-R0.5,2021,X,7,7,-323.4808926042739,8.423643939017998,9.54811866629367
B-P0.5-R0.5,2022,ALL,116,86,-295.3801697240251,7.446753573253961,8.143664211252945
B-P0.5-R0.5,2022,H,17,15,-497.20335628556785,13.21286465799658,14.33312183407252
B-P0.5-R0.5,2022,N,17,14,-142.0531202237708,4.433900663169481,5.01807622345914
B-P0.5-R0.5,2022,OTHER,75,52,-332.4199632236712,6.989068826745095,7.607395504742029
B-P0.5-R0.5,2022,X,7,5,-51.71432772036237,5.664034575964892,6.448574095950173
B-P0.5-R0.5,2023,ALL,116,78,-494.28923906001927,11.313275668197791,12.29022418740468
B-P0.5-R0.5,2023,H,17,16,-773.6171400330848,21.404813311460554,23.467174793205885
B-P0.5-R0.5,2023,N,17,12,-199.04253577827,4.500264097719285,4.929005722269544
B-P0.5-R0.5,2023,OTHER,75,46,-612.3002210077173,10.894045270660419,11.751371736367751
B-P0.5-R0.5,2023,X,7,4,-96.61773727416949,7.842895179336472,8.79686524975416
B-P0.5-R0.5,2024,ALL,116,85,-316.1824179747053,8.565637461430184,10.08208733940152
B-P0.5-R0.5,2024,H,17,16,-379.3835229681268,18.035072054649746,20.8885135235477
B-P0.5-R0.5,2024,N,17,12,-73.20369782473392,2.9938657057693043,3.719459365726476
B-P0.5-R0.5,2024,OTHER,75,53,-368.04850089115513,7.8803125192086325,9.272459745645785
B-P0.5-R0.5,2024,X,7,4,-40.34682472309487,6.442652094018569,7.964587332783042
B-P0.5-R1,2021,ALL,116,116,-494.59382854996124,9.733756288135307,10.688571986638145
B-P0.5-R1,2021,H,17,17,-491.9041625608182,16.8080288365987,18.793320540667803
B-P0.5-R1,2021,N,17,17,-322.2446087447752,6.482565353109545,6.979381744624293
B-P0.5-R1,2021,OTHER,75,75,-565.1645702771639,8.986938679329437,9.796674083657363
B-P0.5-R1,2021,X,7,7,-325.0327998211144,8.450746749849706,9.569693617965312
B-P0.5-R1,2022,ALL,116,86,-299.0844130954173,7.47686440052796,8.177006425035255
B-P0.5-R1,2022,H,17,15,-505.42710223462745,13.315517117265173,14.450891252305112
B-P0.5-R1,2022,N,17,14,-144.4454839631905,4.462261200209667,5.051006403012909
B-P0.5-R1,2022,OTHER,75,52,-336.03251542529,7.005672683918189,7.624809585082463
B-P0.5-R1,2022,X,7,5,-52.759867695358544,5.6669411100438305,6.448538040356935
B-P0.5-R1,2023,ALL,116,78,-495.6644889135423,11.350159310316597,12.333213231386441
B-P0.5-R1,2023,H,17,16,-780.6283113079355,21.492077597557174,23.562111935008744
B-P0.5-R1,2023,N,17,12,-199.97780959538596,4.509435121317146,4.939801119655197
B-P0.5-R1,2023,OTHER,75,46,-619.3378526854722,10.92302253124479,11.786735511233696
B-P0.5-R1,2023,X,7,4,-97.94493395084261,7.90943913321464,8.873578509859096
B-P0.5-R1,2024,ALL,116,85,-317.9291306929676,8.579573224664427,10.100101444548308
B-P0.5-R1,2024,H,17,16,-383.3246827984817,18.081312930589828,20.969960250981018
B-P0.5-R1,2024,N,17,12,-73.6977796150814,3.0083626682308973,3.731751006575406
B-P0.5-R1,2024,OTHER,75,53,-370.40179856773665,7.889667007926849,9.281429727346683
B-P0.5-R1,2024,X,7,4,-40.698739129738726,6.425854755229652,7.9393495197347494
B-P1-R0.1,2021,ALL,116,116,-480.9257417074449,9.569388571798838,10.606858174742772
B-P1-R0.1,2021,H,17,17,-448.37417140133834,16.46632772977958,18.35196977643396
B-P1-R0.1,2021,N,17,17,-313.05507503928993,6.349698554187717,6.9237164774772975
B-P1-R0.1,2021,OTHER,75,75,-573.1301799160584,8.878527919430672,9.801254662370445
B-P1-R0.1,2021,X,7,7,-312.9813434662767,8.041004791988723,9.373540325126639
B-P1-R0.1,2022,ALL,116,86,-256.75141922814976,7.0363787944731335,7.77533056713272
B-P1-R0.1,2022,H,17,15,-403.12709539337027,11.929959143849095,13.068113064676618
B-P1-R0.1,2022,N,17,14,-118.31035692374178,4.100040097892498,4.690902377772997
B-P1-R0.1,2022,OTHER,75,52,-318.6853487571331,6.7284933903626465,7.402524344168172
B-P1-R0.1,2022,X,7,5,-44.050279590359644,5.581849824582557,6.406536779019881
B-P1-R0.1,2023,ALL,116,78,-474.5630973718944,10.777626383352315,11.741436081976094
B-P1-R0.1,2023,H,17,16,-687.5696070341755,20.180260718120458,22.302396340441675
B-P1-R0.1,2023,N,17,12,-184.52733373012273,4.333183616210177,4.746508153371134
B-P1-R0.1,2023,OTHER,75,46,-558.1162620992272,10.464834002279375,11.29982893042656
B-P1-R0.1,2023,X,7,4,-84.20461137196196,6.944793802042077,7.812577047488171
B-P1-R0.1,2024,ALL,116,85,-296.25461639546353,8.332812532916938,9.899927536086297
B-P1-R0.1,2024,H,17,16,-336.0970452103751,17.330616602844223,19.928622264897573
B-P1-R0.1,2024,N,17,12,-68.32362623039474,2.7621944769423887,3.5571663533132836
B-P1-R0.1,2024,OTHER,75,53,-353.9779010685624,7.724580266638427,9.220799797611804
B-P1-R0.1,2024,X,7,4,-37.24366766112574,6.526420780587192,8.224743265077244
B-P1-R0.5,2021,ALL,116,116,-488.3602221053276,9.702603404418046,10.653332642818798
B-P1-R0.5,2021,H,17,17,-483.37945286497984,16.750568734797124,18.696116248639818
B-P1-R0.5,2021,N,17,17,-319.7213700469017,6.451588519062699,6.949692046536029
B-P1-R0.5,2021,OTHER,75,75,-565.2550439988046,8.965575095784848,9.77674983023922
B-P1-R0.5,2021,X,7,7,-320.967378306642,8.378169916144682,9.507372611578498
B-P1-R0.5,2022,ALL,116,86,-290.1782522095226,7.401082696538024,8.09311288541902
B-P1-R0.5,2022,H,17,15,-488.3073413425577,13.09228255228639,14.196146330085234
B-P1-R0.5,2022,N,17,14,-138.72050501322053,4.396302196237311,4.975469125884861
B-P1-R0.5,2022,OTHER,75,52,-325.53035013933976,6.955661411319689,7.571228754168811
B-P1-R0.5,2022,X,7,5,-50.8199028478556,5.649292317790177,6.4344964849219775
B-P1-R0.5,2023,ALL,116,78,-490.6937561961142,11.261906216115081,12.22834167329927
B-P1-R0.5,2023,H,17,16,-763.6317915872602,21.27948630622727,23.328477003521876
B-P1-R0.5,2023,N,17,12,-197.13143844770707,4.483870220991534,4.905811279460458
B-P1-R0.5,2023,OTHER,75,46,-604.6833034843521,10.853732076129182,11.700480333628896
B-P1-R0.5,2023,X,7,4,-94.90644200957568,7.76773634242018,8.709815467121215
B-P1-R0.5,2024,ALL,116,85,-312.1765967921563,8.533201521110122,10.04198874986582
B-P1-R0.5,2024,H,17,16,-375.2024287839437,17.967729032256386,20.782539315759617
B-P1-R0.5,2024,N,17,12,-71.8611260945703,2.9617929066515933,3.685796644153603
B-P1-R0.5,2024,OTHER,75,53,-364.4956900771094,7.85345500482266,9.242546494615366
B-P1-R0.5,2024,X,7,4,-39.57261788458975,6.4343397322341485,7.959713795679683
B-P1-R1,2021,ALL,116,116,-494.59382854996136,9.733756288135307,10.688571986638145
B-P1-R1,2021,H,17,17,-491.9041625608182,16.8080288365987,18.793320540667803
B-P1-R1,2021,N,17,17,-322.2446087447752,6.482565353109544,6.979381744624293
B-P1-R1,2021,OTHER,75,75,-565.1645702771642,8.986938679329436,9.796674083657363
B-P1-R1,2021,X,7,7,-325.0327998211144,8.450746749849708,9.569693617965314
B-P1-R1,2022,ALL,116,86,-299.0844130954173,7.47686440052796,8.177006425035255
B-P1-R1,2022,H,17,15,-505.42710223462745,13.315517117265173,14.450891252305112
B-P1-R1,2022,N,17,14,-144.4454839631905,4.462261200209667,5.051006403012909
B-P1-R1,2022,OTHER,75,52,-336.03251542528994,7.005672683918189,7.624809585082462
B-P1-R1,2022,X,7,5,-52.759867695358516,5.666941110043831,6.448538040356936
B-P1-R1,2023,ALL,116,78,-495.6644889135423,11.350159310316597,12.333213231386441
B-P1-R1,2023,H,17,16,-780.6283113079356,21.492077597557174,23.562111935008744
B-P1-R1,2023,N,17,12,-199.97780959538596,4.509435121317146,4.939801119655198
B-P1-R1,2023,OTHER,75,46,-619.3378526854722,10.92302253124479,11.786735511233696
B-P1-R1,2023,X,7,4,-97.94493395084262,7.909439133214643,8.873578509859096
B-P1-R1,2024,ALL,116,85,-317.9291306929676,8.579573224664427,10.100101444548308
B-P1-R1,2024,H,17,16,-383.32468279848183,18.081312930589828,20.969960250981018
B-P1-R1,2024,N,17,12,-73.6977796150814,3.0083626682308973,3.731751006575406
B-P1-R1,2024,OTHER,75,53,-370.4017985677366,7.889667007926849,9.281429727346683
B-P1-R1,2024,X,7,4,-40.69873912973874,6.425854755229652,7.939349519734749
C-W0.2-P0.2,2021,ALL,116,116,-530.0691726112614,9.989381366804485,11.034193392939777
C-W0.2-P0.2,2021,H,17,17,-535.0818601100468,17.31190219170045,19.479879857777053
C-W0.2-P0.2,2021,N,17,17,-345.4669306222909,6.724403193830318,7.28255282698676
C-W0.2-P0.2,2021,OTHER,75,75,-602.2243723900709,9.18648834890687,10.07487821432658
C-W0.2-P0.2,2021,X,7,7,-347.36813763660786,8.737774403897458,9.912744552219364
C-W0.2-P0.2,2022,ALL,116,86,-324.3147703524587,7.741526680374204,8.516478159286308
C-W0.2-P0.2,2022,H,17,15,-544.233692541553,13.810151942052912,15.089903013881196
C-W0.2-P0.2,2022,N,17,14,-168.82504116554034,4.691114442802554,5.344813376886421
C-W0.2-P0.2,2022,OTHER,75,52,-389.66706568725704,7.238816167775427,7.923564750329819
C-W0.2-P0.2,2022,X,7,5,-57.605329455754166,5.79776482824398,6.607704508489393
C-W0.2-P0.2,2023,ALL,116,78,-527.4274801329915,11.629530389614732,12.702723595236494
C-W0.2-P0.2,2023,H,17,16,-836.9386219965586,22.0902524828599,24.272163925002147
C-W0.2-P0.2,2023,N,17,12,-213.77882727111484,4.610478683026297,5.106697341059695
C-W0.2-P0.2,2023,OTHER,75,46,-668.2153524797,11.168336088495911,12.124733735806357
C-W0.2-P0.2,2023,X,7,4,-109.9831713839367,8.212555534007233,9.245752191272155
C-W0.2-P0.2,2024,ALL,116,85,-338.8510028679855,8.80122864168408,10.413961320880338
C-W0.2-P0.2,2024,H,17,16,-400.57996481306,18.381925435019838,21.460536671834372
C-W0.2-P0.2,2024,N,17,12,-86.98759122063615,3.2384675738196673,4.038215870300665
C-W0.2-P0.2,2024,OTHER,75,53,-392.8479303939524,8.09292709175008,9.55930646792442
C-W0.2-P0.2,2024,X,7,4,-47.410725601325794,6.632329914832222,8.227533558784538
C-W0.2-P0.5,2021,ALL,116,116,-486.1781820520006,9.780067496303504,10.719257072662225
C-W0.2-P0.5,2021,H,17,17,-475.09246959483926,16.74811768856667,18.638079117540002
C-W0.2-P0.5,2021,N,17,17,-322.2075240978165,6.5154239126596964,7.017192382527121
C-W0.2-P0.5,2021,OTHER,75,75,-577.0916009383895,9.059679423503027,9.866659574595758
C-W0.2-P0.5,2021,X,7,7,-328.78431501759366,8.504523655375909,9.613533833285032
C-W0.2-P0.5,2022,ALL,116,86,-302.2890070720573,7.498827387665246,8.19636730076983
C-W0.2-P0.5,2022,H,17,15,-488.7591048065094,13.139920475301793,14.24655649635604
C-W0.2-P0.5,2022,N,17,14,-146.59108718957484,4.532821186681617,5.123739219208122
C-W0.2-P0.5,2022,OTHER,75,52,-337.76447700199844,7.051564075076969,7.670610868209691
C-W0.2-P0.5,2022,X,7,5,-56.96811348820594,5.794294726382569,6.598252086997531
C-W0.2-P0.5,2023,ALL,116,78,-501.851030963628,11.354508098057254,12.281977208152455
C-W0.2-P0.5,2023,H,17,16,-747.2907513511,21.181263390970496,23.140795172250836
C-W0.2-P0.5,2023,N,17,12,-203.1018879014232,4.583510142823971,4.981412830478144
C-W0.2-P0.5,2023,OTHER,75,46,-618.8536194991126,10.983916589127745,11.800741558662438
C-W0.2-P0.5,2023,X,7,4,-99.71752205019033,7.904006445079235,8.796600457087047
C-W0.2-P0.5,2024,ALL,116,85,-320.92983652119585,8.625912911382795,10.103977019083242
C-W0.2-P0.5,2024,H,17,16,-374.68081656901063,17.9601832045623,20.690802050524994
C-W0.2-P0.5,2024,N,17,12,-77.21783076271393,3.069701678008176,3.799117001624911
C-W0.2-P0.5,2024,OTHER,75,53,-363.65153584937826,7.954643487905716,9.312715788309928
C-W0.2-P0.5,2024,X,7,4,-41.54522792450626,6.642799017682458,8.182718029123283
C-W0.2-P1,2021,ALL,116,116,-466.2164685566062,9.43306007219401,10.364641780106435
C-W0.2-P1,2021,H,17,17,-393.2730211514489,15.809590495612088,17.475756961389987
C-W0.2-P1,2021,N,17,17,-298.45019996011627,6.170005801763102,6.734721925420351
C-W0.2-P1,2021,OTHER,75,75,-554.2611852733606,8.84996520665529,9.676373638752375
C-W0.2-P1,2021,X,7,7,-310.21843400845023,8.119205831425692,9.284611787163232
C-W0.2-P1,2022,ALL,116,86,-260.9130699661472,7.095753960320602,7.8542151904708435
C-W0.2-P1,2022,H,17,15,-417.73793873622543,12.024326016388025,13.142902284981286
C-W0.2-P1,2022,N,17,14,-123.02370843108102,4.271189174290917,4.9866102595811865
C-W0.2-P1,2022,OTHER,75,52,-326.4787325151675,6.740780238389533,7.4124688935082546
C-W0.2-P1,2022,X,7,5,-63.45466370985076,5.789311896633258,6.707440260562394
C-W0.2-P1,2023,ALL,116,78,-479.191309758163,10.897944435637493,11.742875264286267
C-W0.2-P1,2023,H,17,16,-625.4122383947469,19.669250897877134,21.483939193066167
C-W0.2-P1,2023,N,17,12,-192.30589527435563,4.538086644580843,4.858726351185285
C-W0.2-P1,2023,OTHER,75,46,-583.9805667046119,10.678402103647754,11.426938240207807
C-W0.2-P1,2023,X,7,4,-92.62898244378584,7.393808362654541,8.18969262704961
C-W0.2-P1,2024,ALL,116,85,-286.40442390791037,8.334976177841185,9.734139911564718
C-W0.2-P1,2024,H,17,16,-345.99817181700877,17.25790793582185,19.66587064281944
C-W0.2-P1,2024,N,17,12,-67.10201854905664,2.790860025903884,3.5251575019973314
C-W0.2-P1,2024,OTHER,75,53,-357.8586536620072,7.725263453859049,9.033787693423433
C-W0.2-P1,2024,X,7,4,-35.32713227458366,6.6619174629730225,8.1969534675521
C-W0.5-P0.5,2021,ALL,116,116,-529.8753176246696,9.981766380237156,11.025914234582885
C-W0.5-P0.5,2021,H,17,17,-535.2271873492411,17.281412763247392,19.458868376353323
C-W0.5-P0.5,2021,N,17,17,-343.24319780949867,6.717346974337714,7.267051762365735
C-W0.5-P0.5,2021,OTHER,75,75,-601.5492351378456,9.182730052279776,10.06969046215337
C-W0.5-P0.5,2021,X,7,7,-347.60531301734426,8.743032949654287,9.919803455984
C-W0.5-P0.5,2022,ALL,116,86,-324.81749924007045,7.746739414236004,8.520022965165705
C-W0.5-P0.5,2022,H,17,15,-544.2698850529282,13.84100818732924,15.116063649503792
C-W0.5-P0.5,2022,N,17,14,-167.9078836273854,4.689039954012806,5.341608284670093
C-W0.5-P0.5,2022,OTHER,75,52,-389.739588506117,7.2406119362718755,7.9242257515909795
C-W0.5-P0.5,2022,X,7,5,-57.58559591221396,5.795008346881559,6.603615672706048
C-W0.5-P0.5,2023,ALL,116,78,-526.5904706305774,11.62789520332817,12.703117497974652
C-W0.5-P0.5,2023,H,17,16,-837.7580012926894,22.082290385881983,24.271468263693162
C-W0.5-P0.5,2023,N,17,12,-211.44412280303723,4.608165132992824,5.09895264959407
C-W0.5-P0.5,2023,OTHER,75,46,-668.1352670394929,11.165458857182987,12.123906404455878
C-W0.5-P0.5,2023,X,7,4,-110.19425439465107,8.24124078235312,9.28164198642655
C-W0.5-P0.5,2024,ALL,116,85,-338.2180814641141,8.796104476068091,10.40398954556655
C-W0.5-P0.5,2024,H,17,16,-401.00355833154276,18.399350491359474,21.483338622473624
C-W0.5-P0.5,2024,N,17,12,-86.91443780390028,3.2339264871785423,4.028826030272207
C-W0.5-P0.5,2024,OTHER,75,53,-393.37163601545734,8.086798908781073,9.549778091950436
C-W0.5-P0.5,2024,X,7,4,-47.234956942596966,6.58178463288164,8.13180447039397
C-W0.5-P1,2021,ALL,116,116,-424.9341142036825,9.270114865839464,10.107567001656204
C-W0.5-P1,2021,H,17,17,-421.29645084331554,15.839021471403589,17.567602911214607
C-W0.5-P1,2021,N,17,17,-284.14119225683623,6.042965773105191,6.49547904333384
C-W0.5-P1,2021,OTHER,75,75,-522.7486860191473,8.62315367322227,9.327150410710654
C-W0.5-P1,2021,X,7,7,-304.50886684156933,8.086145112722615,9.124156880213866
C-W0.5-P1,2022,ALL,116,86,-258.4858050667053,7.171581280119116,7.832289279140394
C-W0.5-P1,2022,H,17,15,-463.3713117230858,12.710026153556031,13.763192611840621
C-W0.5-P1,2022,N,17,14,-122.45569737176896,4.25269920090649,4.8422348036912
C-W0.5-P1,2022,OTHER,75,52,-313.42341786879433,6.728829701246933,7.304203585320924
C-W0.5-P1,2022,X,7,5,-53.95670669059274,5.553552839204935,6.348288773882188
C-W0.5-P1,2023,ALL,116,78,-450.04230920470707,10.948888623188015,11.818209193155385
C-W0.5-P1,2023,H,17,16,-681.082536734384,20.4172589449216,22.29180476516925
C-W0.5-P1,2023,N,17,12,-179.23569420269456,4.377193828517374,4.705382755653797
C-W0.5-P1,2023,OTHER,75,46,-578.396243069267,10.60135471313648,11.367128093493987
C-W0.5-P1,2023,X,7,4,-91.6477549018216,7.637682808015875,8.48935307714052
C-W0.5-P1,2024,ALL,116,85,-280.5257913888746,8.271805939551035,9.665513413932983
C-W0.5-P1,2024,H,17,16,-360.75847063093886,17.52322934844608,20.17942264743834
C-W0.5-P1,2024,N,17,12,-63.613261784654185,2.7353202260710776,3.407498343729868
C-W0.5-P1,2024,OTHER,75,53,-337.81077670864585,7.62146527534397,8.890521117810126
C-W0.5-P1,2024,X,7,4,-34.270634274418285,6.217750081475783,7.63325933294388
C-W0.8-P0.5,2021,ALL,116,116,-598.8722098424784,10.541557525386812,11.801479330449581
C-W0.8-P0.5,2021,H,17,17,-596.588251166575,18.133694185008633,20.617051740982024
C-W0.8-P0.5,2021,N,17,17,-397.5851544210805,7.265810065704007,7.994122925800944
C-W0.8-P0.5,2021,OTHER,75,75,-678.479094645753,9.687091722782377,10.782133194950877
C-W0.8-P0.5,2021,X,7,7,-381.49732027292566,9.213888782011054,10.56023476793214
C-W0.8-P0.5,2022,ALL,116,86,-412.8666974895725,8.17977736369438,9.119496359323655
C-W0.8-P0.5,2022,H,17,15,-588.212866829577,14.495375026279955,15.963780805671698
C-W0.8-P0.5,2022,N,17,14,-218.88075143289393,5.091204967267277,5.923970745812624
C-W0.8-P0.5,2022,OTHER,75,52,-499.68713706249343,7.644532316367651,8.488947245881869
C-W0.8-P0.5,2022,X,7,5,-71.54262914497039,6.077484367238746,7.014108266452877
C-W0.8-P0.5,2023,ALL,116,78,-575.8246013966545,12.122045037674836,13.37502108772136
C-W0.8-P0.5,2023,H,17,16,-927.0213342418965,22.96034070892382,25.352122726203802
C-W0.8-P0.5,2023,N,17,12,-249.23365894298874,4.885883085869533,5.548461412166193
C-W0.8-P0.5,2023,OTHER,75,46,-730.8044716471416,11.620555913786998,12.752929760052815
C-W0.8-P0.5,2023,X,7,4,-135.79650739552653,8.747103760681329,9.96039768848949
C-W0.8-P0.5,2024,ALL,116,85,-404.5638495402154,9.267399964620717,11.071312701054039
C-W0.8-P0.5,2024,H,17,16,-429.43768279073447,18.969811298636877,22.315484499731326
C-W0.8-P0.5,2024,N,17,12,-119.69231481471112,3.725970807044937,4.724849725395124
C-W0.8-P0.5,2024,OTHER,75,53,-452.90925978233196,8.527413610982299,10.176192041168362
C-W0.8-P0.5,2024,X,7,4,-64.43066952619189,7.0905827536771255,8.767455486784552
C-W0.8-P0.8,2021,ALL,116,116,-529.8529822101514,9.980084982560465,11.02464794186493
C-W0.8-P0.8,2021,H,17,17,-535.2165332691591,17.269539162481266,19.451934001444823
C-W0.8-P0.8,2021,N,17,17,-343.048262542202,6.7159934923520455,7.262767182677325
C-W0.8-P0.8,2021,OTHER,75,75,-601.642321213951,9.18305319655909,10.07015061835701
C-W0.8-P0.8,2021,X,7,7,-347.62697116642283,8.743830443273714,9.92113496421141
C-W0.8-P0.8,2022,ALL,116,86,-324.74203183201405,7.748623364028822,8.521392437972167
C-W0.8-P0.8,2022,H,17,15,-544.2413829229272,13.854678334163845,15.128913850951552
C-W0.8-P0.8,2022,N,17,14,-167.69135164411756,4.688512555649474,5.340882554875198
C-W0.8-P0.8,2022,OTHER,75,52,-389.809560514783,7.240362292295079,7.923396611646041
C-W0.8-P0.8,2022,X,7,5,-57.62922119106456,5.796984739769399,6.605748290323386
C-W0.8-P0.8,2023,ALL,116,78,-526.538147998513,11.627371843189565,12.703413391869358
C-W0.8-P0.8,2023,H,17,16,-837.9418567010337,22.079289681775258,24.27083789111685
C-W0.8-P0.8,2023,N,17,12,-211.5597196370049,4.61071644086439,5.100693746672568
C-W0.8-P0.8,2023,OTHER,75,46,-668.124774328397,11.164514254822542,12.123786973310379
C-W0.8-P0.8,2023,X,7,4,-110.23382381695575,8.243780087632102,9.285127516592407
C-W0.8-P0.8,2024,ALL,116,85,-338.141556284191,8.794725724775384,10.401702677424106
C-W0.8-P0.8,2024,H,17,16,-401.15946886007634,18.40532273000823,21.49111977624355
C-W0.8-P0.8,2024,N,17,12,-86.80344496481803,3.2310884353097475,4.022719569269705
C-W0.8-P0.8,2024,OTHER,75,53,-393.4149757246674,8.084834222031127,9.547444991054853
C-W0.8-P0.8,2024,X,7,4,-47.22590256570794,6.572375373029167,8.114838196908115
C-W0.8-P1,2021,ALL,116,116,-476.6039765366495,9.60542552426785,10.536437814376612
C-W0.8-P1,2021,H,17,17,-497.146954720416,16.693097541127987,18.70048406947609
C-W0.8-P1,2021,N,17,17,-304.94489449233777,6.34924245710502,6.812574954119041
C-W0.8-P1,2021,OTHER,75,75,-535.5055517699211,8.8466718570543,9.624523803351437
C-W0.8-P1,2021,X,7,7,-327.8880718654982,8.429884509433892,9.52364254503025
C-W0.8-P1,2022,ALL,116,86,-297.6287907583818,7.460936095890849,8.157480324046308
C-W0.8-P1,2022,H,17,15,-517.4274046970581,13.427292200286175,14.602204142589846
C-W0.8-P1,2022,N,17,14,-139.47035938286663,4.4198399347575466,4.999397765668222
C-W0.8-P1,2022,OTHER,75,52,-327.5072328262595,6.970674777440997,7.579104461589657
C-W0.8-P1,2022,X,7,5,-51.15717429325712,5.609533217074374,6.372521504251435
C-W0.8-P1,2023,ALL,116,78,-481.9356306680875,11.297170914156236,12.284587800324102
C-W0.8-P1,2023,H,17,16,-782.1490924743943,21.49138231195171,23.571021204431393
C-W0.8-P1,2023,N,17,12,-190.55093640812436,4.427162191772846,4.835072738514377
C-W0.8-P1,2023,OTHER,75,46,-620.2459778930657,10.860068504454095,11.733462190080797
C-W0.8-P1,2023,X,7,4,-97.55378632533099,7.907347377821313,8.871274793065412
C-W0.8-P1,2024,ALL,116,85,-305.25838636844105,8.479353252216857,9.987516861821314
C-W0.8-P1,2024,H,17,16,-383.88593113126586,18.028780482308616,20.96956745580262
C-W0.8-P1,2024,N,17,12,-69.69773027398452,2.900952904189144,3.59586474526321
C-W0.8-P1,2024,OTHER,75,53,-369.17082061533426,7.789512822276773,9.159697606776811
C-W0.8-P1,2024,X,7,4,-38.05208493305757,6.226578287990814,7.7088982921274765
H1-D29,2021,ALL,116,116,-0.7892465103420251,-0.38596921399826933,0.7482392948222708
H1-D29,2021,H,17,17,-1.2209011909597192,-1.126894881566655,1.5407713012134887
H1-D29,2021,N,17,17,-1.3509121633212016,-0.502705385898048,0.9196588368725376
H1-D29,2021,OTHER,75,75,-0.5487595899972391,-0.2080308501674334,0.5318837922790046
H1-D29,2021,X,7,7,-0.7336864165239636,-0.2095586449059695,0.7253087758565148
H1-D29,2022,ALL,116,86,-0.7276983526464783,-0.3330603327174199,0.6813496503416715
H1-D29,2022,H,17,15,-0.8717893211004453,-0.9329713774681092,1.260073105321885
H1-D29,2022,N,17,14,-1.6737720688231372,-0.41069421611418333,0.827113324776339
H1-D29,2022,OTHER,75,52,-0.49677047500504845,-0.2010838302886963,0.5196950491444948
H1-D29,2022,X,7,5,-0.7347048577099058,-0.10162803323850163,0.6538944917324213
H1-D29,2023,ALL,116,78,-0.27396660945603657,-0.32017607150449046,0.7475905791859744
H1-D29,2023,H,17,16,-0.35281977454172264,-1.1004576709829432,1.557571904755714
H1-D29,2023,N,17,12,-0.5487867128051543,-0.371876215155678,0.7693754796996896
H1-D29,2023,OTHER,75,46,-0.21270559015067203,-0.17081599233124312,0.5815117412319672
H1-D29,2023,X,7,4,-0.2125305782279776,0.1000644563826996,0.507003008204806
H1-D29,2024,ALL,116,85,-0.7256538651060491,-0.40679850915800864,0.7938683916088832
H1-D29,2024,H,17,16,-0.8120918574554664,-1.2050687919604868,1.6922360991201848
H1-D29,2024,N,17,12,-2.100580347826341,-0.4568972314598015,0.8531423018245943
H1-D29,2024,OTHER,75,53,-0.7256538651060491,-0.2526947364370703,0.5934574921361899
H1-D29,2024,X,7,4,-0.2977137481332268,0.0024143669423103975,0.6154269571935659
MIX,2021,ALL,116,116,-530.5364236930335,9.990004711705767,11.036910316301757
MIX,2021,H,17,17,-535.1212434116725,17.276225987505647,19.45438182882361
MIX,2021,N,17,17,-345.5206011378989,6.725112072408869,7.279483832823024
MIX,2021,OTHER,75,75,-603.4371753802807,9.19505579546524,10.08498019461091
MIX,2021,X,7,7,-347.40617004049454,8.741230697061278,9.918909406741836
MIX,2022,ALL,116,86,-322.04860805439614,7.7430866442831325,8.5148533292476
MIX,2022,H,17,15,-543.6981634819148,13.844509814917604,15.118246354713316
MIX,2022,N,17,14,-167.55517747942224,4.687934955346087,5.341058715804399
MIX,2022,OTHER,75,52,-389.1233648800552,7.233983393482909,7.91527228946006
MIX,2022,X,7,5,-57.808974878565316,5.799676447306092,6.609911183488028
MIX,2023,ALL,116,78,-527.8447760809421,11.62678295796826,12.70364313227325
MIX,2023,H,17,16,-837.8079692125787,22.08069666283343,24.271910585028408
MIX,2023,N,17,12,-214.54774524838126,4.614328570262407,5.111932668736444
MIX,2023,OTHER,75,46,-668.1596714301157,11.163308196217308,12.122075563694958
MIX,2023,X,7,4,-109.88697382795424,8.234754206484368,9.277371536081786
MIX,2024,ALL,116,85,-338.6207206874507,8.797777445824972,10.408311531288643
MIX,2024,H,17,16,-401.1272010439135,18.40069799752925,21.484596347854403
MIX,2024,N,17,12,-86.60288338350236,3.2313036105097255,4.02535434361705
MIX,2024,OTHER,75,53,-393.19739885359775,8.08985548696659,9.55656230016261
MIX,2024,X,7,4,-47.47280127315486,6.579856408077139,8.136114766038828
