arm,period,n_events,n_stations,ratio_error,peak_error,base_error,event_mean_ratio_error,event_mean_peak_error,event_mean_base_error
MIX,2021-2023,70,14,0.6854377660175324,1.980787088300633,6.172813641758164,0.7225832566051563,1.3341435975517246,4.270463208152127
MIX,2024,57,15,0.6054224778000151,1.6836557703729913,5.6905343007231775,0.5760390999192494,0.842526164773029,3.106797724747727
H1-D29,2021-2023,70,14,0.2683326639864058,1.5517175039868782,0.7315729057414048,0.2643809166760906,1.162268171389875,0.6669793178890993
H1-D29,2024,57,15,0.21141551344911969,1.5615240828911858,1.4647122149819463,0.23144080183726778,1.2176984681460685,0.8879847085548075
A-HALF,2021-2023,70,14,0.749085483463304,2.542806297832409,9.515939802389974,0.6891116406469888,1.5134951779754107,5.216177875231611
A-HALF,2024,57,15,0.6130818015518622,3.1772544545123775,10.825390866199546,0.5754691268227179,1.444837014842296,4.858306611917753
A-FULL,2021-2023,70,14,0.7384348375810383,3.6495083451257386,13.10273086200259,0.6696581747850705,1.9909894682569818,6.309375585224077
A-FULL,2024,57,15,0.6148861180177684,5.115741354275776,16.322075597631827,0.5603332385735046,2.266496799233817,6.794879399529985
B-P0.5-R0.1,2021-2023,70,14,0.6935345291692967,2.1866414806119874,6.999414000828139,0.7024580065126251,1.391287546004585,4.533151642661739
B-P0.5-R0.1,2024,57,15,0.6079109344245814,2.0119923669152326,6.837076889450553,0.5714232247431018,0.962386923681615,3.519852890287574
B-P0.5-R0.5,2021-2023,70,14,0.6837167584189537,2.2109809094944923,6.74178834559298,0.7108412654021885,1.4186653680970416,4.504791579592203
B-P0.5-R0.5,2024,57,15,0.6079504121090215,1.9163089265367248,6.446105607231,0.570901642365522,0.9254822997433129,3.4036207639869636
B-P0.5-R1,2021-2023,70,14,0.6825499138349238,2.213910155506786,6.710403445193932,0.7113008751201318,1.4253326635265375,4.492286491651914
B-P0.5-R1,2024,57,15,0.6078569784720472,1.897247138262369,6.3742675786095635,0.5709864053973095,0.9191832409325571,3.38228466861254
B-P1-R0.1,2021-2023,70,14,0.7014950657496898,2.3179530899095044,7.5833070632950665,0.6888795116463473,1.4386574458697376,4.7093296323867975
B-P1-R0.1,2024,57,15,0.6106637243187891,2.22176150999301,7.596787904665141,0.5685394691106737,1.0555730690546934,3.7877218078969186
B-P1-R0.5,2021-2023,70,14,0.6851935741211542,2.231573779252173,6.840237578361843,0.7092477830225773,1.4263715785453515,4.537708353064459
B-P1-R0.5,2024,57,15,0.6081218910248708,1.9535270182373599,6.569753809305656,0.5703150294321241,0.9404173570348804,3.4473747987843457
B-P1-R1,2021-2023,70,14,0.6825499138349238,2.2139101555067864,6.710403445193932,0.711300875120132,1.425332663526538,4.492286491651914
B-P1-R1,2024,57,15,0.6078569784720472,1.897247138262369,6.3742675786095635,0.5709864053973096,0.9191832409325572,3.38228466861254
C-W0.2-P0.2,2021-2023,70,14,0.6855003661040291,1.9818551201872405,6.17686595047343,0.7222086025047411,1.33449520008765,4.26919351961335
C-W0.2-P0.2,2024,57,15,0.6055132725801696,1.6791978689722449,5.684469229619553,0.5757760581820132,0.841768067014143,3.1011762571484676
C-W0.2-P0.5,2021-2023,70,14,0.7301169066155404,2.231415846774554,7.217494302749475,0.7525223078119209,1.3714938253471263,4.657099246556035
C-W0.2-P0.5,2024,57,15,0.6302512489057552,1.9046128958667703,6.883399710935553,0.6042204495310987,0.9169412904721762,3.569611607337415
C-W0.2-P1,2021-2023,70,14,0.7852281617179747,2.6548208345308804,8.90187120331275,0.7935545332664362,1.4810755802903501,5.294474026659594
C-W0.2-P1,2024,57,15,0.6690699040668964,2.3870290354986605,8.890781814111373,0.6460881360211318,1.1005116297884117,4.356819211129235
C-W0.5-P0.5,2021-2023,70,14,0.6856372338751001,1.9831130754924973,6.179964618698105,0.722363137141097,1.3356088268915896,4.273192454241269
C-W0.5-P0.5,2024,57,15,0.6052971810486388,1.6862344552582607,5.6961903446266,0.5760399459029216,0.8448556235903281,3.112579819960301
C-W0.5-P1,2021-2023,70,14,0.7148964339948574,2.698246899859314,8.053679354554843,0.7334659871712647,1.5841531783044545,5.08323737522165
C-W0.5-P1,2024,57,15,0.6192661543124954,2.347436657885303,7.531717704973971,0.593845504194796,1.111564531021102,3.8992918521160926
C-W0.8-P0.5,2021-2023,70,14,0.715107715891264,1.3156937730305245,5.174031147593701,0.750977749155739,1.0653483524864253,3.7294458668775397
C-W0.8-P0.5,2024,57,15,0.6224476161695539,1.4253424389345966,4.953725852652011,0.5933045158354592,0.7451021402680715,2.7269604144469533
C-W0.8-P0.8,2021-2023,70,14,0.6856728848227075,1.983886965332722,6.180574557697725,0.7226879645596083,1.33657677480522,4.27456693373511
C-W0.8-P0.8,2024,57,15,0.6049290382981201,1.6827570618995231,5.683709094633427,0.5757079604396813,0.8431643225235421,3.1082552018338103
C-W0.8-P1,2021-2023,70,14,0.6653344709211922,2.473055636706851,6.819716182478357,0.7051855273104827,1.5599589440040857,4.64254746559813
C-W0.8-P1,2024,57,15,0.5945499992611251,1.9898734696797675,6.182429468289739,0.5656792608866287,0.9885308017412707,3.37555210302157
