job,J,monthly,hf,output_null_monthly_derivative,output_null_hf_derivative,output_null_hf_optimal_gain,head_monthly_derivative,head_hf_derivative,head_total_derivative,block_opposition,softplus_derivative_minimum,finite_difference
joint_F23_XGBoost_c3_s1729,0.019374759259942708,0.015723982181376463,0.0036507770785662447,-1.043544591017298e-18,-0.014109932176313768,1.1339628253219252,-0.05985867344101416,-0.015064381439829883,-0.07492305488084404,False,,"[-0.07492170012629931, -0.074923041333292, -0.07492305474574024]"
joint_F23_XGBoost_c3_s1730,0.0194850650230481,0.015811573260878033,0.0036734917621700676,-7.318364664277155e-19,-0.014118621592215542,1.1341253054912175,-0.05950594428026825,-0.015127760119470311,-0.07463370439973856,False,,"[-0.07463235293398221, -0.07463369088508975, -0.07463370426501192]"
joint_F23_XGBoost_c3_s1731,0.019840003774312626,0.016075415990525078,0.0037645877837875485,-5.421010862427522e-20,-0.014140819783716944,1.1346259768774614,-0.060890931563634905,-0.015151476223297187,-0.0760424077869321,False,,"[-0.07604105931992809, -0.07604239430223508, -0.07604240765245879]"
joint_F23_Transformer_c3_s1729,0.44659661444681703,0.3953667709079993,0.05122984353881771,-5.692061405548898e-19,-0.010506365448386854,1.6046403771260231,-0.21117008293927786,-0.0102185924933167,-0.22138867543259455,False,0.42305611135572296,"[-0.22138914324260073, -0.22138868011029045, -0.22138867547538685]"
joint_F23_Transformer_c3_s1730,0.3955410533032883,0.34547661967860877,0.05006443362467955,3.076423664427619e-18,-0.008997583794320158,1.3959401593011143,0.13431370844928414,-0.009372717885739075,0.12494099056354507,True,0.4287937293367184,"[0.12494061108328514, 0.1249409867687401, 0.12494099052295925]"
joint_F23_Transformer_c3_s1731,0.5049499675990976,0.4527755934500235,0.05217437414907411,1.6534083130403943e-18,-0.0027954511009278806,1.0904413617100344,0.464682733775453,-0.0027038088285445453,0.46197892494690845,True,0.3840892269451483,"[0.4619781200566053, 0.4619789168980315, 0.46197892486499187]"
joint_F23_GraphTCN_c7_s1729,0.28636246139893146,0.24827938956620965,0.038083071832721804,-3.781155076543197e-18,0.0019472115866292408,0.9716054380957324,0.0004457614125815625,0.0019979128088293903,0.002443674221410953,False,0.36010000901529576,"[0.00244321722225882, 0.0024436696507978972, 0.002443674176899613]"
joint_F23_GraphTCN_c7_s1730,0.2864038357166933,0.2505876452752666,0.0358161904414267,-2.9002408113987244e-18,0.007636452072271092,0.9096161948349221,-0.08963166023265903,0.007372240542003408,-0.08225941969065563,True,0.27099229216910403,"[-0.082259848779076, -0.08225942398187858, -0.08225941973416528]"
joint_F23_GraphTCN_c7_s1731,0.28235943550826054,0.2521163118946989,0.03024312361356163,-4.391018798566293e-18,-0.004195011076121523,1.0582864096180455,0.0274823115914892,-0.004303777647415683,0.02317853394407352,True,0.31407951342121876,"[0.023178100674259294, 0.02317852961147837, 0.02317853389777191]"
joint_F24_XGBoost_c3_s1729,0.02963682109419449,0.02226819497868836,0.007368626115506129,-8.267041565201971e-19,-0.01839757333289637,1.1803359728261609,-0.06813527261518626,-0.02147636005798511,-0.08961163267317138,False,,"[-0.08961026533314473, -0.08961161899976103, -0.08961163253679709]"
joint_F24_XGBoost_c3_s1730,0.029507057294912993,0.02206275030002941,0.007444306994883583,1.4907779871675686e-19,-0.018455756079210447,1.1813822920243089,-0.06845007786145998,-0.021554595183230538,-0.09000467304469052,False,,"[-0.09000330733674455, -0.09000465938765329, -0.09000467290805335]"
joint_F24_XGBoost_c3_s1731,0.029546480731700873,0.022123555764636867,0.007422924967064006,-8.199278929421627e-19,-0.018575771734821965,1.1829164263211447,-0.06752619691863979,-0.021614922734392975,-0.08914111965303276,False,,"[-0.08913975309229362, -0.08914110598740727, -0.08914111951623808]"
joint_F24_Transformer_c3_s1729,0.35736288240991443,0.3026383573110975,0.05472452509881692,6.2341624917916505e-18,-0.00787784509396144,1.2779175378283167,0.269870053227821,-0.0076931479135344035,0.26217690531428656,True,0.3494382341829044,"[0.26217631259303764, 0.2621768993862905, 0.26217690524965587]"
joint_F24_Transformer_c3_s1730,0.3438891207096768,0.29052745751459713,0.05336166319507968,7.928228386300251e-19,-0.01068607948328508,1.4197988854678631,-0.06472668597981071,-0.010542331544918812,-0.07526901752472952,False,0.4199623345779476,"[-0.07526942981325724, -0.07526902164795013, -0.07526901756871318]"
joint_F24_Transformer_c3_s1731,0.47679264412747946,0.42141716436799853,0.05537547975948093,-4.2012834183813297e-19,-0.008431013479731658,1.3250481851531168,0.5627501094084297,-0.008384833388679121,0.5543652760197506,True,0.30842531517193955,"[0.5543647363026871, 0.55436527062247, 0.5543652759565365]"
joint_F24_GraphTCN_c7_s1729,0.26462187569108525,0.22525716628462567,0.039364709406459586,-2.9205696021328276e-18,-0.00035262092644480433,1.0047576857922256,-0.05820948896156262,0.0003376101485108849,-0.05787187881305173,True,0.2765339867705704,"[-0.05787231765341794, -0.05787188320144354, -0.05787187885852862]"
joint_F24_GraphTCN_c7_s1730,0.2544354269709432,0.21739822023996203,0.037037206730981154,1.8973538018496328e-19,-0.002348976029786288,1.0314125126171296,-0.08064887106014663,-0.001865519607710274,-0.0825143906678569,False,0.28310716253749485,"[-0.08251483716156804, -0.08251439513273784, -0.08251439071460531]"
joint_F24_GraphTCN_c7_s1731,0.2734554890026372,0.23358921053007686,0.03986627847256036,4.1470733097570545e-18,-0.0038936837295829928,1.058967692955857,-0.024073865422907945,-0.0034835286649292974,-0.027557394087837243,False,0.3390563152971148,"[-0.027557874322459153, -0.027557398890043494, -0.027557394141619614]"
