configuration,task,rows,zero_predictions,minimum_prediction,maximum_prediction,sha256
F23_daily_RF_c3_s1729,daily,4240,0,0.6419164680958485,8.636165232449128,b916c3f77291c0ef3f7a4f445dc0110970bed54d4df3f456386d7fc731a29b94
F23_monthly_RF_c3_s1729,monthly,1090,0,0.5704581065019214,6.768185815928543,dbed9a621143206d26bc0b0536ea87fe21c5d4087c9929c5437eacba7e484f82
F23_daily_ExtraTrees_c5_s1729,daily,4240,0,0.6920688970378815,8.352663521603604,0884add080f41aa91a78ccaeb88706fa93bfe7c8f14cf0abded600d100b8080c
F23_monthly_ExtraTrees_c6_s1729,monthly,1090,0,0.617437106832392,6.290719588565687,413e12915a2aec3f9b06aa4cccf860d1063f9bc58948a6437da306c366eab9e2
F23_daily_XGBoost_c6_s1729,daily,4240,0,0.42678210139274597,9.058362007141113,63d773560c8d8d5336a508f3bee6cd9caa4f2d91a2acdceaa0b450f3d17fbec5
F23_monthly_XGBoost_c3_s1729,monthly,1090,0,0.5351357460021973,7.3960113525390625,83a9f62d756ef2a39b608ba7a8b174e90ba1544cd33a9c96e9ee7932d3987bf2
F23_daily_LightGBM_c0_s1729,daily,4240,0,0.5748947578870909,8.829750244602213,e545ddb4db07412b2fb92b8bb9fd795d7831a9004c71c21fc8e301adfac23cdb
F23_monthly_LightGBM_c6_s1729,monthly,1090,0,0.30669496441062244,7.548511399986647,a6991b5995d604c6be05f9de3bb5ec030aad69550fda7f5bbf163426d84223c3
F23_daily_CatBoost_c4_s1729,daily,4240,0,0.6517745572366551,9.147104578817537,489a580b5d4cc31be348bbf6b9d6182da8dd3b250860f873621de9e3e3a6dcf6
F23_monthly_CatBoost_c2_s1729,monthly,1090,0,0.6576553284865372,7.031423032081196,b320ce0a570e10db4250d651ff3584880d1e6c749874412e021cdb1807d93aac
F23_daily_MLP_c5_s1729,daily,4240,0,0.5793346166610718,11.482746124267578,02dba0ecd9f895fde38ef7dd0bb2ee286b94ed6d651c8d4bce2e0e16a2680d22
F23_monthly_MLP_c6_s1729,monthly,1090,0,0.6428976058959961,6.114738941192627,1d7279c9d77704c4cda98f7826dcd4ef85917535922fbdff081e5a14f08467b4
F23_daily_LSTM_c3_s1729,daily,4240,0,0.55009526014328,7.633274078369141,4b0042ed65598cd3f4638bf3a4dd3c14df6eab2287f2419e3b56e6fc2350f4fc
F23_monthly_LSTM_c7_s1729,monthly,1090,0,0.609620988368988,6.141778945922852,6e5abd4637b56e29f591801046d69ac47ee7543c2fc709f42c340a34f5dacf01
F23_daily_GRU_c2_s1729,daily,4240,0,0.5497220754623413,7.37733268737793,07b41ab3748785e638971f6dfd8768b7b7438f8d1c940bd5e7ddd3655af9d7ad
F23_monthly_GRU_c6_s1729,monthly,1090,0,0.5131484270095825,5.890374660491943,955af49155431557fde69763d131ee75d118521d6ea7229b2b5d31b79de0e6c0
F23_daily_TCN_c1_s1729,daily,4240,0,0.4935937821865082,6.853998184204102,f5f322fabe440d27b8674d7a8490618da6c912620383d9918a87b84ca9b6e042
F23_monthly_TCN_c2_s1729,monthly,1090,0,0.5856097936630249,5.956831455230713,f5cfcf2f35ae9a1155dca8e22bea952eaf0380b37cce3a03cd51bb1ec45ca8ef
F23_daily_Transformer_c7_s1729,daily,4240,0,0.7888727188110352,6.893075466156006,8be11c766564229cfef6763fb85764d6b3d52b1152bc31f768b9a6f46b2ccf8e
F23_monthly_Transformer_c1_s1729,monthly,1090,0,0.5099433660507202,5.706084251403809,53a2fffeb4ce445ec1fc0d6a700ab4da9af292444b6feea242d3e7db9e427cc1
F23_daily_GraphTCN_c3_s1729,daily,4240,0,0.366260290145874,7.572307109832764,17d6b6c6314586b9fe62163d106ffbd2434181c6f2384386f66d88efc8045fed
F23_monthly_GraphTCN_c6_s1729,monthly,1090,0,0.6235616207122803,6.09318733215332,d4b185690289d39d379b3d8d2bab9536a9d7ea33a894457e457112e4f221e36e
F23_daily_CatBoost_c4_seedmean,daily,4240,0,0.6704123696039729,8.655644780446687,9b8bb87decc2b9cf9391a93ad1aadd4c59532b41af5eb02c8ab626204c841260
F23_monthly_CatBoost_c2_seedmean,monthly,1090,0,0.6726897978624327,7.116871185483187,9e8d257b0b2edcc68a95f8e8e73a197406eaaafbb78bdd84a3ac56bb6eaef9ba
joint_F23_XGBoost_c3_seedmean,daily,4240,0,0.8210575372785728,16.742054436016964,4fd0310232c57ff96ce2c8a4553bde7430b5fde005ab6e741f3ae06503e0dedf
joint_F23_XGBoost_c3_seedmean,monthly,1090,0,0.459674836995467,9.348305643029454,9eaa16cdf1e4df73ba28725710d20fbb9249c8ca5c3f2a7a80b1486ef52bde9d
joint_F23_Transformer_c3_seedmean,daily,4240,0,0.5815409223238627,6.347162405649821,fb62d0c755e8864f0721e80a8ae2faaec25e13d9116c4c754490d8662c83e864
joint_F23_Transformer_c3_seedmean,monthly,1090,0,0.5849243594754127,6.265410079750964,82eae1ac8bba92d6f8a964eed996c19f98105b1a5403e0c06eb36da779f283c7
joint_F23_GraphTCN_c7_seedmean,daily,4240,0,0.5335335731506348,6.913783550262451,6694f9f1f5392c22821dd1bfc611151be90b929c0a4b0614e81a99f2d9a469f3
joint_F23_GraphTCN_c7_seedmean,monthly,1090,0,0.5618320347801332,6.283437493026898,fe587395c95e58a3f358796bbf2036a261b53b4cc814e661a16028e2241a2db7
F24_daily_RF_c3_s1729,daily,3042,0,0.7668694016416793,9.097682416049494,9c6cfbbf82d614ef99b21211f9aace9b10b06526b30d1b7e0a8023c462fa68d2
F24_monthly_RF_c3_s1729,monthly,1138,0,0.507958814410747,6.823992006114275,e6cdd548ee317da041cc87d31c3d8552337f7b4d00877726199676b47abc3758
F24_daily_ExtraTrees_c5_s1729,daily,3042,0,0.5553830880247161,8.666910161864486,a54e58eafcaff835674565f8f2b2864b4acc5d8493058267e17c3e0ad8bd7323
F24_monthly_ExtraTrees_c6_s1729,monthly,1138,0,0.5759385135788031,6.504318006537359,0dbdd2a8d5287aa39d4d409bf7700676a14ca49b3aa7a0b9ff79ee02367c1888
F24_daily_XGBoost_c6_s1729,daily,3042,0,0.5127447247505188,9.28455924987793,4750d33bc877b2f5d77058048f1bedc6f60f8183d8ed0c50eda882eb4f282a73
F24_monthly_XGBoost_c3_s1729,monthly,1138,0,0.4237496852874756,7.16987943649292,0c94104cdcdf4a052663e60d1d9640eda5477690ad9653b2543842b19a239cce
F24_daily_LightGBM_c0_s1729,daily,3042,0,0.5363693284777372,9.011432589908873,c4461af6d2e684fefe5564de52fd7d9330284fd7a791610ac4166f0dc659352f
F24_monthly_LightGBM_c6_s1729,monthly,1138,0,0.33726534972668093,7.555637352661396,ac084fb346f8cd6cfe3fe7c211807bcdfd11e43ed6d2b2aa174ccf99957a9ec1
F24_daily_CatBoost_c4_s1729,daily,3042,0,0.5486814168358638,9.73908744675484,02bb97e2a36683c0b6374796d18ec2303ff291f251fd376278b704b0bb293544
F24_monthly_CatBoost_c2_s1729,monthly,1138,0,0.37829440926789504,7.017832125145772,823d6f3d49a3df9380fde9add1a3d9bf8f405e17ae6901c4c4ffef58cb896310
F24_daily_MLP_c5_s1729,daily,3042,0,0.5013070106506348,10.541418075561523,362a75779f6a62e775ae7c289f1402f8deb535cfe0fa202fd4a52e5ae16f344a
F24_monthly_MLP_c6_s1729,monthly,1138,0,0.47750675678253174,6.294250011444092,44fe3b1c19b63ce1d64523f0e1e7fffd7a0bbf8e08368543e9b889d0a9845c7b
F24_daily_LSTM_c3_s1729,daily,3042,0,0.40875834226608276,7.523036479949951,442f116d0f8db674c9f10abf7e2158b62564c1692eba7dbfe0a636ca7671ddab
F24_monthly_LSTM_c7_s1729,monthly,1138,0,0.4649689793586731,6.618592262268066,0656884e625485a1b19913e3d14c3486cb30ffa6f074e20fdbff95809e824d9a
F24_daily_GRU_c2_s1729,daily,3042,0,0.4397026002407074,7.899046897888184,ed4698f41d8e79fc1469f5296f2f87005144be97e913c8de17d1ddb2b8558589
F24_monthly_GRU_c6_s1729,monthly,1138,0,0.44676169753074646,6.614974498748779,f5a4fc91d6add122384ffb2bf7eec4d4599bff9e1c07ba2cfdc42a119b993a7a
F24_daily_TCN_c1_s1729,daily,3042,0,0.5960668325424194,7.894981384277344,072f0c88a932bf03fb414d50fc22f9c46aa82dbbf048c8faef066f39e1e41e49
F24_monthly_TCN_c2_s1729,monthly,1138,0,0.3126925826072693,6.415727138519287,8ac19ba3ae4f32400ce4a4ad1870404ad768c8f8c61d057142859fb62f733816
F24_daily_Transformer_c7_s1729,daily,3042,0,0.3216564357280731,7.291085243225098,0a6451028ac9d43acd14555540149f93c15079df59d272e5f81eca325e362221
F24_monthly_Transformer_c1_s1729,monthly,1138,0,0.480755090713501,6.092113971710205,f9a218a862e6bcd9e7ff7d16b2389e320b90a0c3fb9404616b9af66e9333dba3
F24_daily_GraphTCN_c3_s1729,daily,3042,0,0.5740412473678589,7.522549152374268,9fe8ba26f6daa8178cbbc1bdc3a66d75f949bd9c051150c1ec27c8868c691c32
F24_monthly_GraphTCN_c6_s1729,monthly,1138,0,0.527128279209137,6.7418975830078125,64e235563521baf3fc52c5699faec56437c6b8765c8a4c214715179f52530037
F24_daily_CatBoost_c4_seedmean,daily,3042,0,0.5707285772299303,9.369943547193406,0c88697ced87cd6597689c4a1ffe1a4263a833c31f20f6389121a281f834ad01
F24_monthly_CatBoost_c2_seedmean,monthly,1138,0,0.36245121183683654,7.107329796558698,935515e5ee578d4362223715e3cd33f318efb5a7c153a943b17bfbdc30ced3d9
joint_F24_XGBoost_c3_seedmean,daily,3040,0,0.3492967136911969,14.414230848139866,a5efba27ba42a2f2067be904f505585337386088ffe5bcf5146d95afc911f54f
joint_F24_XGBoost_c3_seedmean,monthly,1138,0,0.35676420046134333,11.710763708682597,6a2e43fdad4ed95b78ece0a21c60765ed3906cd74a3c11077a92c8e5491e106a
joint_F24_Transformer_c3_seedmean,daily,3040,0,0.5016540686289469,6.588314374287923,d2d4e141f01b368237dc909a376586366a508280d68d9fec04144cb5fb38e281
joint_F24_Transformer_c3_seedmean,monthly,1138,0,0.5087811238235898,6.578972816467285,688118e5f3e8f2014f414f5a9a960c47390467bbce71aa4ad39927277c271159
joint_F24_GraphTCN_c7_seedmean,daily,3040,0,0.48646698395411175,7.549944718678792,5354c23186188285d88d0768fbb2b2cd23e4ac8aa878396a8f71081d5662e6ab
joint_F24_GraphTCN_c7_seedmean,monthly,1138,0,0.5187256465355555,6.827206812964545,41cf1342855847089c1ca42e68d0ace66770ab1aa1b1543799440c0887d0ffd6
