configuration,task,scope,NSE,RMSE,bias,amplitude_ratio,correlation,bias_penalty,gain_beta_opt,positive_shape_amplitude_opt,fixed_mean_amplitude_ceiling_NSE,observed_mean_affine_ceiling_NSE,unit_amplitude_NSE,amplitude_only_room,unit_amplitude_change,remaining_after_affine,amplitude_gradient_at1_normalized,stations
F23_daily_CatBoost_c4_s1729,daily,level,0.16978267169115924,0.6262809192887066,0.019953120191710916,0.5193563233186191,0.568682321242858,0.06509226644126832,0.9051598758541848,0.568682321242858,0.1960632703222961,0.32339958249416517,0.07383264135972684,0.07380361308488037,-0.08691802547950875,0.6766004175058349,0.12715349779619967,15
F23_daily_CatBoost_c4_s1729,daily,month_centered,0.19187404615970827,0.3059051494608979,-1.081216381346433e-17,0.36061176804610773,0.4631555284882146,6.245671750577486e-33,1.0792786017053024,0.4631555284882146,0.21451304356919737,0.21451304356919737,-0.07368894302357076,0.0426187261288945,-0.2571290598802195,0.7854869564308027,-0.009442129152065146,15
F23_daily_CatBoost_c4_seedmean,daily,level,0.1725318740082683,0.6273784031264096,0.036685481529395325,0.5264776508126682,0.5877451855138962,0.03813322325035477,1.02204178420693,0.5877451855138962,0.1871983511835528,0.34544440309476426,-0.05278949083694569,0.046771183395960425,-0.06714066497202598,0.6545555969052357,-0.021212794351667785,15
F23_daily_CatBoost_c4_seedmean,daily,month_centered,0.16739869992318068,0.295702207396771,-1.644387412152136e-17,0.3499937441770793,0.41717733942916496,3.0334413102310146e-32,1.2427014203147375,0.41717733942916496,0.17403693253319671,0.17403693253319671,-0.16564532114167008,0.047241820285805175,-0.3322237798224369,0.8259630674668033,-0.03402307011064609,15
F23_daily_ExtraTrees_c5_s1729,daily,level,0.1299804187777447,0.7080331666979794,0.2119979503445648,0.49659090047400417,0.5751474650766831,0.09706257095791708,1.1450527566216413,0.5751474650766831,0.14074229553490053,0.33079460658413445,-0.1365132106541087,0.10713488534660193,-0.06543962612404647,0.6692053934158655,-0.021308394042047207,15
F23_daily_ExtraTrees_c5_s1729,daily,month_centered,0.1720073252441493,0.3094771261909366,1.1458026435745734e-17,0.2991953343366591,0.47963911810937204,6.935263321264002e-33,1.4535692686852597,0.47963911810937204,0.23005368362073614,0.23005368362073614,-0.040721763781255915,0.038361813316226956,-0.24837560465366804,0.7699463163792639,-0.09877143049507459,15
F23_daily_GRU_c2_s1729,daily,level,0.18573071511808237,0.5108439789256077,0.10240886689590001,0.6428789799585743,0.6337218403824726,0.03775456203062049,0.8915975626633537,0.6337218403824726,0.189754067018785,0.40160337097774806,0.0791445139213105,0.029116630987942482,-0.1288287945633689,0.598396629022252,0.0742299158497376,15
F23_daily_GRU_c2_s1729,daily,month_centered,0.19956382977414555,0.2969346450066739,9.088875282275456e-18,0.5037235318834079,0.47937450715183005,8.652520375788258e-33,1.00976517764463,0.47937450715183005,0.22979991810705996,0.22979991810705996,-0.04125098569633989,0.03666535267353632,-0.18594518381654712,0.77020008189294,-0.008373322268800498,15
F23_daily_GraphTCN_c3_s1729,daily,level,0.19739784438302277,0.5154938565068246,0.028937392080531588,0.6001899723128352,0.6901584330726331,0.04458403273720163,1.0102552279925219,0.6901584330726331,0.23795856291508902,0.4763186627412722,0.13544283814858749,0.025057793920670087,-0.07222680225691802,0.5236813372587278,-0.003009543022038097,15
F23_daily_GraphTCN_c3_s1729,daily,month_centered,0.26135480014156265,0.2995330339612326,4.9047019294286634e-17,0.4860810428214075,0.5545393104584657,2.503324282967675e-32,0.9145680759551955,0.5545393104584657,0.3075138468437506,0.3075138468437506,0.10907862091693143,0.030694567877996293,-0.15227617922463121,0.6924861531562494,0.02052264292557393,15
F23_daily_LSTM_c3_s1729,daily,level,0.377320251642572,0.5252649673460957,0.013298583456727187,0.5497918792724936,0.6702046037316035,0.02705277665983495,1.1236659280560002,0.6702046037316035,0.41641427474936077,0.4491742108630357,0.3182594392671743,0.019047792708411004,-0.08971721069141769,0.5508257891369643,-0.10520035598886124,15
F23_daily_LSTM_c3_s1729,daily,month_centered,0.2976370324045007,0.28645903689239516,6.359523367985287e-18,0.45593221108620197,0.5954769022994669,1.9809508949067433e-32,0.9881403821976884,0.5954769022994669,0.3545927411721689,0.3545927411721689,0.19095380459893385,0.03717068226617859,-0.11514209626862837,0.6454072588278311,0.010970954637875452,15
F23_daily_LightGBM_c0_s1729,daily,level,0.11764353510831371,0.6680700728344171,0.023999701495995396,0.626113119095405,0.49154834981023576,0.06772635364319254,0.8550867480223711,0.49154834981023576,0.15068170208154744,0.2416197802011659,-0.18609311433491665,0.042272869563667964,-0.09841488121853081,0.7583802197988341,0.16301300449061462,15
F23_daily_LightGBM_c0_s1729,daily,month_centered,0.11954974001241792,0.30037085464519053,7.401162134871263e-18,0.4769734706867752,0.4214716246596305,2.508832535731468e-32,0.841853557741959,0.4214716246596305,0.17763833039322846,0.17763833039322846,-0.157056750680739,0.037333283110151605,-0.20026015687256216,0.8223616696067715,0.05530545354191907,15
F23_daily_MLP_c5_s1729,daily,level,0.2248464140068307,0.5552172518922812,-0.01726810958253444,0.6435446583496861,0.626431821102613,0.020353836277062325,0.8781376599103947,0.626431821102613,0.32964611996792453,0.3924168264899361,0.17216641823288395,0.031223197496385496,-0.11353054754275516,0.6075831735100639,0.10847114961083315,15
F23_daily_MLP_c5_s1729,daily,month_centered,0.18754588082690293,0.29457443815353246,-6.956046321089128e-18,0.5012516972083408,0.46399964408503847,6.93337251079905e-33,0.7810030560603104,0.46399964408503847,0.21529566971104236,0.21529566971104236,-0.07200071182992307,0.022634054016402415,-0.259546592656826,0.7847043302889576,0.10596001396155796,15
F23_daily_RF_c3_s1729,daily,level,-0.016525929231388403,1.1151819893980859,0.5293212401051317,0.616535289887904,0.6479293714113695,0.17318662214977631,0.651423337860067,0.6479293714113695,0.050172240177104234,0.41981247033753244,-0.4411903106444075,0.1613896311192704,-6.804628939738322e-05,0.5801875296624676,0.216055194729167,15
F23_daily_RF_c3_s1729,daily,month_centered,0.07921507148473961,0.3093518779788234,-1.6279443850635619e-18,0.38090138466055373,0.41521758720452756,7.578329390623445e-33,0.9870769749488227,0.41521758720452756,0.17240564472394945,0.17240564472394945,-0.16956482559094488,0.0678500952485459,-0.23527635714826234,0.8275943552760505,0.011190938585141419,15
F23_daily_TCN_c1_s1729,daily,level,0.29769141956338985,0.5252981727943734,-0.047009955952865834,0.5460908325303682,0.6332090115660993,0.02976678616571806,1.0803631876535729,0.6332090115660993,0.31985362742811463,0.4009536523285165,0.2058952707587972,0.02499020401131047,-0.13112464891329084,0.5990463476714836,-0.04431411764048365,15
F23_daily_TCN_c1_s1729,daily,month_centered,0.17852740669426126,0.30801005276850857,-3.841839693258047e-17,0.39939621140097004,0.46009200153466434,3.152308329260215e-32,1.0383976032881328,0.46009200153466434,0.21168464987617358,0.21168464987617358,-0.07981599693067132,0.03315724318191232,-0.2583434036249326,0.7883153501238265,-0.03936860402633213,15
F23_daily_Transformer_c7_s1729,daily,level,0.21305513053854241,0.60562534614619,0.2248277402385198,0.4510639462517202,0.680104278777016,0.08096410136107975,1.2865693625182038,0.680104278777016,0.227645137423335,0.46254183001080507,-0.021635281659305543,0.037412359261091876,-0.08487863199535883,0.5374581699891949,-0.09178304741580762,15
F23_daily_Transformer_c7_s1729,daily,month_centered,0.24308309790631455,0.2993420917483662,-2.4522980251551283e-17,0.302175859775792,0.557708874472356,1.347879348666758e-32,1.7699447760562461,0.557708874472356,0.31103918866522207,0.31103918866522207,0.1154177489447119,0.060314370167487086,-0.12766534896160264,0.6889608113347779,-0.15485925679420892,15
F23_daily_XGBoost_c6_s1729,daily,level,0.11776573667404833,0.6711431671802572,-0.0521852387144528,0.521499142746854,0.5414979482739068,0.07284196180689088,1.1351365665002302,0.5414979482739068,0.14724477281119008,0.2932200279848507,-0.025209314921341985,0.04671016073932921,-0.14254740233220206,0.7067799720151493,-0.06292749461908301,15
F23_daily_XGBoost_c6_s1729,daily,month_centered,0.14076725812750368,0.30585052102401217,-1.7109218501589613e-17,0.4853635513633865,0.3752858833554052,1.4660058435875517e-32,0.7400421480482946,0.3752858833554052,0.1408394942458468,0.1408394942458468,-0.24942823328918962,0.025559549008304074,-0.23459084205018155,0.8591605057541531,0.05484922484942384,15
F23_monthly_CatBoost_c2_s1729,monthly,level,0.1840699437975351,0.4255858597750152,-0.024373551170239427,0.5342648347037683,0.7747857597597868,0.180741595152848,1.3623967835234174,0.7747857597597868,0.3245915042799964,0.6004019760982287,0.21563220975792963,0.0887223403308795,0.007170396468668516,0.3995980239017714,-0.20256403137804896,78
F23_monthly_CatBoost_c2_seedmean,monthly,level,0.17260195066417328,0.4015613280284526,-0.024155773000780867,0.5363122924642143,0.7925212774749968,0.16646526205166343,1.4176638090705211,0.7925212774749968,0.3612017351267962,0.6280900843526555,0.3106739918650614,0.10503317108734961,0.011314806637582386,0.37190991564734455,-0.22842191086894872,78
F23_monthly_ExtraTrees_c6_s1729,monthly,level,0.07938653560006637,0.43951973009541623,-0.017176269019909762,0.2995516126428689,0.7699311177702279,0.19897630160621976,2.1837761517696386,0.7699311177702279,0.3459593878588596,0.5927951874261398,0.2582761580672173,0.21736012101687674,0.09899601627626439,0.4072048125738602,-0.2454914455595512,78
F23_monthly_GRU_c6_s1729,monthly,level,0.24105893124249084,0.37838213749545946,-0.14032296030810376,0.7214544999617645,0.8091012358315761,0.2522813285664839,1.0141783331064103,0.8091012358315761,0.32259861462122325,0.6546482130651075,0.2606221647916387,0.0575505692775764,-0.0011432005080747043,0.3453517869348925,-0.01946072253685549,78
F23_monthly_GraphTCN_c6_s1729,monthly,level,-0.08088090877026433,0.4543849889286782,-0.0951104509649856,0.5822997355454251,0.7196133536671703,0.3496041061669763,1.1307277723633864,0.7196133536671703,0.01619593548616999,0.5178726998136958,-0.07587342817895687,0.08102797499472694,-0.014778064538594093,0.4821273001863043,-0.07975584181525747,78
F23_monthly_LSTM_c7_s1729,monthly,level,-0.004059956897134898,0.410896673024452,0.01705271323521962,0.6586022127162432,0.7035121902680436,0.28277639819395956,1.0001593261811055,0.7035121902680436,0.10239996997402145,0.49492959488559585,-0.06231430685835879,0.07228798116769489,-0.025653482108907832,0.5050704051144042,9.926842793628321e-05,78
F23_monthly_LightGBM_c6_s1729,monthly,level,0.21366192027676806,0.40465594288738105,-0.03028066376515015,0.6539568855817259,0.6850543580166981,0.151588776748133,1.0630826692118163,0.6850543580166981,0.28140666132572134,0.4693095752968578,0.16356620061694127,0.059004904689091864,-0.035385268113314994,0.5306904247031422,-0.05810277059304553,78
F23_monthly_MLP_c6_s1729,monthly,level,0.03480335058223799,0.3886940099245577,-0.00738751312096908,0.5914479477049455,0.7729523113687558,0.23186793275760292,1.1653079584185582,0.7729523113687558,0.10122063429171543,0.5974813116209976,-0.004137614731535871,0.0767243060001166,-0.0011098779957373073,0.40251868837900245,-0.07972922740144672,78
F23_monthly_RF_c3_s1729,monthly,level,0.028925354190847796,0.4304547725756088,-0.04153835964382402,0.2860719105911185,0.7537979357885968,0.1319307492655773,1.938207418789844,0.7537979357885968,0.24668753268201607,0.5682136125069628,0.12688377083209887,0.19034297739193964,0.06170670747290338,0.4317863874930372,-0.20523839664838697,78
F23_monthly_TCN_c2_s1729,monthly,level,0.0035592323319014185,0.46695286141326087,-0.07949259360631311,0.6314445155882304,0.6455307534879328,0.2280195710181226,0.9958703047577543,0.6455307534879328,0.014673300088036217,0.417157277542558,-0.32403266511293116,0.04893364790678084,-0.037404279919260874,0.582842722457442,0.006328967706857869,78
F23_monthly_Transformer_c1_s1729,monthly,level,0.049920365037808556,0.4302399663665185,-0.1301672537760301,0.5520896842499404,0.6549585618584857,0.24169848291390955,1.1529903505188455,0.6549585618584857,0.09008203535152923,0.42897218174239116,-0.0834566861732797,0.08335917431042328,0.0005302688528774635,0.5710278182576088,-0.0832517846447218,78
F23_monthly_XGBoost_c3_s1729,monthly,level,0.0644233124644194,0.43794830568790855,0.037115506430467016,0.6303006648958531,0.7556459339715325,0.18122345654771738,1.0730315139824174,0.7556459339715325,0.13588996994460056,0.5710661490411183,0.015823012565458747,0.06261451809304613,-0.020591169413905208,0.4289338509588817,-0.05397635563321618,78
F24_daily_CatBoost_c4_s1729,daily,level,0.3226140394055915,0.428722128457606,0.02792948786293481,0.6744166470386831,0.7089402277249216,0.012119365575093561,1.0426502654659475,0.7089402277249216,0.327848240548473,0.5025962464866637,0.21704219944294256,0.04544286934190639,-0.0659867156628513,0.4974037535133363,-0.04337190109432654,15
F24_daily_CatBoost_c4_s1729,daily,month_centered,0.19725428003686807,0.2842116810477821,-1.5634534140419876e-17,0.4790147399935128,0.4563365962741303,3.237147244146521e-32,0.9793096338253582,0.4563365962741303,0.20824308909905861,0.20824308909905861,-0.08732680745173937,0.013379447618993352,-0.20175232400929755,0.7917569109009414,0.007848631947492357,15
F24_daily_CatBoost_c4_seedmean,daily,level,0.332460948926283,0.42157786969458133,0.04677964463659934,0.634205426474547,0.7070560688921096,0.022621828824176453,1.0288107677968854,0.7070560688921096,0.40532270892478317,0.49992828455716365,0.2932394975292279,0.04051130243641721,-0.045018749337695896,0.5000717154428364,-0.027519460690680453,15
F24_daily_CatBoost_c4_seedmean,daily,month_centered,0.20918402619620136,0.28421449859420983,-2.1567152902988995e-17,0.44774709436416815,0.48115358288476934,9.755446436705066e-33,1.0355712355653857,0.48115358288476934,0.2315087703228506,0.2315087703228506,-0.037692834230461325,0.021354714554446534,-0.18568236498504098,0.7684912296771493,-0.0214402757084301,15
F24_daily_ExtraTrees_c5_s1729,daily,level,0.23925046970860342,0.4402173047777542,0.011929151775444957,0.33266025192143356,0.6716062516562321,0.015977642902650423,1.804167429340197,0.6716062516562321,0.4200665594938815,0.4510549572637342,0.317268177586685,0.11191553568162477,-0.06882443083604196,0.5489450427362659,-0.12652293878146148,15
F24_daily_ExtraTrees_c5_s1729,daily,month_centered,0.16532170307676908,0.30165510354336716,-2.892903388493134e-17,0.22009456025123497,0.46048977268759117,8.336781629704623e-33,1.6670119435529536,0.46048977268759117,0.21205083074986938,0.21205083074986938,-0.07902045462481766,0.03684303639118808,-0.21595050169276886,0.7879491692501306,-0.07872987838301097,15
F24_daily_GRU_c2_s1729,daily,level,0.20955013360559716,0.5174329800655314,0.0008627713418776217,0.701511509724081,0.6264681809028273,0.034185307232546105,1.0919699706492156,0.6264681809028273,0.32311886057813355,0.39246238168369757,0.14550163689152257,0.0753085521252631,-0.027004428161574,0.6075376183163024,-0.06418334644766766,15
F24_daily_GRU_c2_s1729,daily,month_centered,0.1063553244539237,0.25436702242202386,-4.536899047907165e-17,0.4643318155629302,0.42762221587807875,2.4705921732901855e-32,0.8144611534356476,0.42762221587807875,0.18286075951247818,0.18286075951247818,-0.1447555682438425,0.03760074111237424,-0.32322641413832065,0.8171392404875218,0.06275192979980176,15
F24_daily_GraphTCN_c3_s1729,daily,level,0.23744176763205038,0.4594393718145793,-0.034765414312030396,0.7722241639765424,0.6664770735363726,0.03180405684774926,0.856744152847559,0.6664770735363726,0.3678590558601406,0.44419168954960747,0.22589155169062736,0.046248541830377965,-0.04008777689492654,0.5558083104503926,0.18160387430104286,15
F24_daily_GraphTCN_c3_s1729,daily,month_centered,0.20059710608785863,0.25486974657696676,-1.5637498755735266e-17,0.5989951690703214,0.5048423056088169,1.135908281347422e-32,0.6518350599690277,0.5048423056088169,0.25486575353242613,0.25486575353242613,0.009684611217633865,0.05504331601704407,-0.1898718643657128,0.7451342464675739,0.3007289220348519,15
F24_daily_LSTM_c3_s1729,daily,level,0.12262861158870308,0.5537811912250118,-0.12029995665201376,0.7032883686049954,0.6163249538210576,0.07585012175712738,0.7400290138767588,0.6163249538210576,0.2767318716052273,0.3798564487025287,0.05852226615218947,0.08544269187413012,-0.050484719620458085,0.6201435512974713,0.18071716756953957,15
F24_daily_LSTM_c3_s1729,daily,month_centered,0.11830861054153752,0.26453681970580567,-1.0800940626913211e-17,0.5416322161366897,0.41263396900830146,1.6348446198483588e-32,0.7396267598775271,0.41263396900830146,0.1702667923795439,0.1702667923795439,-0.17473206198339708,0.05950168832406255,-0.2831474020253586,0.8297332076204561,0.1592114039282947,15
F24_daily_LightGBM_c0_s1729,daily,level,0.25591569228190236,0.4636736318061909,0.03315250828010696,0.5550442119951627,0.711156018155325,0.10334503867173225,1.0955647617939326,0.711156018155325,0.3500154948308916,0.505742882158537,0.2208785435943845,0.06155610071460754,-0.056831117796393826,0.494257117841463,-0.08783395650719994,15
F24_daily_LightGBM_c0_s1729,daily,month_centered,0.22433122937818883,0.27904411677452745,3.5888150700454265e-17,0.4373621292321481,0.5062989234503523,1.8022146501692343e-32,0.7789335448624297,0.5062989234503523,0.2563385998869857,0.2563385998869857,0.012597846900704646,0.018541026647804593,-0.2117333824774842,0.7436614001130143,0.08948666877374181,15
F24_daily_MLP_c5_s1729,daily,level,0.2643931642975309,0.4450521699248522,0.021286534270687385,0.8139356866994006,0.6454947635709347,0.049649730999684,0.6998742121474114,0.6454947635709347,0.3687762881136827,0.4166634897974969,0.26671606606418985,0.07920274185116244,-0.041125272755252296,0.5833365102025031,0.44161047598287606,15
F24_daily_MLP_c5_s1729,daily,month_centered,0.08932022160847641,0.2570713802558642,-5.6715208565779815e-18,0.5872536953145557,0.47890879440337064,4.150452402210951e-32,0.6289848842933305,0.47890879440337064,0.22935363335688994,0.22935363335688994,-0.04218241119325872,0.1487504387955741,-0.1727975347914651,0.77064636664311,0.34725951504169805,15
F24_daily_RF_c3_s1729,daily,level,0.30055288722185447,0.5003736575884058,0.038544691683274346,0.5225909690019653,0.6863546576053429,0.026847779181873994,1.3141656973979832,0.6863546576053429,0.32027410004130524,0.47108271601654744,0.15006238361976,0.04475539586778443,-0.07875138178386859,0.5289172839834526,-0.1303264780223904,15
F24_daily_RF_c3_s1729,daily,month_centered,0.16287371132430806,0.2922352909604394,-1.6053497811955534e-17,0.3695013489537025,0.44597061777042396,7.919727527314605e-33,1.2139862118926823,0.44597061777042396,0.1988897919145336,0.1988897919145336,-0.10805876445915208,0.012409377956836137,-0.2962538558646891,0.8011102080854664,-0.053292768430327056,15
F24_daily_TCN_c1_s1729,daily,level,0.2671017758909746,0.5953260592686466,0.04126144404565135,0.6978968937314142,0.6686319067702668,0.04879706524189079,0.8222775826896719,0.6686319067702668,0.30629061628548293,0.4470686267512428,0.17798045356696984,0.0333700114381453,-0.06630650498754331,0.5529313732487572,0.17481683217728938,15
F24_daily_TCN_c1_s1729,daily,month_centered,0.16966531031994903,0.27726493091647464,-1.1353502239182309e-17,0.601696893884366,0.4589575273141849,1.1635248762621461e-32,0.6383984891193427,0.4589575273141849,0.21064201187835074,0.21064201187835074,-0.08208494537163025,0.05797352151467744,-0.23023715455825933,0.7893579881216493,0.32920267797278235,15
F24_daily_Transformer_c7_s1729,daily,level,0.14602703594789335,0.48330639359575095,-0.21538783804279693,0.5904583570878605,0.7155196401521368,0.23763363400300572,1.0882466022789752,0.7155196401521368,0.24840837622599993,0.5119683554434433,0.18207714001247177,0.027123211027175187,-0.04047492340333819,0.4880316445565567,-0.03940790818394585,15
F24_daily_Transformer_c7_s1729,daily,month_centered,0.24316810831325975,0.24676765758508062,5.294697074168225e-18,0.4145781389609083,0.5022525386927262,7.404374608937717e-33,1.1752621578260325,0.5022525386927262,0.25225761262328844,0.25225761262328844,0.004505077385452472,0.02233884561470506,-0.1696094560309087,0.7477423873767115,-0.053251958042330544,15
F24_daily_XGBoost_c6_s1729,daily,level,0.2794725582034989,0.6026079393862552,0.0013781403981001361,0.6142267535153935,0.6451120644595404,0.012497653109464173,0.8878766307543808,0.6451120644595404,0.2849172374234896,0.4161695757112502,0.07821750775143409,0.037172534344940444,-0.119218714650424,0.5838304242887498,0.08460257720251019,15
F24_daily_XGBoost_c6_s1729,daily,month_centered,0.1055671556806752,0.28771505950247617,1.9480487237428026e-17,0.49023221937699274,0.42398686120998946,1.2507899675426547e-32,0.7172656698439697,0.42398686120998946,0.17976485847869886,0.17976485847869886,-0.15202627758002107,0.030318597937852187,-0.3274026885800455,0.8202351415213012,0.1261376638817016,15
F24_monthly_CatBoost_c2_s1729,monthly,level,0.3129983139434228,0.3721513059965688,-0.10691172214582156,0.5784808324791367,0.721327659603818,0.11517136146858653,1.196414040086077,0.721327659603818,0.33314555602573315,0.5203135925095215,0.23290683805768542,0.07263001803191982,-0.020646637449719007,0.47968640749047853,-0.07891557490701628,85
F24_monthly_CatBoost_c2_seedmean,monthly,level,0.2887044291766834,0.3634433057902496,-0.09674489158967936,0.5810854933706827,0.7352693877422692,0.09889038095403307,1.1698333085001655,0.7352693877422692,0.3771653437647426,0.5406210725508914,0.2666317549615063,0.07110281682128838,-0.019361855546462442,0.4593789274491086,-0.11636763010557727,85
F24_monthly_ExtraTrees_c6_s1729,monthly,level,0.022309580913679405,0.4035364838664656,-0.11033210264981497,0.3384037109584431,0.6789078282708016,0.19000701310296608,2.0304472898101142,0.6789078282708016,0.17392936548936247,0.4609158392873763,0.05226034750248403,0.14869462891224355,0.0078003820532995816,0.5390841607126238,-0.18211141253679597,85
F24_monthly_GRU_c6_s1729,monthly,level,0.18283333973953508,0.37080017333391047,-0.10479031205177303,0.6459140885209316,0.6906073611024293,0.1383922800278193,0.9989452050203583,0.6906073611024293,0.24386507532186355,0.47693852720886115,0.12215306773826923,0.06050021396608285,-0.02091070450743232,0.5230614727911389,0.0004206925533372097,85
F24_monthly_GraphTCN_c6_s1729,monthly,level,0.13721498670616605,0.3791744516902943,-0.12196724692980454,0.6663636151257353,0.7174098564342847,0.191991170032685,0.9326646564346871,0.7174098564342847,0.23159249669205578,0.5146769021090609,0.11731475925966714,0.08694585349995121,-0.030883760214787226,0.4853230978909391,0.06308352138812245,85
F24_monthly_LSTM_c7_s1729,monthly,level,-0.058746517368414075,0.3983856191613236,-0.16727628231048586,0.664554791312873,0.6642123802100816,0.3176351663081062,0.9547455771702328,0.6642123802100816,0.060058329641423464,0.44117808602434194,-0.24118015366078782,0.05136900541138678,-0.0433787812586639,0.5588219139756581,0.03481464546393481,85
F24_monthly_LightGBM_c6_s1729,monthly,level,0.27031186630505877,0.3632638076913728,-0.09065806528070608,0.669818822833991,0.6882370835878612,0.16712507168718427,1.0711835226456876,0.6882370835878612,0.32319383069258706,0.4736702832255246,0.20554233507925454,0.05653744210669864,-0.0248683527385527,0.5263297167744754,-0.06485605074491385,85
F24_monthly_MLP_c6_s1729,monthly,level,-0.0761691638620896,0.4498800747175678,-0.2877043275833131,0.5573877830539624,0.6489876780791726,0.3945725065922565,1.1318774642412006,0.6489876780791726,-0.004570009287152732,0.42118500629859573,-0.1833308749514106,0.0617047356023116,-0.06095652140914043,0.5788149937014042,-0.0477839677632417,85
F24_monthly_RF_c3_s1729,monthly,level,0.09631124792116585,0.39396991016082084,-0.07833004732001747,0.3670202040798937,0.7038476139577776,0.15960823911574412,1.7834578904560265,0.7038476139577776,0.27854365205160864,0.49540146367405674,0.09461343599323542,0.12611593952502625,0.019807481359443213,0.5045985363259433,-0.18798154414370616,85
F24_monthly_TCN_c2_s1729,monthly,level,-0.11346392623983981,0.4136658009317883,-0.1583110638459524,0.6810648625793241,0.6534747922563678,0.27592331107884854,0.8273476736180716,0.6534747922563678,0.009880479009199472,0.4270293041145031,-0.1728696716623838,0.0935364534889874,-0.014910063331093903,0.5729706958854969,0.20096949795864216,85
F24_monthly_Transformer_c1_s1729,monthly,level,0.05581389684063909,0.38555886449149507,-0.14343448003133163,0.5279317779199939,0.6620945934992424,0.24637555149002452,1.2318589423089996,0.6620945934992424,0.16928572344212822,0.43836925074092703,0.011557036023744055,0.06353010323237696,-0.03240102733763078,0.561630749259073,-0.13612147887959786,85
F24_monthly_XGBoost_c3_s1729,monthly,level,0.268408851436457,0.35751632096605224,-0.065731504758199,0.6387452308015407,0.72876235538673,0.12453746582360867,0.9875963126179962,0.72876235538673,0.3645722586153093,0.5310945706288145,0.23652437435871887,0.06714434915407241,-0.028086691066958713,0.4689054293711855,0.013726876080318973,85
joint_F23_GraphTCN_c7_seedmean,daily,level,0.4037448299026545,0.5626478613399536,0.04436597537603526,0.5882370256404809,0.7617802611309242,0.08055177791173694,1.1600313040089598,0.7617802611309242,0.49208074162154797,0.5803091662486991,0.40729132273319885,0.01344017648531548,-0.022845743117286155,0.4196908337513009,-0.0860141116559276,15
joint_F23_GraphTCN_c7_seedmean,daily,month_centered,0.21568655933819536,0.3011136186253081,8.444283209414934e-18,0.4167347360942732,0.5379043305894401,5.710127456467148e-33,1.1031055225218867,0.5379043305894401,0.28934106886687366,0.28934106886687366,0.07580866117888019,0.050070810314519765,-0.19202924286129974,0.7106589311331264,-0.03260810114522472,15
joint_F23_GraphTCN_c7_seedmean,monthly,level,0.2621150266604709,0.39229068181011983,-0.030170501114975046,0.6608394488738887,0.7952419144911335,0.21635670599409948,1.0437140633194675,0.7952419144911335,0.34221701101018576,0.6324178698275279,0.21841435522543068,0.06397174002723821,-0.009487538980769233,0.3675821301724721,-0.030582153849032567,78
joint_F23_Transformer_c3_seedmean,daily,level,0.23386862235951345,0.5670990983235504,0.13565055145246596,0.5049647201545119,0.7622644789653618,0.11165085883188526,1.1606560756897761,0.7622644789653618,0.34970267517590514,0.5810471358923345,0.2941227675863133,0.023514278799424804,-0.0546716818795463,0.4189528641076655,-0.11369356136185568,15
joint_F23_Transformer_c3_seedmean,daily,month_centered,0.18913463033334565,0.30226688790095674,-1.7032562019863098e-17,0.28936839238899886,0.5247497293143256,7.722878874676879e-33,1.969017571481218,0.5247497293143256,0.275362278415458,0.275362278415458,0.04949945862865124,0.0780046265750266,-0.14785819321178018,0.724637721584542,-0.11398835813467798,15
joint_F23_Transformer_c3_seedmean,monthly,level,0.2340071323271038,0.3952246265676164,0.026730967178993925,0.6658292553128653,0.7644165267342409,0.2915740124105429,1.0627044192824078,0.7644165267342409,0.26320764423334186,0.5843918916200819,0.1718435599566501,0.06919215821214261,0.0028045992753873983,0.41560810837991813,-0.047949549927985224,78
joint_F23_XGBoost_c3_seedmean,daily,level,-0.3121884006242468,0.6628846376683576,-0.0507803832060989,0.42044806714822586,0.5634837262455776,0.1300623382992784,1.299875505075657,0.5634837262455776,-0.0336547606252003,0.31751390974360105,-0.47118718981851876,0.06243722790719364,-0.0462500317536268,0.682486090256399,-0.12408979182317403,15
joint_F23_XGBoost_c3_seedmean,daily,month_centered,0.10140796561441134,0.3019128903844622,-9.96761902549259e-18,0.38414051846164576,0.34414457344046057,7.533180613747214e-33,0.741822115139704,0.34414457344046057,0.11843548742851656,0.11843548742851656,-0.31171085311907887,0.0476942198724643,-0.31312467987848147,0.8815645125714835,0.08902870266472047,15
joint_F23_XGBoost_c3_seedmean,monthly,level,-0.06319648292656865,0.4187948841560332,-0.03944036455633648,0.5236663623160218,0.6722074006220689,0.1829030016613058,1.1988010163258265,0.6722074006220689,0.06414949813634732,0.4519219595199593,-0.10627783406552233,0.10215852203481901,-0.023931031981926948,0.5480780404800407,-0.10461296239439118,78
joint_F24_GraphTCN_c7_seedmean,daily,level,0.19055109836902007,0.49714435641104854,-0.06645653812813035,0.5555846090918966,0.7257745004879975,0.09484911681344733,1.1025129942722312,0.7257745004879975,0.23946109870821394,0.5267486255586024,0.10120090673478965,0.05855836551513405,0.005462886855920779,0.47325137444139764,-0.061379993071946415,15
joint_F24_GraphTCN_c7_seedmean,daily,month_centered,0.20976503964456195,0.2480720499407287,1.0865632768259758e-17,0.48540432937823763,0.49190077118637926,1.4139411444984558e-32,0.8653211553358356,0.49190077118637926,0.24196636869375465,0.24196636869375465,-0.01619845762724148,0.025617802496648856,-0.16388744385535825,0.7580336313062453,0.10427423354077064,15
joint_F24_GraphTCN_c7_seedmean,monthly,level,0.1344538745956826,0.372381295967961,-0.1288453160468035,0.6411629931045243,0.7744082670146643,0.19959583837410347,1.0690269145557603,0.7744082670146643,0.17458029488385166,0.5997081640206555,0.14719297232610518,0.06281415405156432,-0.003834802885633426,0.4002918359793445,-0.038112091061459186,85
joint_F24_Transformer_c3_seedmean,daily,level,0.11679171483646034,0.534058405102714,-0.0817282905750869,0.3952798330690225,0.6268602823011827,0.10107797607783797,1.0888837716076714,0.6268602823011827,0.18671979406863348,0.3929538135267185,-0.1349268904139614,0.050281268587659966,-0.05729430433193494,0.6070461864732815,-0.009219907530774923,15
joint_F24_Transformer_c3_seedmean,daily,month_centered,0.18997355299174612,0.26882668686102706,2.1174976648410254e-17,0.2738723331573191,0.47736772907553093,6.245498093382815e-33,1.7465347343467676,0.47736772907553093,0.2278799487627295,0.2278799487627295,-0.045264541848938133,0.06300932746591575,-0.21032454939732337,0.7721200512372706,-0.05424853797500517,15
joint_F24_Transformer_c3_seedmean,monthly,level,-0.10937196273665317,0.41156920338320924,-0.25781082553550294,0.5579194036041079,0.7440981066345431,0.44432664818148376,1.188317488931353,0.7440981066345431,0.08194031075378899,0.5536819922971119,-0.09681457203466157,0.08483979475771031,0.008913386307838445,0.4463180077028881,-0.08243160736032107,85
joint_F24_XGBoost_c3_seedmean,daily,level,-0.2062619385380302,0.7510109878524784,-0.16795947276929635,0.46041113407660766,0.6121600138235459,0.12822418039021058,1.5010486647730878,0.6121600138235459,-0.0401499280097327,0.3747398825244439,-0.4999117124672654,0.09564987793715557,0.010107661541735702,0.6252601174755561,-0.18734954900632417,15
joint_F24_XGBoost_c3_seedmean,daily,month_centered,0.12021831553147933,0.2701436856365002,1.48954978939405e-17,0.3270436844138136,0.36622282831186015,6.358946494867929e-33,1.1794378222460882,0.36622282831186015,0.1341191599767382,0.1341191599767382,-0.2675543433762797,0.021403417989347612,-0.25940433858131506,0.8658808400232618,-0.032648205274363476,15
joint_F24_XGBoost_c3_seedmean,monthly,level,0.09800847257344703,0.4137090380152611,-0.15247808930030615,0.5958943295523966,0.7575362276005193,0.26862552675379786,1.1759733596148954,0.7575362276005193,0.12747820973677004,0.5738611361272258,0.04956373698494265,0.054036030140005686,-0.007519732980674432,0.4261388638727742,-0.11632002415701484,85
