tag,config,status,calls,active_seconds,objective,pg,numerical_sufficient,physical_reasonable,audit_status
T24_L_M_s0,T24_L_M,NUMERICALLY_SUFFICIENT,2658,4508.860000000102,0.8529807963099352,2.845784518505732e-07,True,True,AUDITED_FIT
T24_L_M_s1,T24_L_M,NUMERICALLY_SUFFICIENT,2516,4093.75,0.8529807963101729,8.370948290647995e-07,True,True,AUDITED_FIT
T24_L_D_s0,T24_L_D,NUMERICALLY_SUFFICIENT,1877,15827.594000000041,0.9025263938098105,8.761424522552019e-07,True,True,AUDITED_FIT
T24_L_D_s1,T24_L_D,NUMERICALLY_SUFFICIENT,2447,3931.5460000000894,0.9025263938115357,9.296575188950072e-07,True,True,AUDITED_FIT
T24_G_M_s0,T24_G_M,NUMERICALLY_SUFFICIENT,2967,6808.0,1.185377530314566,1.9235505636094885e-06,True,True,AUDITED_FIT
T24_G_M_s1,T24_G_M,NUMERICALLY_SUFFICIENT,3063,19701.421999999788,1.1853775303139136,8.028492430034451e-07,True,True,AUDITED_FIT
T24_G_D_s0,T24_G_D,NUMERICALLY_SUFFICIENT,2210,7789.875,1.207490268598341,3.670309106505905e-07,True,True,AUDITED_FIT
T24_G_D_s1,T24_G_D,NUMERICALLY_SUFFICIENT,3035,20140.67200000002,1.2074905487733525,6.945725012722183e-07,True,True,AUDITED_FIT
S56_M_s0,S56_M,NUMERICALLY_SUFFICIENT,3042,21679.625,1.065688505409319,5.531385106477549e-07,True,True,AUDITED_FIT
S56_M_s1,S56_M,NUMERICALLY_SUFFICIENT,2855,19832.186999999918,1.0656885054127279,1.637173657535046e-06,True,True,AUDITED_FIT
S56_D_s0,S56_D,NUMERICALLY_SUFFICIENT,2184,6530.75,1.0863715210325107,1.0033780212274565e-06,True,True,AUDITED_FIT
S56_D_s1,S56_D,NUMERICALLY_SUFFICIENT,3016,21328.65599999996,1.086371521032938,6.844335350064332e-07,True,True,AUDITED_FIT
S113_M_s0,S113_M,BUDGET_STOPPED,3195,21602.35899999994,1.1721852928064391,4.577265232587976e-06,True,True,AUDITED_FIT
S113_M_s1,S113_M,NUMERICALLY_SUFFICIENT,3356,22016.139999999898,1.1721852927397116,4.1655312662917943e-07,True,True,AUDITED_FIT
S113_D_s0,S113_D,NUMERICALLY_SUFFICIENT,2474,6653.780999999959,1.1922481185852782,4.5526601305512487e-07,True,True,AUDITED_FIT
S113_D_s1,S113_D,NUMERICALLY_SUFFICIENT,3324,21971.90599999996,1.192248118586308,8.646459383615523e-07,True,True,AUDITED_FIT
S191_M_s0,S191_M,NUMERICALLY_SUFFICIENT,2719,17867.718999999808,1.1859094780873831,6.24558283146559e-07,True,True,AUDITED_FIT
S191_M_s1,S191_M,NUMERICALLY_SUFFICIENT,3752,22441.938000000082,1.1859094780873018,5.59004094092706e-07,True,True,AUDITED_FIT
S191_D_s0,S191_D,NUMERICALLY_SUFFICIENT,1508,3454.6719999997877,1.2006858886959775,7.900328244311861e-07,True,True,AUDITED_FIT
S191_D_s1,S191_D,NUMERICALLY_SUFFICIENT,3320,11003.48499999987,1.3401870053824656,2.869854733300592e-07,True,True,AUDITED_FIT
T25S_L_M_s0,T25S_L_M,NUMERICALLY_SUFFICIENT,1142,2535.812000000151,0.9284687290711032,4.826821377035273e-07,True,True,AUDITED_FIT
T25S_L_M_s1,T25S_L_M,NUMERICALLY_SUFFICIENT,3313,5980.312000000151,0.8598237358933128,1.8417765966227684e-06,True,True,AUDITED_FIT
T25S_L_D_s0,T25S_L_D,NUMERICALLY_SUFFICIENT,2354,4331.390999999829,0.9142833466085917,3.140868684026188e-07,True,True,AUDITED_FIT
T25S_L_D_s1,T25S_L_D,NUMERICALLY_SUFFICIENT,1087,2439.936999999918,0.9820959368638893,1.410211063045813e-07,True,True,AUDITED_FIT
T25S_G_M_s0,T25S_G_M,NUMERICALLY_SUFFICIENT,2991,5724.609000000171,1.1878474447160108,7.126949501365431e-07,True,True,AUDITED_FIT
T25S_G_M_s1,T25S_G_M,NUMERICALLY_SUFFICIENT,2678,5189.405999999959,1.1878474447163279,1.220404758500715e-06,True,True,AUDITED_FIT
T25S_G_D_s0,T25S_G_D,NUMERICALLY_SUFFICIENT,1891,4056.188000000082,1.2126399087114799,1.0383412107212164e-06,True,True,AUDITED_FIT
T25S_G_D_s1,T25S_G_D,NUMERICALLY_SUFFICIENT,2893,5596.045999999857,1.2126399087099864,4.926658193765698e-07,True,True,AUDITED_FIT
