fold,scale,metric,replicates,median,lower,upper,crosses_zero
F23,HF_day,rmse_change,1000,-0.023289598580416477,-0.04751333790284394,0.004586391558041778,True
F23,HF_day,abs_bias_change,1000,-0.02349267239345769,-0.04321396516327367,-0.0012036863949753107,False
F23,HF_day,nse_difference_of_medians,1000,0.06153565016347862,-0.08602788332395775,0.2786574097636122,True
F23,HF_day,nse_median_paired_change,1000,0.03999429501564811,-0.012178770451605604,0.08971151735852192,True
F23,HF_month,rmse_change,1000,-0.018755000394673024,-0.0406173685071374,0.005882591147152589,True
F23,HF_month,abs_bias_change,1000,-0.023087181029073502,-0.044427879800941344,-0.0018017511886537821,False
F23,HF_month,nse_difference_of_medians,1000,0.06668740157237063,-0.1394980725443015,0.36713918148461566,True
F23,HF_month,nse_median_paired_change,1000,0.04616471810795231,-0.01220323192315625,0.10627870810227177,True
F23,PUB_month,rmse_change,1000,-0.001069291900922038,-0.00760439911561205,0.005837656384208512,True
F23,PUB_month,abs_bias_change,1000,0.0004903543772187771,-0.004225851880980888,0.0051311021542974665,True
F23,PUB_month,nse_difference_of_medians,1000,0.02207473043885627,-0.11379514796396913,0.17307750511414993,True
F23,PUB_month,nse_median_paired_change,1000,0.01837935762002771,-0.02039864767363893,0.05403658001442063,True
F23,events,amplitude_error_change,1000,0.00813595393221421,0.0012400386575579583,0.01614351519942886,False
F23,events,peak_error_change,1000,0.052326687390380155,-0.03784677012689208,0.08196506689273321,True
F23,events,base_error_change,1000,0.015996981035372282,-0.00977540322107684,0.04052841477098045,True
F24,HF_day,rmse_change,1000,0.015126768671840624,0.00887496336241583,0.022690852995048107,False
F24,HF_day,abs_bias_change,1000,0.004675683723124985,-0.002048081211920665,0.017799722481583475,True
F24,HF_day,nse_difference_of_medians,1000,-0.05487343279099621,-0.2259697566466478,0.04302102375787601,True
F24,HF_day,nse_median_paired_change,1000,-0.055152149120397786,-0.12733191025739338,-0.012025895367820252,False
F24,HF_month,rmse_change,1000,0.018179132573711565,0.009260359835102688,0.026537344414362105,False
F24,HF_month,abs_bias_change,1000,0.0030489180239797135,-0.004055974127451098,0.01573984972189084,True
F24,HF_month,nse_difference_of_medians,1000,-0.030497346733915465,-0.2793540396823476,0.05845464118686051,True
F24,HF_month,nse_median_paired_change,1000,-0.08096299019418968,-0.16099771853922185,-0.02902326868805825,False
F24,PUB_month,rmse_change,1000,0.008152081046604847,0.001443605059815784,0.014793887295096154,False
F24,PUB_month,abs_bias_change,1000,0.0029928650489037386,-0.001814314947625411,0.009995967876982835,True
F24,PUB_month,nse_difference_of_medians,1000,-0.05502791082701464,-0.2098610447635414,0.06794613770616709,True
F24,PUB_month,nse_median_paired_change,1000,-0.06697082548457128,-0.10180211074122658,-0.03033543764913948,False
F24,events,amplitude_error_change,1000,0.007141750621483825,0.0012547199121016102,0.013651650192299247,False
F24,events,peak_error_change,1000,0.009175189340799195,-0.031261677157769244,0.057617274932964625,True
F24,events,base_error_change,1000,0.022702253635683123,-0.003824734575407043,0.03961521632431331,True
