fold,scale,group,paired_stations,nse_paired_stations,nse_median_R,nse_median_X,nse_difference_of_medians,nse_median_paired_change,nse_improved_fraction,rmse_R,rmse_X,rmse_change,rmse_improved_fraction,bias_R,bias_X,bias_change,abs_bias_R,abs_bias_X,abs_bias_change,abs_bias_improved_fraction,logrmse_R,logrmse_X,logrmse_change,r_R,r_X,r_change,amplitude_ratio_R,amplitude_ratio_X,amplitude_ratio_change
F23,HF_day,ALL,15,15,-0.06160721605633612,-0.04000245899169297,0.021604757064643154,0.0346661973835396,0.6666666666666666,0.9895922512018773,0.9660082589157147,-0.02358399228616258,0.6666666666666666,0.1573353783246633,0.12130031559538411,-0.036035062729279185,0.48258193436188573,0.4584876664910848,-0.02409426787080081,0.7333333333333333,0.2353238708431025,0.23079981309555755,-0.004524057747544974,0.4347465836054098,0.4395026650605965,0.00475608145518666,0.5137160796404764,0.4890651336258578,-0.02465094601461855
F23,HF_day,H,5,5,-0.2500145215162075,-0.06705385042555045,0.18296067109065706,0.14503715344531198,0.8,1.4148442874265894,1.357925510189211,-0.056918777237378614,0.8,0.3956548125479249,0.29740270836264965,-0.09825210418527527,0.5636080014416,0.5032610536014772,-0.06034694784012273,0.8,0.23803611420654755,0.22803693990896207,-0.009999174297585478,0.3984392930235537,0.43521879024024585,0.036779497216692186,0.5359938145254431,0.4942316791550806,-0.041762135370362455
F23,HF_day,N,2,2,-0.1195671760068836,-0.1795661280864928,-0.0599989520796092,-0.0599989520796092,0.0,0.4602182733830183,0.4719396576634993,0.011721384280481001,0.0,-0.07446638398240736,-0.0832227389693316,-0.008756354986924232,0.07446638398240736,0.0832227389693316,0.008756354986924232,0.5,0.15428093065409038,0.15839326210824156,0.0041123314541512135,0.2837457994904877,0.21559609077023384,-0.06814970872025385,0.5733007944133142,0.5406232449660263,-0.032677549447287874
F23,HF_day,OTHER,7,7,-0.06160721605633612,-0.04000245899169297,0.021604757064643154,0.0346661973835396,0.8571428571428571,0.9290474030009074,0.9157147707311936,-0.01333263226971404,0.8571428571428571,0.08932845366022847,0.0828283402278815,-0.006500113432346989,0.5967352063898587,0.5876717914116042,-0.009063414978254398,0.7142857142857143,0.26960282367296345,0.2657682685190429,-0.0038345551539205403,0.47494517534647557,0.4796731603972589,0.00472798505078333,0.5060361715455298,0.49516013965137634,-0.010876031894153445
F23,HF_day,X,1,1,0.26030857433110866,0.2572274015737537,-0.0030811727573549774,-0.0030811727573549774,0.0,0.34589396312282517,0.3466136223443158,0.0007196592214906428,0.0,-0.09460979552645997,-0.0808617115389939,0.013748083987466075,0.09460979552645997,0.0808617115389939,-0.013748083987466075,1.0,0.143895864594875,0.14464809303876913,0.0007522284438941373,0.6368944625570748,0.6275417203864382,-0.009352742170636641,0.336917332334594,0.3174511411207779,-0.019466191213816098
F23,HF_month,ALL,15,15,-0.19881124789182714,-0.07018693013783106,0.12862431775399608,0.03766056278614682,0.7333333333333333,0.8061723401649508,0.7870477148333287,-0.019124625331622114,0.7333333333333333,0.1506413344848648,0.11363904061679343,-0.03700229386807143,0.4878512773026556,0.46395016460206795,-0.023901112700587663,0.7333333333333333,0.20004752458721112,0.1962482686692494,-0.0037992559179617007,0.5228129037884959,0.5207338012706412,-0.0020791025178546,0.5657878060513498,0.5294305955113059,-0.03635721054004405
F23,HF_month,H,5,5,-0.2614809803610967,-0.0013184679243010144,0.26016251243679567,0.1313154849853182,0.8,1.0531915568714179,1.0114173587410842,-0.04177419813033362,0.8,0.37085043083754105,0.2704407737647518,-0.10040965707278926,0.5850482875829905,0.5250041626368012,-0.060044124946189416,0.8,0.18727817651769418,0.17987973437196564,-0.007398442145728534,0.5529962427814107,0.5629643810641639,0.00996813828275317,0.6528488288807706,0.5945369858571354,-0.05831184302363497
F23,HF_month,N,2,2,-0.013865966499707949,-0.09255679473473183,-0.07869082823502388,-0.07869082823502388,0.0,0.3138071743381449,0.32506086455390554,0.011253690215760614,0.0,-0.07273069970473459,-0.07905345602476599,-0.006322756320031405,0.07273069970473459,0.07905345602476599,0.006322756320031405,0.5,0.1133119829522141,0.11757535170661003,0.004263368754395924,0.41823607190414636,0.3387276075135144,-0.07950846439063199,0.6354385935310238,0.588987682229961,-0.04645091130106288
F23,HF_month,OTHER,7,7,-0.27170337667289735,-0.2357712654793982,0.03593211119349915,0.03766056278614682,0.8571428571428571,0.8427428253718777,0.8287781557151045,-0.013964669656773319,0.8571428571428571,0.09266660493887412,0.08507493689170723,-0.007591668047166913,0.5927470500197185,0.5844412625761721,-0.008305787443546403,0.7142857142857143,0.24446786273494417,0.2405158252720039,-0.003952037462940261,0.5253214481512822,0.5337415323574265,0.008420084206144164,0.5175372102012488,0.49954235344696357,-0.017994856754285315
F23,HF_month,X,1,1,0.17461021973884105,0.1896991668437361,0.015088947104895056,0.015088947104895056,1.0,0.29981319183773963,0.297060109680968,-0.0027530821567716135,1.0,-0.09783697207738197,-0.085035905764276,0.012801066313105972,0.09783697207738197,0.085035905764276,-0.012801066313105972,1.0,0.12642298117065795,0.1255638778616651,-0.000859103308992859,0.5634900620531138,0.5825391722097838,0.01904911015666999,0.32893528789560594,0.29400216479524305,-0.034933123100362895
F23,PUB_month,ALL,116,78,-0.3263016331812254,-0.26933043610181706,0.05697119707940834,0.013089268284601996,0.5897435897435898,0.7270931145849907,0.7264864990568252,-0.0006066155281653745,0.5603448275862069,-0.08660553304307174,-0.10599206415753858,-0.019386531114466903,0.4819582631126243,0.4815617350778131,-0.00039652803481123115,0.5258620689655172,0.22161350287292297,0.22063159940764573,-0.000981903465277218,0.444344562935941,0.46207289120041256,0.01772832826447162,0.48185128445415154,0.4679735708026469,-0.013877713651504616
F23,PUB_month,H,17,16,-0.3616776765267159,-0.1510006717295198,0.2106770047971961,-0.04546704220031228,0.5,1.3887210408230946,1.401992035066259,0.013270994243164493,0.47058823529411764,-0.5708306838083079,-0.665707617860119,-0.09487693405181119,0.9503861034990696,0.9652951802891989,0.014909076790129335,0.4117647058823529,0.2689282599176854,0.2711184695293543,0.0021902096116689983,0.3259579214739808,0.40040363173778165,0.07444571026380095,0.40816681697119916,0.3684748513008118,-0.03969196567038729
F23,PUB_month,N,17,12,-0.8000456747642055,-0.8226393229745225,-0.022593648210316952,-0.05100066523015473,0.16666666666666666,0.7683758249009386,0.7728790516009534,0.00450322670001472,0.23529411764705882,-0.2673400404749506,-0.2679568210558796,-0.0006167805809290171,0.6709993689757839,0.6716977028741984,0.00069833389841458,0.4117647058823529,0.27818632632104834,0.27970364671300285,0.0015173203919545187,0.5993323404697972,0.5574944453260323,-0.041837895143765,0.574166921109869,0.5473978809272433,-0.026769040182625662
F23,PUB_month,OTHER,75,46,-0.3041482661748004,-0.27737280122252084,0.02677546495227956,0.04003611954633751,0.7391304347826086,0.5832967485510452,0.5779866764124554,-0.005310072138589774,0.64,0.03374090833252145,0.02482875838776704,-0.008912149944754415,0.3454677032381761,0.341356043731425,-0.004111659506751057,0.56,0.1977550032384045,0.19534647028481453,-0.0024085329535899367,0.44354707063077903,0.4646593077813004,0.021112237150521393,0.4796486545134644,0.47191571427335977,-0.007732940240104738
F23,PUB_month,X,7,4,-0.17501299386217234,-0.17739289744630415,-0.002379903584131815,-0.002379903584131815,0.5,0.5606997761745649,0.5643749551878512,0.003675179013286139,0.7142857142857143,0.2388703364114241,0.24500844860213902,0.006138112190714874,0.34764682087552906,0.34722556791309767,-0.0004212529624314311,0.7142857142857143,0.22494187490289366,0.2254720405436777,0.000530165640784032,0.3640006500309293,0.3523914265093569,-0.011609223521572416,0.460203765827655,0.47448845638973225,0.01428469056207719
F24,HF_day,ALL,15,15,-0.06717495221447334,-0.15024950026029527,-0.08307454804582193,-0.0484720601777624,0.3333333333333333,1.1083717246936478,1.1240002282650265,0.015628503571378925,0.3333333333333333,-0.0559804694759152,-0.06756859419428167,-0.011588124718366429,0.5812504488375516,0.5839130183263671,0.0026625694888156035,0.3333333333333333,0.26173295253875073,0.26660900104794905,0.00487604850919829,0.39672399639657757,0.3676208737506647,-0.02910312264591279,0.5174823895707732,0.5068131708089932,-0.010669218761780001
F24,HF_day,H,5,5,-0.04875058048262848,-0.03357581902589546,0.015174761456733021,-0.03232233927077033,0.4,1.6161879476879508,1.639370743912568,0.023182796224617053,0.4,0.061456554244945116,0.056203658897823805,-0.005252895347121323,0.4645429363609808,0.45292379116989306,-0.011619145191087709,0.6,0.2729878452023397,0.2774815312863391,0.0044936860839994595,0.40111464693970733,0.38279344506017515,-0.018321201879532213,0.41408792991020354,0.41157494746852735,-0.002512982441676204
F24,HF_day,N,2,2,-0.742262279920201,-0.7950641851874466,-0.0528019052672456,-0.05280190526724565,0.5,0.36718224560011914,0.37934406123992015,0.01216181563980101,0.5,-0.13822515144368022,-0.14983749203561209,-0.011612340591931877,0.13822515144368022,0.14983749203561209,0.011612340591931877,0.0,0.1314905231611067,0.13680427897154573,0.0053137558104390525,0.27676045963150625,0.20385599499954526,-0.07290446463196097,0.8102388142701143,0.759519232355524,-0.050719581914590306
F24,HF_day,OTHER,7,7,-1.3614318713758005,-1.5523080929769066,-0.19087622160110618,-0.10155068244081955,0.2857142857142857,1.0526588040812193,1.0646524950222753,0.011993690941055948,0.2857142857142857,-0.08825735245675399,-0.10456064789454615,-0.016303295437792176,0.8381219577988848,0.8473505209863603,0.00922856318747543,0.2857142857142857,0.303624892783167,0.30865532743507046,0.005030434651903388,0.3924606620802372,0.3690839573702935,-0.02337670470994373,0.5370912198164254,0.5301382037152086,-0.006953016101216831
F24,HF_day,X,1,1,-0.03394377367477697,-0.08241583385253937,-0.0484720601777624,-0.0484720601777624,0.0,0.441660012196185,0.45189411677679,0.010234104580604975,0.0,-0.25273804327881527,-0.2629476880702961,-0.010209644791480843,0.25273804327881527,0.2629476880702961,0.010209644791480843,0.0,0.17269976626517977,0.177531509298955,0.004831743033775232,0.6445411574254537,0.609046189367951,-0.03549496805750274,0.31168002675537376,0.3143169340747532,0.0026369073193794335
F24,HF_month,ALL,15,14,-0.45599784715944636,-0.42245489268105296,0.033542954478393394,-0.07276312727966494,0.2857142857142857,0.8945583662370356,0.9127434143965071,0.018185048159471577,0.3333333333333333,-0.09278509664453431,-0.10257385722035421,-0.00978876057581987,0.5544472588414392,0.5539390071275226,-0.0005082517139166303,0.3333333333333333,0.22237554823940336,0.22713617046922283,0.004760622229819461,0.5238508556481248,0.48987639212228434,-0.03397446352584061,0.6168255618965823,0.5894939003127938,-0.027331661583788372
F24,HF_month,H,5,5,-0.4506707943831181,-0.4189622850651382,0.03170850931797986,-0.06535679910377457,0.4,1.2036989534832099,1.2384001956475037,0.034701242164293766,0.4,-0.07306269978857441,-0.07783484505081235,-0.004772145262237948,0.4098437863242392,0.3961069375688835,-0.013736848755355701,0.6,0.2195322051167528,0.22548994312068257,0.005957738003929766,0.3781211354449006,0.3435415649365374,-0.03457957050836319,0.49138898457150104,0.48760068619842595,-0.0037882983730750165
F24,HF_month,N,2,2,-1.0380135529044068,-1.022587912039132,0.01542564086527487,0.015425640865274759,0.5,0.27955528528930995,0.28692186747318305,0.007366582183873122,0.5,-0.154400175615874,-0.16507605530099076,-0.010675879685116772,0.154400175615874,0.16507605530099076,0.010675879685116772,0.0,0.10281824309444458,0.10542820323489754,0.0026099601404529563,0.6133207880397671,0.6016481167407358,-0.011672671299031212,0.8914058788836519,0.788441117593724,-0.10296476128992782
F24,HF_month,OTHER,7,6,-1.6499427236263577,-1.7987690888520553,-0.1488263652256976,-0.1604506517933439,0.16666666666666666,0.931384410946006,0.9420497146900886,0.010665303744082652,0.2857142857142857,-0.07341860339884336,-0.08687482066162343,-0.01345621726278005,0.8221367462953075,0.8267486472355048,0.0046119009401973015,0.2857142857142857,0.27157496982222507,0.2761386954908979,0.004563725668672862,0.5734943702458162,0.53480914811146,-0.0386852221343562,0.6676401024461388,0.6422423692718245,-0.025397733174314336
F24,HF_month,X,1,1,-0.042122073544452965,-0.1072383407805646,-0.06511626723611164,-0.06511626723611164,0.0,0.32107927893881966,0.33095849993309967,0.009879220994280014,0.0,-0.20373237570149125,-0.21115777781790565,-0.0074254021164144035,0.20373237570149125,0.21115777781790565,0.0074254021164144035,0.0,0.13131092306282216,0.1357655665288493,0.004454643466027142,0.7260549896971231,0.6834777868898858,-0.04257720280723731,0.3391460307009531,0.3318262536095586,-0.00731977709139453
F24,PUB_month,ALL,116,85,-0.4681342479425836,-0.5517779007283068,-0.08364365278572317,-0.0742271499233571,0.25882352941176473,0.7458374173508256,0.7544974614340423,0.00866004408321653,0.3103448275862069,-0.22764077898966134,-0.24132036867265388,-0.013679589682992562,0.4985024538001415,0.502469781540632,0.003967327740490608,0.3793103448275862,0.22937580502644292,0.2317930790454956,0.0024172740190527304,0.3158170006493075,0.29037015456066545,-0.025446846088641967,0.5133410922708534,0.488843536326841,-0.02449755594401241
F24,PUB_month,H,17,16,-0.25659263434692225,-0.2361269087746356,0.020465725572286653,-0.07206445752961332,0.1875,1.4357423536811735,1.463373322017785,0.027630968336611484,0.17647058823529413,-0.7508902369556353,-0.7704020616911333,-0.01951182473549809,0.8768576770950881,0.8886371909747477,0.01177951387965969,0.23529411764705882,0.2819588218417844,0.28698222768842163,0.005023405846637258,0.3344233302110103,0.30965825896038157,-0.02476507125062879,0.43122494880807855,0.40522396850541065,-0.02600098030266796
F24,PUB_month,N,17,12,-2.309279383315614,-2.40478480053847,-0.09550541722285599,-0.11911833952769701,0.16666666666666666,0.8582194598432531,0.8653645668309845,0.007145106987731389,0.29411764705882354,-0.3693662910632342,-0.38400612427677666,-0.014639833213542479,0.7296868290526975,0.7327466251447681,0.0030597960920704624,0.29411764705882354,0.3196667599812132,0.32293776630266696,0.0032710063214537463,0.48721526833890844,0.47025725763609305,-0.016958010702815475,0.3770233877223254,0.3165895214355805,-0.060433866286744846
F24,PUB_month,OTHER,75,53,-0.5107326224049127,-0.5784383011920771,-0.06770567878716438,-0.056011361393026315,0.3018867924528302,0.5731240375529254,0.57988593371514,0.006761896162214619,0.32,-0.10728226621306568,-0.11809133092407288,-0.010809064711007172,0.36666126748611605,0.37030820729605946,0.0036469398099432866,0.4266666666666667,0.19474018339557672,0.1968830625821578,0.002142879186581086,0.27002564228629417,0.24237923659211769,-0.027646405694176455,0.566578776602117,0.553999921504041,-0.012578855098075997
F24,PUB_month,X,7,4,-0.18400529396790055,-0.19075393841340216,-0.006748644445501606,-0.056704272987359916,0.25,0.6479266809015901,0.634530912469189,-0.013395768432401105,0.5714285714285714,0.09774293992857011,0.0698037449617259,-0.027939194966844196,0.43077613926362135,0.4214077482110144,-0.009368391052606936,0.42857142857142855,0.253492105344023,0.25044679682387844,-0.003045308520144535,0.3449989612141411,0.32084734321261515,-0.0241516180015259,0.4734195338919068,0.41214668173051777,-0.06127285216138891
