fold,station_key,events_R,single_day_events_R,ratio_defined_events_R,amplitude_error_R,peak_error_R,base_error_R,events_X,single_day_events_X,ratio_defined_events_X,amplitude_error_X,peak_error_X,base_error_X
F23,九甸大桥,1,0,1,0.1449953138147357,2.1307324275718678,0.9250692513970442,1,0,1,0.1756809873144055,2.4416112715448426,1.0357708276452033
F23,六景,5,0,5,0.26388124546736946,0.635942928062351,0.4855350746705125,5,0,5,0.2354420858512304,0.6960517289406618,0.5353581956412565
F23,南岸,4,1,4,0.19153427456529043,0.9542719301334142,0.5113084913014743,4,1,4,0.1915666023014566,1.0113310573362535,0.565131994735993
F23,厂房大桥,2,1,2,0.04918308155720474,2.311301287631284,2.3416665439686186,2,1,2,0.047842472654701464,2.109322671845683,2.2600709487814674
F23,叮当,5,0,5,0.04682887219962504,1.4559382834306736,1.0727649324901263,5,0,5,0.0614728712111433,1.4553514642286924,1.058169791472404
F23,棉江,6,3,6,0.09002996033530088,0.8790980835196379,0.49202876630814774,6,3,6,0.08773135055777156,0.8839407310231523,0.48426718620033504
F23,永昌桥,1,0,1,0.10778319941394217,1.1129399619573732,0.30534703187597323,1,0,1,0.13688224205097427,1.4361438240358977,0.4367814063456601
F23,石角,7,2,7,0.3774947891353033,0.8333718219522208,0.24192155194768583,7,2,7,0.38871719592970805,0.8498850778921512,0.3230723301390124
F23,自良渡口,4,1,4,0.2466686436279956,0.5647256611575024,0.43315995447560607,4,1,4,0.2670464262767325,0.5618833654366409,0.46012635870458507
F23,阳朔,1,1,1,0.08170619573879373,0.7894336938948678,0.6455261284773295,1,1,1,0.10039736805688254,0.7814183143383444,0.5986301650838892
F23,高桥,4,1,4,0.34435113317413996,0.6713229636605434,0.2879095961102617,4,1,4,0.33399693825141485,0.7009035964798874,0.27003341627216126
F24,九甸大桥,1,1,1,0.09516900859085858,1.8907741401343774,1.2365815208876478,1,1,1,0.11705302458817081,1.9992997387055338,1.2357646023172508
F24,交州,7,0,7,0.4113984226944628,0.2848877268007626,0.16140212114127883,7,0,7,0.4107295626005516,0.259696792935598,0.18760351967689992
F24,六景,8,1,8,0.06612871881244563,0.9106390036856086,0.8934016960308426,8,1,8,0.07162418688456719,0.9249360891647195,0.9116341193806117
F24,南岸,6,0,6,0.105880269310929,1.478021746546668,1.1015350422336072,6,0,6,0.104948915825733,1.5490166475834606,1.143755496550087
F24,厂房大桥,1,0,1,0.028745384596734994,1.8429900179005076,1.795116133541161,1,0,1,0.08154820401266472,1.6115185583453742,1.853352894700413
F24,叮当,3,1,3,0.11749992919829384,2.88062203861037,1.4088625604861105,3,1,3,0.1514086204412607,2.926023466285961,1.3709099878420608
F24,棉江,10,3,10,0.14086774113929726,0.7292691611411776,0.35376160923609723,10,3,10,0.13043916543444603,0.7390053310889345,0.3735941523719222
F24,永昌桥,1,1,1,0.15979686154243394,1.2416351999499664,2.3133192300629624,1,1,1,0.13791284554512193,1.3714178514596078,2.3305358044748523
F24,盘溪大桥,2,0,2,0.28841740801332927,4.49489991689128,2.149847003846307,2,0,2,0.34178463650655844,4.907652798787286,2.2617749910044616
F24,石角,3,0,3,0.2393868391828431,0.8030876280457377,0.31145906512628363,3,0,3,0.2559694123773141,0.7920983839674005,0.2758931347325173
F24,禄丰村,1,0,1,0.8979538340714305,2.4345661388991804,5.150174613406995,1,0,1,0.8352455796886414,1.8115481528158792,5.317035091651612
F24,自良渡口,3,0,3,0.16708698681017417,1.1825330307397115,0.5738115418401177,3,0,3,0.18878239790005122,1.1988131399799222,0.5683177987795345
F24,边外河,1,0,1,0.06270097011104213,0.014081481961788489,0.1106155565080349,1,0,1,0.05367596796137948,0.015305733565169843,0.0907901388523853
F24,阳朔,4,0,4,0.3758195207078568,1.1055648004614476,0.2089885742370493,4,0,4,0.3938359485927039,1.100691007512055,0.15597111331594316
F24,高桥,6,1,6,0.26083656813366574,0.26994876498692033,0.0720917746841705,6,1,6,0.25186224176853916,0.2660234008641542,0.07058148534896602
