fold,parameter,baseline,candidate,change
F23,log_alpha_contact,-9.00652178443527,-8.970120224724555,0.03640155971071479
F23,beta_a,0.40967188972658825,0.3716402900640802,-0.03803159966250802
F23,v_f,0.046945187247742715,0.0409122841868092,-0.006032903060933514
F23,log_tau_mineral_days,8.01866910260735,8.016144130321326,-0.0025249722860234414
F23,gamma_contact_0,0.07380848812393179,0.05578100435693908,-0.01802748376699271
F23,gamma_contact_1,0.4012761662654485,0.36797759686359127,-0.033298569401857214
F23,gamma_contact_2,0.44969755796906163,0.4696166912520398,0.019919133282978174
F23,gamma_contact_3,0.45490779684923255,0.48103151309866216,0.026123716249429607
F23,gamma_contact_4,-1.259890317175405,-1.1680248538067286,0.0918654633686764
F23,gamma_contact_5,-0.13516839761292726,-0.10464487957837154,0.03052351803455572
F23,gamma_contact_6,0.6401604116495812,0.5133622807438203,-0.12679813090576086
F23,gamma_lifetime_0,1.3991832151541534,1.3771928591569953,-0.02199035599715815
F23,gamma_lifetime_1,-0.30457144426009103,-0.3326736487054401,-0.028102204445349055
F23,gamma_lifetime_2,-0.31486744428540575,-0.3389674808309716,-0.02410003654556586
F23,gamma_lifetime_3,-0.3189505808871036,-0.3653287576017723,-0.046378176714668706
F23,gamma_lifetime_4,0.933499623496002,0.9897571026809465,0.0562574791849445
F23,gamma_lifetime_5,0.4060159443117384,0.38421915392661465,-0.02179679038512372
F23,gamma_lifetime_6,1.461277821638892,1.5539312372097502,0.09265341557085827
F23,eta_upper,0.5981611603974097,0.5688903145093572,-0.02927084588805251
F23,eta_percolation,0.34186192273685156,0.2450739534631091,-0.09678796927374247
F23,log_aq,-0.038659115730561903,-0.06030764288535315,-0.021648527154791243
F23,dynamic_0,0.6576696707642827,0.6570318659331376,-0.0006378048311451723
F23,dynamic_1,0.13817787087364766,0.389984850188587,0.25180697931493934
F23,dynamic_2,0.2704330248641563,0.24252291065523512,-0.0279101142089212
F23,dynamic_3,0.6004785420168983,0.5854087493961162,-0.015069792620782119
F23,dynamic_4,0.48680191346288026,0.5050316845590873,0.018229771096207048
F23,dynamic_5,0.09466475039835372,0.11000072117183642,0.015335970773482699
F23,dynamic_6,0.275867427692449,0.3723432999012472,0.09647587220879822
F23,dynamic_7,-0.20345652253077712,-0.17387942669591114,0.02957709583486598
F23,beta_b,0.3970198492493303,0.36935056348619266,-0.027669285763137652
F24,log_alpha_contact,-9.070227989791814,-9.058888200865386,0.01133978892642773
F24,beta_a,0.3881627531139515,0.3179798832535024,-0.07018286986044908
F24,v_f,0.0518225464502661,0.04553081741040319,-0.0062917290398629075
F24,log_tau_mineral_days,7.991175653776593,7.9885736992441485,-0.002601954532444495
F24,gamma_contact_0,-0.03066421153704909,-0.04073974898410674,-0.01007553744705765
F24,gamma_contact_1,0.5133117280153809,0.5008851980824706,-0.01242652993291038
F24,gamma_contact_2,0.38008971657832985,0.4145065372622294,0.03441682068389956
F24,gamma_contact_3,0.3239467848584344,0.3597631605826388,0.035816375724204375
F24,gamma_contact_4,-1.4401807059612477,-1.38569622910533,0.05448447685591762
F24,gamma_contact_5,-0.3387434081400152,-0.3229837721472311,0.01575963599278407
F24,gamma_contact_6,0.8128432028381158,0.7107346726487116,-0.10210853018940425
F24,gamma_lifetime_0,1.3973402478608772,1.3689869092049125,-0.028353338655964677
F24,gamma_lifetime_1,-0.26277017421045334,-0.2935601061521649,-0.030789931941711535
F24,gamma_lifetime_2,-0.22715913146041633,-0.23007374736173913,-0.0029146159013228035
F24,gamma_lifetime_3,-0.21346816862373816,-0.23383170094992925,-0.02036353232619109
F24,gamma_lifetime_4,0.7714466642520245,0.807606683839983,0.03616001958795856
F24,gamma_lifetime_5,0.5297383709097288,0.49310872085867663,-0.03662965005105212
F24,gamma_lifetime_6,1.2174131165355357,1.2658043117865285,0.04839119525099278
F24,eta_upper,0.5062049214900469,0.4862617125258534,-0.01994320896419355
F24,eta_percolation,0.40682238094185846,0.2835288219717817,-0.12329355897007677
F24,log_aq,-0.031144763685939103,-0.07284683572030777,-0.04170207203436867
F24,dynamic_0,0.7998217652816944,0.7717017636517323,-0.028120001629962088
F24,dynamic_1,0.19541346596866357,0.503990034352393,0.3085765683837294
F24,dynamic_2,0.2068576496279029,0.17136507404281937,-0.035492575585083536
F24,dynamic_3,0.7391238855264806,0.6166022347270463,-0.12252165079943422
F24,dynamic_4,0.5364511204109191,0.5138098056523906,-0.022641314758528486
F24,dynamic_5,0.0814864716350732,0.13105831210584443,0.04957184047077123
F24,dynamic_6,0.13526596408751654,0.299266583931078,0.16400061984356148
F24,dynamic_7,-0.15430017896799506,-0.13805882976868344,0.01624134919931161
F24,beta_b,0.37473168204879453,0.3370635365309678,-0.03766814551782671
