configuration,task,station_key,scope,NSE,RMSE,bias,amplitude_ratio,correlation,bias_penalty,gain_beta_opt,positive_shape_amplitude_opt,fixed_mean_amplitude_ceiling_NSE,observed_mean_affine_ceiling_NSE,unit_amplitude_NSE,amplitude_only_room,unit_amplitude_change,remaining_after_affine,amplitude_gradient_at1_normalized
joint_F24_Transformer_c3_seedmean,monthly,江边桥,level,0.716740592033043,0.7529482822470901,0.18231160303121374,0.5800374948562145,0.9221738002201659,0.016606674331364275,1.5898520499071591,0.9221738002201659,0.8337978434811382,0.8504045178125025,0.8277409261089675,0.1170572514480952,0.11100033407592458,0.14959548218749752,-0.39690377092533446
joint_F24_Transformer_c3_seedmean,monthly,清水江小学,level,0.18126365806034195,0.5471293037497512,-0.4650423630110678,0.7266605413684418,0.8950476190753579,0.5914923744134503,1.2317272895949611,0.8950476190753579,0.20961786599901677,0.801110240412467,0.19860286373726554,0.028354207938674825,0.017339205676923597,0.19888975958753297,-0.24472049009191488
joint_F24_Transformer_c3_seedmean,monthly,渔村,level,0.6788967291925794,0.2415441416225579,0.0049033130642430756,0.8873985573050537,0.8262945878673195,0.00013232166519624612,0.9311425864570917,0.8262945878673195,0.6826304242736271,0.6827627459388234,0.6524568540694426,0.0037336950810477054,-0.026439875123136725,0.31723725406117664,0.10844714864931504
joint_F24_Transformer_c3_seedmean,monthly,渠立,level,0.7518503226136372,0.14767373330977124,-0.0793152217252222,0.9181851149589927,0.9074961651848833,0.07158471356435878,0.9883586113519313,0.9074961651848833,0.7519645762609102,0.823549289825269,0.7434076168054078,0.00011425364727302156,-0.008442705808229367,0.17645071017473102,0.019628869154262985
joint_F24_Transformer_c3_seedmean,monthly,滃江大站,level,-0.44648557186577875,0.6493709943650808,-0.43942865844990475,0.3219170919505821,0.4962796525987477,0.6623767628935271,1.5416380956713294,0.4962796525987477,-0.4160832693099934,0.2462934935835337,-0.6698174576960317,0.030402302555785354,-0.22333188583025299,0.7537065064164663,-0.11226057693782893
joint_F24_Transformer_c3_seedmean,monthly,火电厂,level,0.5835293708252121,0.16237540515615603,0.015583221339935616,0.5752915095960642,0.7981392891977812,0.003835821262511894,1.3873649721654813,0.7981392891977812,0.6331905036986275,0.6370263249611394,0.5924427571330505,0.04966113287341545,0.008913386307838445,0.3629736750388606,-0.25640487107440557
joint_F24_Transformer_c3_seedmean,monthly,爽底坪,level,-0.13001953769363617,0.3851128735567398,-0.22460131260699523,0.5772706000933473,0.5089281448307552,0.3843567031031911,0.8816110585719404,0.5089281448307552,-0.12534884650231692,0.25900785660087416,-0.36650041344168066,0.004670691191319243,-0.2364808757480445,0.7409921433991258,0.07890418032257862
joint_F24_Transformer_c3_seedmean,monthly,狗街,level,0.3051456736238929,1.735224634415371,0.22018471173330845,0.3481182452461845,0.6284073027047782,0.011188108737774781,1.8051547463718167,0.6284073027047782,0.38370762935492,0.39489573809269474,0.24562649667178157,0.07856195573102709,-0.05951917695211131,0.6051042619073053,-0.1951474696883852
joint_F24_Transformer_c3_seedmean,monthly,甲茶,level,-0.08487001852855758,0.20920197098531254,-0.14104534547568637,1.2006522850124697,0.7703431197779641,0.4931325630329865,0.6416038426728714,0.7703431197779641,0.10029595915626027,0.5934285221892468,0.04755367652294168,0.18516597768481785,0.13242369505149926,0.4065714778107532,1.033303365001235
joint_F24_Transformer_c3_seedmean,monthly,界牌,level,0.3448899315794639,0.19932537695816718,-0.05185959189139411,0.5853791460689683,0.6251537557269239,0.0443452671465718,1.067946748573222,0.6251537557269239,0.34647195115290663,0.3908172182994784,0.20596224430727597,0.0015820195734427278,-0.13892768727218793,0.6091827817005215,-0.04656645407360116
joint_F24_Transformer_c3_seedmean,monthly,白沙街,level,0.7402293316704731,0.12807730524889963,-0.04303134518292295,1.0094209303409998,0.8858957538078263,0.029323485706711484,0.8776276845265686,0.8858957538078263,0.7554878009080253,0.7848112866147368,0.742468021908941,0.015258469237552141,0.0022386902384678997,0.21518871338526324,0.24937779723330444
joint_F24_Transformer_c3_seedmean,monthly,白马,level,0.2351976536645003,0.40193236309936525,-0.3203683924914902,0.6577719021278927,0.8770188390076333,0.4858951709786483,1.3333175773706305,0.8770188390076333,0.2832668729956488,0.7691620439742971,0.26814250703661835,0.048069219331148494,0.032944853372118055,0.2308379560257029,-0.28842894941420216
joint_F24_Transformer_c3_seedmean,monthly,百雅,level,-0.7604717470062565,0.46805036921013066,-0.2785463728346642,0.34542134700399796,-0.025551906011402736,0.6235034924542434,0.0,0.0,-0.6235034924542434,0.0,-1.6746073044770489,0.1369682545520131,-0.9141355574707923,1.0,0.2562841615180693
joint_F24_Transformer_c3_seedmean,monthly,盘溪大桥,level,0.6508604753579974,1.0676894080070318,0.006809786128766149,0.44339885139706814,0.9556601432066845,1.4202869366593118e-05,2.1553058610674687,0.9556601432066845,0.9132721064444541,0.9132863093138207,0.9113060835440023,0.2624116310864567,0.26044560818600493,0.08671369068617929,-0.4542721368071244
joint_F24_Transformer_c3_seedmean,monthly,石角,level,-1.1561562295766437,0.27578417950926964,-0.10883300525207629,1.7953925363411734,0.6692308854401092,0.3357861436433861,0.37274906288957477,0.6692308854401092,0.1120838343835665,0.4478699780269526,0.0026756272368323453,1.26824006396021,1.158831856813476,0.5521300219730474,4.0438044454828495
joint_F24_Transformer_c3_seedmean,monthly,禄丰村,level,0.4845955935230748,1.412489222796312,0.5674305658122796,0.3921468535796811,0.9200019708138694,0.08317700798801038,2.3460649050622364,0.9200019708138694,0.7632266183133933,0.8464036263014038,0.7568269336397283,0.27863102479031854,0.2722313401166535,0.15359637369859624,-0.41399344673864125
joint_F24_Transformer_c3_seedmean,monthly,罗村口,level,-4.16887528696385,0.3927394350691297,-0.34561070875884703,0.25750929976075937,-0.19375433964878902,4.002777158843437,0.0,0.0,-4.002777158843437,0.0,-5.390285838141015,0.1660981281204128,-1.221410551177165,1.0,0.23240916758368924
joint_F24_Transformer_c3_seedmean,monthly,老口,level,-0.3514670621295011,0.6980778925576214,-0.5755823710355146,0.40135792741477244,0.9074238571305376,0.9187823934000826,2.2608843507226535,0.9074238571305376,-0.09536433691042023,0.8234180564896624,-0.10393467913900734,0.25610272521908084,0.24753238299049374,0.17658194351033762,-0.40622714537189886
joint_F24_Transformer_c3_seedmean,monthly,老鹰坡,level,-0.6473242937389609,2.2056053745485076,-1.486378464995477,0.20253096380137472,0.3501526031871696,0.7481389908427631,1.7288842980600723,0.3501526031871696,-0.6255321453240117,0.12260684551875146,-1.0478337844684238,0.021792148414949253,-0.40050949072946285,0.8773931544812485,-0.05979590580548805
joint_F24_Transformer_c3_seedmean,monthly,自良渡口,level,-0.9618692348790541,0.5031515809789933,-0.3599941786164891,1.141115667452966,0.5891494884434774,1.0042996918419287,0.5162925242788856,0.5891494884434774,-0.6572025721087176,0.34709711973321106,-0.826000714954974,0.3046666627703365,0.1358685199240801,0.6529028802667889,1.259714509543752
joint_F24_Transformer_c3_seedmean,monthly,蔗香北,level,0.030824770538102175,0.3007282987613087,-0.13219765193480137,0.3945909417150217,0.4736690143114616,0.18728422301512107,1.2004051898726835,0.4736690143114616,0.03707811210367051,0.22436233511879158,-0.23994619439219791,0.006253341565568338,-0.27077096493030006,0.7756376648812084,-0.06240698226967617
joint_F24_Transformer_c3_seedmean,monthly,蔗香南,level,-1.205050318750167,0.41156920338320924,-0.22698355449875063,0.4663447091139965,-0.33975229047165195,0.6706895648899166,0.0,0.0,-0.6706895648899166,0.0,-2.3501941458332203,0.5343607538602505,-1.1451438270830532,1.0,0.7518381415788692
joint_F24_Transformer_c3_seedmean,monthly,谷拉河大桥,level,-3.601687455328565,0.2595141870466942,-0.2351603723136254,0.3632620625285233,0.4250438181176971,3.7785327173249548,1.1700748907252674,0.4250438181176971,-3.5978704700048847,0.18066224732006997,-3.928445081089561,0.0038169853236804663,-0.32675762576099565,0.81933775267993,-0.04488593592391277
joint_F24_Transformer_c3_seedmean,monthly,贺街,level,-3.9343488548346377,0.33338083526801754,0.13034805743244826,1.4990165487363607,-0.31119556542948296,0.7543236365048397,0.0,0.0,-0.7543236365048397,0.0,-2.3767147673638056,3.180025218329798,1.557634087470832,1.0,5.427075831715268
joint_F24_Transformer_c3_seedmean,monthly,赵家渡,level,-5.919461432770812,0.6246137209916709,-0.31549611527074184,1.9902503544109118,-0.048483520686900344,1.7653762710776686,0.0,0.0,-1.7653762710776686,0.0,-2.8623433124514692,4.154085161693144,3.057118120319343,1.0,8.115181634925904
joint_F24_Transformer_c3_seedmean,monthly,车渡,level,-0.6641400135029814,0.38309545247200455,-0.27724220199583627,0.3881594298262367,0.46125663895613933,0.8715544985015168,1.188317488931353,0.46125663895613933,-0.6587968115204025,0.21275768698111427,-0.9490412205892381,0.005343201982578871,-0.28490120708625677,0.7872423130188857,-0.05674674203550434
joint_F24_Transformer_c3_seedmean,monthly,边外河,level,-0.4334609364358033,0.23852768855986953,0.06388617764782234,1.365234661340331,0.5615281083607097,0.10283052961257506,0.41130519482227657,0.5615281083607097,0.21248328686658186,0.3153138164791569,0.020225687108844245,0.6459442233023851,0.45368662354464756,0.6846861835208431,2.194496087348276
joint_F24_Transformer_c3_seedmean,monthly,连江西牛,level,-0.10937196273665317,0.4909915382980093,-0.43522654336300204,0.6017566822606385,0.9342852927559913,0.871685694198831,1.552596456837225,0.9342852927559913,0.00120331406131724,0.8728890082601483,-0.0031151086868485,0.11057527679797041,0.10625685404980467,0.12711099173985174,-0.40020262681684726
joint_F24_Transformer_c3_seedmean,monthly,那弄,level,0.21975530484089478,0.6279597929700885,-0.28967885221597345,0.5251719924924859,0.629885400191581,0.16603541478165668,1.199388789189083,0.629885400191581,0.23072020259285148,0.39675561737450815,0.09373538560150535,0.010964897751956693,-0.12601991923938943,0.6032443826254918,-0.10998509792402356
joint_F24_Transformer_c3_seedmean,monthly,都骑,level,-0.03958242205968565,0.22735987773721275,-0.050818861028602225,0.7643195753475123,0.3902421976532601,0.05193751038632341,0.5105746473598157,0.3902421976532601,0.10035146244292273,0.15228897282924614,-0.2714531150798032,0.13993388450260838,-0.23187069302011754,0.8477110271707539,0.5718293249327636
joint_F24_Transformer_c3_seedmean,monthly,锁龙桥,level,0.4899960303319292,1.0969032596534702,-0.1736563466036074,0.4886794262699287,0.7587655049352131,0.012782571258869528,1.5526855933486723,0.7587655049352131,0.5629425202207194,0.575725091479589,0.5047484386115567,0.07294648988879027,0.014752408279627538,0.42427490852041105,-0.2639710199312921
joint_F24_Transformer_c3_seedmean,monthly,长坝,level,0.1667962493593249,0.3880354236601144,-0.2890939785238864,0.5003409471664059,0.8790111086773189,0.46247318860010367,1.756824248855597,0.8790111086773189,0.31018734057802566,0.7726605291781293,0.29554902875453415,0.14339109121870075,0.12875277939520924,0.22733947082187067,-0.3789283745480523
joint_F24_Transformer_c3_seedmean,monthly,长虹桥,level,0.6465081921640786,0.592399851488743,-0.2691696293383119,0.7669665457486046,0.8525309868385847,0.07297961777685211,1.1115621555650308,0.8525309868385847,0.6538294657431191,0.7268090835199712,0.6320823559003174,0.007321273579040444,-0.01442583626376126,0.2731909164800288,-0.13125012764338417
joint_F24_Transformer_c3_seedmean,monthly,阳朔,level,0.3694202570403504,0.24895842222978307,-0.08937329290981189,1.1811210619141628,0.7813474716742629,0.08126469099811336,0.6615303857235311,0.7813474716742629,0.5292391804936496,0.610503871491763,0.4814302523504124,0.15981892345329918,0.112009995310062,0.389496128508237,0.9443620148587759
joint_F24_Transformer_c3_seedmean,monthly,雁江,level,0.08282591005129947,0.3767767444832828,-0.3091568272225187,0.49673205636230405,0.9533054857125884,0.6175061426497359,1.9191543479071764,0.9533054857125884,0.29128520643997824,0.9087913490897142,0.28910482877544097,0.20845929638867877,0.2062789187241415,0.09120865091028585,-0.45358931688311177
joint_F24_Transformer_c3_seedmean,monthly,露塘,level,-1.4671459201142119,0.36963754096756374,-0.35115253720137696,0.6816957750792639,0.8978512085932295,2.226559541448924,1.3170848953682193,0.8978512085932295,-1.420422748676601,0.806136792772323,-1.4308571242624648,0.046723171437610844,0.03628879585174705,0.19386320722767703,-0.2947044915737942
joint_F24_Transformer_c3_seedmean,monthly,青岩,level,-0.974513338294974,0.9117221105504384,-0.6414615798687033,0.2888173627428604,0.14942188979707752,0.9774091415677253,0.5173577113856228,0.14942188979707752,-0.9550822404171954,0.022326901150529977,-1.6785653619735703,0.019431097877778636,-0.7040520236785963,0.9776730988494701,0.08051966574898951
joint_F24_Transformer_c3_seedmean,monthly,高桥,level,0.6407214116677851,0.22067898552502233,-0.08714182440072271,0.7837807912132876,0.8363666725492651,0.05602252436746321,1.067092587526386,0.8363666725492651,0.6434866865836664,0.6995092109511296,0.616710820731067,0.0027652749158812995,-0.02401059093671809,0.3004907890488704,-0.08243160736032107
joint_F24_Transformer_c3_seedmean,monthly,黄果树,level,0.16902093312519784,0.7143408804081897,-0.1372080483151441,0.4794336649207465,0.4479610113736636,0.030657606664422993,0.9343545189879697,0.4479610113736636,0.1700114610464926,0.20066906771091558,-0.13473558391709575,0.0009905279212947538,-0.30375651704229356,0.7993309322890845,0.030178099269717762
joint_F24_Transformer_c3_seedmean,monthly,黄泥河,level,0.44256943490624157,0.6022920241261254,0.029628661926059507,0.47197328251142456,0.7062658034442981,0.0013489648434973523,1.4964105588481107,0.7062658034442981,0.4974624202713226,0.4988113851148199,0.4111826420450989,0.054892985365081026,-0.031386792861142654,0.5011886148851801,-0.22115962034513004
joint_F24_Transformer_c3_seedmean,monthly,龙川城铁路桥,level,-0.2251496055620037,0.6930431750491451,-0.5029332246179461,0.3181373604705527,0.8192280593075093,0.6451923302578418,2.575076558426838,0.8192280593075093,0.0259422828989061,0.6711346131567479,-0.006736211642823231,0.2510918884609098,0.21841339391918047,0.32886538684325206,-0.3188313445686681
joint_F24_GraphTCN_c7_seedmean,daily,九甸大桥,level,-0.029158595749609884,1.8333683880268763,-0.8110216631094609,0.4346388475223722,0.4154562980312034,0.2013945611184204,0.9558655430813018,0.4154562980312034,-0.02879062554462833,0.17260393557379208,-0.37048196505601366,0.00036797020498155475,-0.3413233693064038,0.8273960644262079,0.01667496240676497
joint_F24_GraphTCN_c7_seedmean,daily,九甸大桥,month_centered,0.1788554379018824,1.1476557410508825,5.2839609315617764e-17,0.33978489130731665,0.43308166106247037,1.7406664144612938e-33,1.2745759806923609,0.43308166106247037,0.18755972514862845,0.18755972514862845,-0.13383667787505926,0.008704287246746045,-0.31269211577694167,0.8124402748513715,-0.06340166554115734
joint_F24_GraphTCN_c7_seedmean,daily,交州,level,0.031731193489850096,0.28699171180930594,-0.1672962198967629,0.5471532210991709,0.6032435361197429,0.32902544694129443,1.1025129942722312,0.6032435361197429,0.034877316928957125,0.36390276387025156,-0.12253837470180862,0.003146123439107029,-0.1542695681916587,0.6360972361297484,-0.061379993071946415
joint_F24_GraphTCN_c7_seedmean,daily,交州,month_centered,0.08023397815848388,0.17821243369591705,1.2355669601598479e-17,0.48540432937823763,0.32534870624475015,4.421136591004531e-33,0.6702632971187024,0.32534870624475015,0.10585178065513273,0.10585178065513273,-0.3493025875104997,0.025617802496648856,-0.42953656566898357,0.8941482193448673,0.15538338482065284
joint_F24_GraphTCN_c7_seedmean,daily,六景,level,0.46750540377426564,0.3318376542100454,-0.17141308576843972,0.5950713648634032,0.8097360791949618,0.1420861745967144,1.360737765260868,0.8097360791949618,0.513586343353315,0.6556725179500295,0.47738598379320923,0.04608093957904935,0.009880580018943597,0.34432748204997055,-0.25548164909058624
joint_F24_GraphTCN_c7_seedmean,daily,六景,month_centered,0.33544086024296726,0.2014691867964986,-7.374798234387973e-17,0.48865880319041677,0.5875554501723536,8.904645906784882e-32,1.2023838439750762,0.5875554501723536,0.345221407027237,0.345221407027237,0.1751109003447071,0.009780546784269761,-0.16032995989826015,0.654778592972763,-0.09665343430747675
joint_F24_GraphTCN_c7_seedmean,daily,南岸,level,-0.0588877580808318,0.6446356400362522,-0.4125905860250967,0.4163740234280964,0.6583623816504162,0.43377041813810596,1.5811802480615333,0.6583623816504162,-0.00032939256569775033,0.4334410255724082,-0.11704565483727364,0.05855836551513405,-0.05815789675644184,0.5665589744275918,-0.20151533267157345
joint_F24_GraphTCN_c7_seedmean,daily,南岸,month_centered,0.1353833789225526,0.32650228901643,3.2368517046375833e-17,0.35368605765167255,0.36823222270789313,8.497608625400418e-33,1.0411273352215267,0.36823222270789313,0.1355949698403954,0.1355949698403954,-0.26353555458421374,0.00021159091784281325,-0.3989189335067663,0.8644050301596046,-0.010289551545370312
joint_F24_GraphTCN_c7_seedmean,daily,厂房大桥,level,0.5017909443178625,0.6013784407836495,0.26239689509073894,0.5555846090918966,0.8147402791366397,0.09484911681344733,1.4664558121369367,0.8147402791366397,0.5689526056342022,0.6638017224476496,0.5346314414598321,0.06716166131633972,0.03284049714196957,0.33619827755235043,-0.2879658032715142
joint_F24_GraphTCN_c7_seedmean,daily,厂房大桥,month_centered,0.23159313392670944,0.4253452560157607,-2.3543280768933278e-18,0.4458997749559371,0.48264180361494685,2.3541927281577001e-35,1.0823997470342759,0.48264180361494685,0.23294311059668893,0.23294311059668893,-0.0347163927701063,0.0013499766699794913,-0.26630952669681573,0.7670568894033111,-0.032766524620954085
joint_F24_GraphTCN_c7_seedmean,daily,叮当,level,-0.0766345275462319,1.004049869053287,-0.6898597588607633,0.41734161622555216,0.7257745004879975,0.508252309010383,1.7390417640395412,0.7257745004879975,0.01849631654821937,0.5267486255586024,-0.056703308034387945,0.09513084409445127,0.019931219511843956,0.47325137444139764,-0.2574437568303953
joint_F24_GraphTCN_c7_seedmean,daily,叮当,month_centered,-0.03554135066758923,0.5080084280670977,2.2705618123657978e-17,0.2621695689304565,0.06330164927416987,2.0686750159802126e-33,0.24145307761085485,0.06330164927416987,0.0040070988008300105,0.0040070988008300105,-0.8733967014516603,0.03954844946841925,-0.837855350784071,0.9959929011991699,0.10427423354077064
joint_F24_GraphTCN_c7_seedmean,daily,棉江,level,-0.13138594988615848,0.4604400604065954,0.3286469022875247,1.192575455608372,0.7828644503379821,0.5763995896494758,0.6564485682280097,0.7828644503379821,0.03647715795351514,0.6128767476029909,-0.010670688973511533,0.16786310783967362,0.12071526091264695,0.38712325239700907,0.9772225775561989
joint_F24_GraphTCN_c7_seedmean,daily,棉江,month_centered,0.20976503964456195,0.20963558288960224,4.4379020721968185e-17,0.7753272815837141,0.5229387978946018,3.541454512419028e-32,0.6744749092620943,0.5229387978946018,0.27346498634345123,0.27346498634345123,0.045877595789203696,0.06369994669888929,-0.16388744385535825,0.7265350136565487,0.3913673539234299
joint_F24_GraphTCN_c7_seedmean,daily,永昌桥,level,0.19055109836902007,1.3388590976094912,-0.14227455461614635,0.5415944410783816,0.45515259031330185,0.009140588536195917,0.8403937629179441,0.45515259031330185,0.19802329193271248,0.2071638804689084,-0.09883540790959221,0.007472193563692414,-0.2893865062786123,0.7928361195310916,0.09363285170178853
joint_F24_GraphTCN_c7_seedmean,daily,永昌桥,month_centered,0.0508879653594565,1.0296274434160106,-2.7991177829907697e-16,0.39263667188766194,0.2611212046045764,7.014546648232725e-32,0.6650453798652978,0.2611212046045764,0.06818428349414504,0.06818428349414504,-0.47775759079084723,0.017296318134688543,-0.5286455561503037,0.9318157165058549,0.10327559075156281
joint_F24_GraphTCN_c7_seedmean,daily,盘溪大桥,level,0.5581155241246192,1.5251476840743117,-0.005779032015687413,0.4133154996483357,0.8818343026833493,6.344467047754419e-06,2.133562141835104,0.8818343026833493,0.7776253929219812,0.7776317373890289,0.7636622608996508,0.219509868797362,0.20554673677503166,0.2223682626109711,-0.38729216634211366
joint_F24_GraphTCN_c7_seedmean,daily,盘溪大桥,month_centered,0.3638471063253569,0.745440192208991,3.051969823240387e-16,0.36819575369027047,0.6781925298641759,1.0663416367353464e-31,1.841934685739688,0.6781925298641759,0.4599451075635711,0.4599451075635711,0.35638505972835177,0.09609800123821421,-0.007462046597005112,0.5400548924364289,-0.22827899328981038
joint_F24_GraphTCN_c7_seedmean,daily,石角,level,-0.10832022479695502,0.2553948651046739,-0.06645653812813035,1.1505374749299888,0.5608076015937564,0.07504406729712751,0.48743097362203003,0.5608076015937564,0.23946109870821394,0.31450516600534145,0.046571135890385335,0.347781323505169,0.15489136068734036,0.6854948339946585,1.3570126387181018
joint_F24_GraphTCN_c7_seedmean,daily,石角,month_centered,0.09056999393372844,0.16719263777507515,-1.12110369222823e-16,0.8809976418497478,0.49190077118637926,4.089088836842235e-31,0.5583451621432055,0.49190077118637926,0.24196636869375465,0.24196636869375465,-0.01619845762724148,0.1513963747600262,-0.10676845156096992,0.7580336313062453,0.685586851011088
joint_F24_GraphTCN_c7_seedmean,daily,禄丰村,level,0.35357444214752576,2.0517661285922744,0.7733740979202386,0.33685094547755995,0.8295733783838497,0.09184215208657467,2.4627313342040584,0.8295733783838497,0.5963498380366192,0.6881919901231939,0.5673046046811248,0.24277539588909347,0.213730162533599,0.3118080098768061,-0.33194803476497464
joint_F24_GraphTCN_c7_seedmean,daily,禄丰村,month_centered,0.26326873401635953,1.2659807176723978,-2.2210305019839185e-16,0.2452626385229709,0.6593391023992384,2.267587034033258e-32,2.6882981703610995,0.6593391023992384,0.4347280519526334,0.4347280519526334,0.31867820479847686,0.1714593179362739,0.05540947078211733,0.5652719480473666,-0.20311497216111007
joint_F24_GraphTCN_c7_seedmean,daily,自良渡口,level,0.10714358694184534,0.49714435641104854,-0.3555473059766854,1.0123303343024526,0.7846429147158233,0.4566793556338804,0.7750858471078835,0.7846429147158233,0.1589851479798623,0.6156645036137427,0.11260647379776612,0.05184156103801696,0.005462886855920779,0.3843354963862573,0.4609897631731905
joint_F24_GraphTCN_c7_seedmean,daily,自良渡口,month_centered,0.3869636363307457,0.2480720499407287,1.0865632768259758e-17,0.7192341029204676,0.6286279581729929,1.1760901461900501e-33,0.8740241259701587,0.6286279581729929,0.3951731097967461,0.3951731097967461,0.25725591634598577,0.008209473466000372,-0.12970771998475994,0.6048268902032539,0.13033405847306412
joint_F24_GraphTCN_c7_seedmean,daily,边外河,level,0.22256271956222928,0.20587758749972263,0.046819104277121104,0.8215692938558985,0.5707035716184474,0.04020623650210519,0.6946505619020221,0.5707035716184474,0.28549633015594716,0.32570256665805236,0.10120090673478965,0.06293361059371788,-0.12136181282743963,0.6742974333419476,0.41220714854254537
joint_F24_GraphTCN_c7_seedmean,daily,边外河,month_centered,0.1973713161383751,0.10728318360857254,-2.767658979329745e-17,0.674033694460137,0.48342741821529084,5.341663485075842e-32,0.7172155074569216,0.48342741821529084,0.2337020686823017,0.2337020686823017,-0.03314516356941832,0.03633075254392659,-0.23051647970779343,0.7662979313176983,0.25695010512920613
joint_F24_GraphTCN_c7_seedmean,daily,阳朔,level,0.2952825399963793,0.39822491035304347,-0.04970975533220745,0.7904314121837613,0.5889475870428439,0.01098098849379296,0.7450963840312612,0.5889475870428439,0.3358782717897952,0.34685926028358816,0.16691418559189483,0.04059573179341586,-0.1283683544044845,0.6531407397164118,0.3185182888766429
joint_F24_GraphTCN_c7_seedmean,daily,阳朔,month_centered,0.28668414623114946,0.22894898813609457,-3.2233944686880806e-17,0.9307766405703923,0.619390974485599,1.4139411444984558e-32,0.6654560798883263,0.619390974485599,0.3836451792742199,0.3836451792742199,0.23878194897119798,0.09696103304307047,-0.047902197259951484,0.6163548207257801,0.5796610084003557
joint_F24_GraphTCN_c7_seedmean,daily,高桥,level,0.6594518420276324,0.20987755659397744,-0.06206159354113283,0.6851912747845358,0.8455425164919134,0.02977778445074734,1.2340240566516283,0.8455425164919134,0.6851643627447302,0.7149421471954776,0.6613072485330794,0.025712520717097842,0.0018554065054470215,0.28505785280452245,-0.21974254343752253
joint_F24_GraphTCN_c7_seedmean,daily,高桥,month_centered,0.3723797531751083,0.1640068347090612,2.053239627879946e-17,0.7139053240986508,0.6177573798494487,9.836765691505617e-33,0.8653211553358356,0.6177573798494487,0.381624180358456,0.381624180358456,0.23551475969889735,0.009244427183347725,-0.13686499347621095,0.618375819641544,0.13728105860129136
joint_F24_GraphTCN_c7_seedmean,monthly,三溪桥,level,0.07195023316974691,0.4341411399719712,-0.37106918744024897,0.6266019114317757,0.9117142281260975,0.6779835674670149,1.4550134806369242,0.9117142281260975,0.15323926630055074,0.8312228337675657,0.14544488878518003,0.08128903313080382,0.07349465561543311,0.16877716623243433,-0.35730384522680747
joint_F24_GraphTCN_c7_seedmean,monthly,上中,level,0.7825119272786556,0.25729633868826696,-0.09436764703056078,0.7651351146347086,0.9130411172265035,0.029255968864882034,1.193307037884947,0.9130411172265035,0.8043881128813397,0.8336440817462217,0.796826265588125,0.021876185602684117,0.014314338309469377,0.16635591825377827,-0.22633615249646888
joint_F24_GraphTCN_c7_seedmean,monthly,上金,level,0.8698988245615655,0.2003564765150579,-0.04858533669985543,0.9608162586072865,0.9370767325543413,0.007650413035936864,0.9752923351990777,0.9370767325543413,0.8704623896587836,0.8781128026947205,0.8665030520727458,0.0005635650972181105,-0.003395772488819726,0.12188719730527953,0.04561864520660186
joint_F24_GraphTCN_c7_seedmean,monthly,东江江口,level,0.5402449482363674,0.42963350488751095,-0.28308093954655367,0.6274960437379706,0.9032663096682729,0.19959583837410347,1.439477298195458,0.9032663096682729,0.6162941878076369,0.8158900261817403,0.6069367809624424,0.07604923957126952,0.06669183272607504,0.18410997381825966,-0.3460895017036655
joint_F24_GraphTCN_c7_seedmean,monthly,九甸大桥,level,-0.704738878383935,1.4949541159467163,-0.9689279728781885,0.5169097621675994,0.2694626128150379,0.7161188863663327,0.521295267640291,0.2694626128150379,-0.6435087866612257,0.07261009970510704,-1.1771936607362568,0.06123009172270932,-0.47245478235232174,0.927389900294893,0.2558156942417661
joint_F24_GraphTCN_c7_seedmean,monthly,交州,level,0.32977133239876344,0.16977912860294436,-0.12132355094293024,0.6503146752847203,0.8418473946188194,0.3422509208522158,1.2945231387408602,0.8418473946188194,0.3664561149742785,0.7087070358264943,0.341443868385423,0.03668478257551505,0.011672535986659571,0.2912929641735057,-0.24911307636030822
joint_F24_GraphTCN_c7_seedmean,monthly,京南,level,-0.14383949068741675,0.37957255105560017,-0.3249512123528353,0.9324659756593692,0.8386242378588098,0.8383238312582578,0.89936175662152,0.8386242378588098,-0.13503321893398823,0.7032906123242696,-0.16107535554063823,0.008806271753428518,-0.017235864853221483,0.2967093876757304,0.17500845519153851
joint_F24_GraphTCN_c7_seedmean,monthly,从江大桥,level,0.08301625808203883,0.2671969106206707,-0.2060672144381548,0.5499847050084227,0.8462973891977611,0.545401806069417,1.5387653174551474,0.8462973891977611,0.17081746489352967,0.7162192709629467,0.14719297232610518,0.08780120681149084,0.06417671424406635,0.2837807290370533,-0.32593488840825435
joint_F24_GraphTCN_c7_seedmean,monthly,公庄河口(泰美),level,0.7080416010269809,0.33900405128384536,0.04151356280228158,0.7556021538501269,0.8492262529839479,0.004378155791556039,1.123906607011064,0.8492262529839479,0.7168070729656002,0.7211852287571563,0.6940743501763398,0.008765471938619318,-0.0139672508506411,0.2788147712428437,-0.14148514191558603
joint_F24_GraphTCN_c7_seedmean,monthly,公篓,level,0.26942986870389696,0.22412558370401536,-0.13179003237952358,0.7604509846519865,0.7234666593884921,0.25260629822765207,0.9513652740151033,0.7234666593884921,0.27079770901909234,0.5234040072467444,0.1943270205493321,0.0013678403151953789,-0.07510284815456486,0.4765959927532556,0.05624953312662728
joint_F24_GraphTCN_c7_seedmean,monthly,六景,level,0.5895279598548744,0.2120144075203989,-0.14307348797081465,0.6988337909972734,0.9049528419841564,0.1869266231805937,1.2949471729075095,0.9049528419841564,0.6320130230346078,0.8189396462152015,0.622979060787719,0.04248506317973344,0.033451100932844646,0.18106035378479846,-0.2880859155958474
joint_F24_GraphTCN_c7_seedmean,monthly,兴宁电站,level,-0.12046040963445703,0.4846759223026427,0.4269486766846349,0.6303033980836363,0.9093023151463951,0.8694507142428578,1.442642254366742,0.9093023151463951,-0.042620013912263666,0.8268307003305941,-0.05084608395006751,0.07784039572219337,0.06961432568438952,0.17316929966940586,-0.3517079309726229
joint_F24_GraphTCN_c7_seedmean,monthly,北江石尾,level,-0.3514328445143762,0.38300689457490433,-0.3285740443126224,0.7883639284720725,0.8020935997286834,0.9945984833672781,1.0174153975857578,0.8020935997286834,-0.3512443406415606,0.6433541427257174,-0.3904112839099112,0.0001885038728155486,-0.038978439395535025,0.35664585727428255,-0.02164795513698392
joint_F24_GraphTCN_c7_seedmean,monthly,十里亭,level,0.8091790948885842,0.17379650914333816,-0.03742998172796508,0.6705370611736241,0.9452496588469103,0.008850811341211252,1.4096904012918594,0.9452496588469103,0.884646106208989,0.8934969175502002,0.8816485063526093,0.07546701132040479,0.07246941146402508,0.10650308244979978,-0.36840995582243485
joint_F24_GraphTCN_c7_seedmean,monthly,南岸,level,-0.15489920730749662,0.4748714482610123,-0.3758140144809108,0.5224435536947744,0.805235740577169,0.7233323842486308,1.541287541749648,0.805235740577169,-0.07492778634576902,0.6484045979028618,-0.11286090309429286,0.0799714209617276,0.04203830421320376,0.35159540209713824,-0.2954859101439099
joint_F24_GraphTCN_c7_seedmean,monthly,南江口,level,-0.003035739423252748,0.3087921461639401,-0.2157928059767653,0.7746860902630643,0.7015401891710872,0.4898440535989003,0.905579947786156,0.7015401891710872,0.0023145834233044837,0.4921586370222048,-0.08676367525672596,0.005350322846557232,-0.08372793583347321,0.5078413629777951,0.11333022427142514
joint_F24_GraphTCN_c7_seedmean,monthly,厂房大桥,level,0.5954008656014786,0.4206706481090904,0.059029760089595484,0.5130501023110106,0.8445452446161278,0.00796677523034652,1.6461262570885622,0.8445452446161278,0.7052898949733686,0.7132566702037151,0.6811237140019091,0.10988902937188993,0.08572284840043043,0.2867433297962849,-0.3401472333504868
joint_F24_GraphTCN_c7_seedmean,monthly,发耳,level,0.8824546774015755,0.222576670216725,-0.0854617007921159,0.8891761466003059,0.9505532324967053,0.017329623735225876,1.0690269145557603,0.9505532324967053,0.8862218240747096,0.9035514478099355,0.8837768412581848,0.0037671466731341585,0.0013221638566093263,0.09644855219006454,-0.10915008145383287
joint_F24_GraphTCN_c7_seedmean,monthly,古封,level,0.4106670967313778,0.2201306173895441,-0.15477495543830955,1.2300621736615251,0.90038568633737,0.291340701135446,0.7319838831050244,0.90038568633737,0.5193536830257708,0.8106943841612169,0.509430671539294,0.10868658629439298,0.0987635748079162,0.18930561583878314,0.8110451532060927
joint_F24_GraphTCN_c7_seedmean,monthly,叮当,level,-0.002938761080530927,0.797043365767777,-0.6316308602318799,0.48079872101812876,0.8923471507973901,0.6298500885629751,1.8559682290913242,0.8923471507973901,0.16643334897324502,0.7962834375362201,0.15484421303180518,0.16937211005377595,0.1577829741123361,0.2037165624637799,-0.39574391734977604
joint_F24_GraphTCN_c7_seedmean,monthly,坝草,level,-0.6894541419196434,1.158590156435549,-0.9360745520472489,0.28404658742692296,0.8696740587638437,1.1028275752219447,3.0617303543123393,0.8696740587638437,-0.3464946067351672,0.7563329684867776,-0.36347945769425727,0.3429595351844762,0.3259746842253861,0.24366703151322244,-0.33269096947342097
joint_F24_GraphTCN_c7_seedmean,monthly,坡脚,level,-8.407654981756782,0.8136569221521958,-0.7899622945644964,0.9462028741141085,0.7162071058766653,8.867709546857874,0.7569276372651278,0.7162071058766653,-8.354756928349646,0.5129526185082288,-8.435295335104543,0.05289805340713549,-0.027640353347761604,0.4870473814917712,0.4352453138807024
joint_F24_GraphTCN_c7_seedmean,monthly,垒亭,level,-0.2526403113088589,0.299183420368131,0.02657411610758942,0.35589351925694584,-0.16310716347707474,0.009882549408016469,0.0,0.0,-0.009882549408016469,0.0,-1.336096876362166,0.24275776190084242,-1.083456565053307,1.0,0.3694179589499364
joint_F24_GraphTCN_c7_seedmean,monthly,天生桥,level,-0.48437406947739037,1.9045087546241586,-1.4831208739036912,0.44119793632116544,0.6918254568602402,0.9001823781857061,1.5680614071518075,0.6918254568602402,-0.42155991542582605,0.4786224627598801,-0.5165314644652257,0.06281415405156432,-0.03215739498783532,0.5213775372401199,-0.2211526896942606
joint_F24_GraphTCN_c7_seedmean,monthly,封开城上,level,-0.7194801876633496,0.6681109790922096,-0.5005367631171476,0.46337161234058477,0.49672031385536813,0.9650991219672026,1.071969668893466,0.49672031385536813,-0.7183680517706272,0.24673107019657542,-0.9716584942564663,0.00111213589272241,-0.2521783065931167,0.7532689298034245,-0.030905683180740107
joint_F24_GraphTCN_c7_seedmean,monthly,小云尚大桥,level,0.3386749618753895,0.42682452624282874,0.046038452008291486,0.5968825222924168,0.5885896956642636,0.007694096993276215,0.9861064341500512,0.5885896956642636,0.33874373284887416,0.3464378298421504,0.1694852943352509,6.877097348467753e-05,-0.1691896675401386,0.6535621701578496,0.009899686549491582
joint_F24_GraphTCN_c7_seedmean,monthly,山脚村,level,0.2353246892556582,0.3657332753960924,-0.2350284641979159,0.8737276036726271,0.7522412160939859,0.31578321556799227,0.8609562212891234,0.7522412160939859,0.2500836316225664,0.5658668471905587,0.18869921661997946,0.014758942366908223,-0.04662547263567873,0.4341331528094413,0.2122920205958605
joint_F24_GraphTCN_c7_seedmean,monthly,岔河口,level,-0.11287186433672747,0.47152226949537873,0.2619377152754163,0.8920369790297336,0.5752491281860324,0.34342888137334643,0.6448713917798894,0.5752491281860324,-0.012517321894556122,0.3309115594787903,-0.19293062500128172,0.10035454244217135,-0.08005876066455425,0.6690884405212096,0.5651729549198741
joint_F24_GraphTCN_c7_seedmean,monthly,岜怀,level,-1.4089995894745613,0.6669405739633258,-0.3783888238134352,0.8199438280033274,0.0236186625433766,0.775423661550082,0.028805220231843433,0.0236186625433766,-0.7748658203297442,0.0005578412203379008,-1.7281863364633288,0.6341337691448171,-0.3191867469887675,0.9994421587796621,1.3058838090052305
joint_F24_GraphTCN_c7_seedmean,monthly,平榔,level,-0.3149887736214285,0.7693635551325042,-0.5814016447160868,0.5728388969992282,0.6669468312848922,0.7509505460868722,1.1642834220557317,0.6669468312848922,-0.30613247032591373,0.44481807576095844,-0.4170568835170878,0.008856303295514789,-0.10206810989565929,0.5551819242390416,-0.10781737055015117
joint_F24_GraphTCN_c7_seedmean,monthly,庙咀里,level,0.3515008846566391,0.22842319932237162,-0.09616006959225265,0.9839208557604658,0.7289850517065162,0.11492605676627911,0.7408980584552083,0.7289850517065162,0.416493148845273,0.5314192056115521,0.34304404664675325,0.06499226418863391,-0.008456838009885836,0.4685807943884479,0.501673308977489
joint_F24_GraphTCN_c7_seedmean,monthly,弄瓦,level,0.2951047603934799,0.34771706310376593,-0.15555301443681002,0.37194615224903516,0.772312064428436,0.14106830083298896,2.0764082643644,0.772312064428436,0.45539762402872375,0.5964659248617127,0.4035558280238831,0.16029286363524387,0.10845106763040324,0.4035340751382873,-0.2978291210536066
joint_F24_GraphTCN_c7_seedmean,monthly,思留口,level,0.06328200670190653,0.2686366782510053,0.1768708977317608,0.5277737244271139,0.7085307773329164,0.40606074355088967,1.3424896779429671,0.7085307773329164,0.09595511887709701,0.5020158624279867,0.011000811114943054,0.03267311217519048,-0.05228119558696348,0.4979841375720133,-0.19079764605712857
joint_F24_GraphTCN_c7_seedmean,monthly,打邦,level,0.36562458921702357,0.5108415957957726,-0.19510142368043626,0.35850197970456693,0.8182393411292288,0.09253258866486089,2.2823844426285196,0.8182393411292288,0.5769830307067335,0.6695156193715944,0.5439460935935967,0.21135844148970995,0.17832150437657313,0.33048438062840557,-0.3296335084297905
joint_F24_GraphTCN_c7_seedmean,monthly,新华,level,0.34208993831625256,0.21763176462868458,-0.09415921906075242,0.6535530597902457,0.682710670247835,0.12315375470639933,1.0446139911990426,0.682710670247835,0.3429401045638488,0.46609385927024816,0.24226758578927077,0.0008501662475962624,-0.0998223525269818,0.5339061407297518,-0.038112091061459186
joint_F24_GraphTCN_c7_seedmean,monthly,昌林花园,level,0.08975402062967364,0.9793818294585593,-0.11862120904851947,0.3291425694772996,0.3212010349368382,0.013353016243964873,0.9758720527913691,0.3212010349368382,0.08981708860053109,0.10317010484449596,-0.37095094637028847,6.306797085744997e-05,-0.4607049669999621,0.896829895155504,0.005227794168480349
joint_F24_GraphTCN_c7_seedmean,monthly,木洞,level,0.41717853400883453,0.33284510091814207,-0.18260668303300753,0.4873016055691971,0.8516938714335913,0.1754221932069168,1.7477756315593553,0.8516938714335913,0.549960257430622,0.7253824506375388,0.5279655496602659,0.1327817234217875,0.11078701565143134,0.2746175493624612,-0.3551378724254341
joint_F24_GraphTCN_c7_seedmean,monthly,杨民,level,0.46130701458201073,0.1807563327871364,-0.10864253469260565,0.7360620393268934,0.8135858825879319,0.1946050274904108,1.1053224308808693,0.8135858825879319,0.46731696085597324,0.661921988346384,0.4325667376854529,0.006009946273962508,-0.028740276896557837,0.33807801165361595,-0.11412471633435683
joint_F24_GraphTCN_c7_seedmean,monthly,松云,level,-4.398456434158637,0.5987977357057007,0.021245318068069174,2.281518797477027,0.17831703045370087,0.006795724698423658,0.07815716033148151,0.17831703045370087,0.025001238651402424,0.03179696334982608,-0.650161663791022,4.42345767281004,3.7482947703676155,0.9682030366501739,9.596988732701233
joint_F24_GraphTCN_c7_seedmean,monthly,桂花,level,0.4590153103574458,0.2410399405334338,-0.14492206049943768,0.9973084685161586,0.8268242514769288,0.19555816421345895,0.8290556809440474,0.8268242514769288,0.48808017861692476,0.6836383428303837,0.45809033874039873,0.02906486825947896,-0.0009249716170470768,0.3163616571696163,0.3400507068031413
joint_F24_GraphTCN_c7_seedmean,monthly,棉江,level,-0.49144226377638844,0.3702027547597726,0.31035588964923644,1.412517191613935,0.9033411285155863,1.048207195011868,0.6395257586093047,0.9033411285155863,-0.23218200054405502,0.8160251944678131,-0.2415249379806954,0.2592602632323334,0.24991732579569303,0.18397480553218692,1.4384398853694385
joint_F24_GraphTCN_c7_seedmean,monthly,榕江,level,0.016123843485122746,0.2965503843472271,-0.25806908360188585,0.5889295732316904,0.9407435058629348,0.7451014571447007,1.597378614730963,0.9407435058629348,0.1398968866785849,0.8849983438232856,0.13638555458116886,0.12377304319346216,0.12026171109604611,0.11500165617671443,-0.414387258402963
joint_F24_GraphTCN_c7_seedmean,monthly,武林渡口,level,0.18536132395390226,0.4453432096024999,-0.30888470942291013,0.545061951636603,0.8020624597082161,0.3918936041702234,1.4715069677858517,0.8020624597082161,0.2514105851029704,0.6433041892731938,0.2122313152462088,0.06604926114906812,0.02686999129230655,0.35669581072680623,-0.280162397002224
joint_F24_GraphTCN_c7_seedmean,monthly,永昌桥,level,0.06845394801693738,0.7897360444745264,-0.37969016735080174,0.7178651572495925,0.5565889580171984,0.21532730773088582,0.775339146072637,0.5565889580171984,0.09446396045578487,0.3097912681866707,-0.10214939169648896,0.026010012438847485,-0.17060333971342634,0.6902087318133293,0.2315491282451585
joint_F24_GraphTCN_c7_seedmean,monthly,江边桥,level,0.7092969565495644,0.7627773078237071,0.35928059147652913,0.6579395662661217,0.9170110945133599,0.06449433416266616,1.3937618917152181,0.9170110945133599,0.7764150132979242,0.8409093474605903,0.7695278548640537,0.0671180567483598,0.060230898314489356,0.15909065253940968,-0.3409068178537783
joint_F24_GraphTCN_c7_seedmean,monthly,清水江小学,level,0.21444058531222232,0.5359292499903497,-0.3447329162483146,0.40860913188041337,0.8644405796549369,0.325034621661723,2.1155684300955135,0.8644405796549369,0.42222289409244035,0.7472575157541633,0.40384653764815087,0.20778230878021803,0.18940595233592855,0.2527424842458367,-0.3725137843178801
joint_F24_GraphTCN_c7_seedmean,monthly,渔村,level,0.5690707837956144,0.2798189442456252,0.0664872675405781,1.0564996180729684,0.809082864463161,0.024329247805483293,0.7658146303345664,0.809082864463161,0.6302858337624305,0.6546150815679138,0.5938364811208388,0.06121504996681615,0.02476569732522438,0.3453849184320862,0.5227914113872305
joint_F24_GraphTCN_c7_seedmean,monthly,渠立,level,0.6982028855692074,0.16285606553408324,0.1033265252939255,1.3077315564614789,0.9672673226197478,0.12148729331333068,0.7396528116496821,0.9672673226197478,0.8141187800946447,0.9356060734079753,0.813047351926165,0.11591589452543727,0.11484446635695755,0.0643939265920247,0.890471644882624
joint_F24_GraphTCN_c7_seedmean,monthly,滃江大站,level,0.06169128850594463,0.5230084518487412,-0.18017727976400666,0.6411629931045243,0.4555324184664345,0.11135978552746657,0.7104783391516987,0.4555324184664345,0.09614999874641221,0.20750978427387878,-0.20029494859459757,0.03445871024046758,-0.2619862371005422,0.7924902157261212,0.23803890969334085
joint_F24_GraphTCN_c7_seedmean,monthly,火电厂,level,-0.523478339654698,0.31056048779892076,0.1741136383100761,0.8001708860428189,0.37220555891517537,0.4788609965185842,0.46515758746970676,0.37220555891517537,-0.3403240184312261,0.1385369780873581,-0.7344498786882334,0.18315432122347192,-0.21097153903353538,0.8614630219126419,0.684890790006663
joint_F24_GraphTCN_c7_seedmean,monthly,爽底坪,level,-0.6104358069223879,0.4597447402915735,-0.318483935037716,0.3453402990661092,0.40779462881688194,0.7728317229096685,1.1808486583224305,0.40779462881688194,-0.60653526361777,0.1662964592918985,-0.9572424652759046,0.003900543304617865,-0.34680665835351676,0.8337035407081015,-0.04313599382821051
joint_F24_GraphTCN_c7_seedmean,monthly,狗街,level,0.23208365142260035,1.824171971302753,0.11139131748287756,0.35824264246028903,0.5070374365521357,0.002863419893925605,1.4153464061954615,0.5070374365521357,0.2542235421714355,0.2570869620653611,0.011211453210345864,0.022139890748835156,-0.22087219821225448,0.7429130379346389,-0.10660928043959556
joint_F24_GraphTCN_c7_seedmean,monthly,甲茶,level,-0.021719012516327352,0.20302179151492455,-0.11324780225412456,0.9240819126163774,0.6223038672298301,0.31791112700820423,0.6734293342760977,0.6223038672298301,0.06935097616099778,0.387262103169202,-0.07330339254854401,0.09106998867732513,-0.05158438003221666,0.6127378968307979,0.5577352667328652
joint_F24_GraphTCN_c7_seedmean,monthly,界牌,level,0.5550176000204512,0.16427704190341835,-0.047631128179834614,0.859743010844892,0.7744082670146643,0.03740854549563416,0.9007438935195681,0.7744082670146643,0.5622996185250213,0.5997081640206555,0.5114079885336944,0.007282018504570109,-0.043609611486756794,0.4002918359793445,0.1467318991805553
joint_F24_GraphTCN_c7_seedmean,monthly,白沙街,level,0.38410260819712183,0.19721107845722918,0.1150260311976079,0.8929741203551238,0.7788755592921106,0.20952604702882618,0.8722263518480943,0.7788755592921106,0.3971210898337719,0.6066471368625981,0.34822507155539506,0.013018481636650092,-0.03587753664172677,0.3933528631374019,0.2037741243980591
joint_F24_GraphTCN_c7_seedmean,monthly,白马,level,0.4496632125156519,0.34095152934541667,-0.17703245242043852,0.7683369317061258,0.7733429217300765,0.14837100213823945,1.0065153578038148,0.7733429217300765,0.44968827245177173,0.5980592745900112,0.39831484132191347,2.5059936119842252e-05,-0.05134837119373842,0.4019407254099888,-0.00769257403030732
joint_F24_GraphTCN_c7_seedmean,monthly,百雅,level,-0.3742720026461541,0.41353703708422,-0.0880166718703248,0.4374818391113637,-0.13786482160122954,0.06225493168816093,0.0,0.0,-0.06225493168816093,0.0,-1.3379845748906198,0.3120170709579932,-0.9637125722444657,1.0,0.5034074305102542
joint_F24_GraphTCN_c7_seedmean,monthly,盘溪大桥,level,0.632998988247815,1.0946595164257344,-0.1044394137387572,0.44654684360084246,0.9357851116435209,0.003340704008461915,2.0956034625563196,0.9357851116435209,0.8723530711652149,0.8756937751736767,0.8682295192785798,0.2393540829173999,0.23523053103076486,0.12430622482632325,-0.4369356087264019
joint_F24_GraphTCN_c7_seedmean,monthly,石角,level,-0.3207749187225277,0.21584582009650424,-0.039214415805343794,1.689214132672495,0.762562913287017,0.04359463305471667,0.45143057859726227,0.762562913287017,0.5379075636660658,0.5815021967207825,0.4815311935193173,0.8586824823885936,0.802306112241845,0.4184978032792175,3.1306246716883
joint_F24_GraphTCN_c7_seedmean,monthly,禄丰村,level,0.5062429800010342,1.3825082158480446,0.4737099563535727,0.39489863005442233,0.9118262199051715,0.0579699421566157,2.3090133783941202,0.9118262199051715,0.7734571131499386,0.8314270553065543,0.7656824976537274,0.2672141331489044,0.25943951765269324,0.16857294469344575,-0.40826799413879034
joint_F24_GraphTCN_c7_seedmean,monthly,罗村口,level,-2.197631710450592,0.30890198938895336,-0.2569912936209684,0.27974025754268195,0.16772552526546253,2.2132162620290305,0.5995759306823096,0.16772552526546253,-2.1850844102034555,0.02813185182557531,-2.8777652114981054,0.012547300247136572,-0.6801335010475134,0.9718681481744247,0.06267006011160785
joint_F24_GraphTCN_c7_seedmean,monthly,老口,level,0.4619655069568369,0.44045973301716856,-0.2479636235071716,0.6026678614846559,0.8260714254910179,0.1705193406451809,1.370691019521123,0.8260714254910179,0.5118746593675814,0.6823940000127623,0.4816235103368548,0.04990915241074445,0.019658003380017885,0.3176059999872377,-0.2692762963355293
joint_F24_GraphTCN_c7_seedmean,monthly,老鹰坡,level,-0.4890533097440104,2.0969756278908593,-1.3802964864091285,0.307807451702915,0.4074841636717476,0.6451612064783566,1.3238281315718017,0.4074841636717476,-0.47911786283509306,0.1660433436432636,-0.8301928791348614,0.009935446908917345,-0.341139569390851,0.8339566563567364,-0.061362469410503606
joint_F24_GraphTCN_c7_seedmean,monthly,自良渡口,level,-0.3584115706599633,0.41867738147155453,-0.3504326680658556,1.1703587709891923,0.8386263835698736,0.9516594050165266,0.7165549610578498,0.8386263835698736,-0.2483651937970418,0.7032942112194848,-0.2744066378767793,0.11004637686292151,0.084004932783184,0.29670578878051523,0.7764918184747687
joint_F24_GraphTCN_c7_seedmean,monthly,蔗香北,level,0.1344538745956826,0.28419619099169285,-0.015240442911542917,0.391237999927824,0.3706314120012525,0.0024891375003839953,0.9473297892066387,0.3706314120012525,0.1348785060616582,0.13736764356204217,-0.261226313497879,0.0004246314659756001,-0.3956801880935616,0.8626323564379579,0.016124160491457373
joint_F24_GraphTCN_c7_seedmean,monthly,蔗香南,level,-1.3942167958493257,0.4288598156579262,-0.2823853041841544,0.38966187613074127,-0.26219345462324833,1.0380468312642084,0.0,0.0,-1.0380468312642084,0.0,-2.5624337405107047,0.3561699645851173,-1.168216944661379,1.0,0.508006342294849
joint_F24_GraphTCN_c7_seedmean,monthly,谷拉河大桥,level,-1.0688504501874543,0.1740071503114579,-0.14613676741260673,0.3963511686064336,0.6906005998392044,1.4591969109049159,1.7423957705671678,0.6906005998392044,-0.982267722406647,0.47692918849826893,-1.077995711226507,0.08658272778080733,-0.009145261039052777,0.5230708115017311,-0.23325221186177425
joint_F24_GraphTCN_c7_seedmean,monthly,贺街,level,-5.15636425481611,0.372381295967961,0.1786639440138731,1.5810411088208778,-0.3919890873564726,1.4171715443950368,0.0,0.0,-1.4171715443950368,0.0,-3.201149719107982,3.7391927104210736,1.9552145357081283,1.0,6.238883698202624
joint_F24_GraphTCN_c7_seedmean,monthly,赵家渡,level,-7.027983010899504,0.6727885567530736,0.06523833897324671,2.6167945362731704,-0.020040805771043408,0.07548402374203206,0.0,0.0,-0.07548402374203206,0.0,-1.1155656352841188,6.9524989871574725,5.9124173756153855,1.0,13.800112632226591
joint_F24_GraphTCN_c7_seedmean,monthly,车渡,level,-0.14554551251299985,0.31784708976695897,-0.18900477869221977,0.37223121770261214,0.5347113417384775,0.4050619407900529,1.4365032171097376,0.5347113417384775,-0.11914572180629013,0.2859162189837628,-0.335639257313098,0.026399790706709725,-0.19009374480009816,0.7140837810162373,-0.12096034884468321
joint_F24_GraphTCN_c7_seedmean,monthly,边外河,level,-0.30273009451712807,0.2273909056988257,0.11663886903459209,1.2702741043039063,0.6508949257675029,0.34276373210258015,0.5124050971063326,0.6508949257675029,0.0809004722873029,0.42366420438988306,-0.04097388056757445,0.383630566804431,0.2617562139495536,0.5763357956101169,1.5735626624796384
joint_F24_GraphTCN_c7_seedmean,monthly,连江西牛,level,0.38561754313298735,0.3653884523532091,-0.24902758029085237,0.49297964450931747,0.9270431693652585,0.285380351123432,1.8804897518395145,0.9270431693652585,0.5740286867433515,0.8594090378667835,0.568705987607085,0.18841114361036415,0.18308844447409767,0.14059096213321653,-0.42796896435588616
joint_F24_GraphTCN_c7_seedmean,monthly,那弄,level,0.6432571796182495,0.42461374267521995,-0.14664249036878418,0.6928479437401571,0.8413420384250744,0.04254874984671697,1.2143242193710082,0.8413420384250744,0.6653076757745423,0.7078564256212593,0.6401353270034318,0.022050496156292843,-0.0031218526148176773,0.2921435743787407,-0.20576765632000216
joint_F24_GraphTCN_c7_seedmean,monthly,都骑,level,0.5426163677470814,0.1508081015272521,0.051210968159742354,1.1670818610699323,0.8386037786383157,0.052742079161427986,0.718547521481928,0.8386037786383157,0.6505142183850332,0.7032562975464612,0.6244654781152034,0.10789785063795176,0.08184911036812192,0.29674370245353876,0.7667216235299477
joint_F24_GraphTCN_c7_seedmean,monthly,锁龙桥,level,0.48816231408447575,1.0988734448766235,0.07448133851430505,0.48180795828549244,0.7499384756987402,0.0023514288805781183,1.556509108665176,0.7499384756987402,0.5600562884527718,0.5624077173333499,0.49752552251690224,0.07189397436829603,0.009363208432426495,0.43759228266665007,-0.2583748342978191
joint_F24_GraphTCN_c7_seedmean,monthly,长坝,level,0.6448797511617217,0.2533281689642019,-0.10408820686609044,0.497088510617568,0.9575053550587751,0.05995308315931095,1.9262270895563427,0.9575053550587751,0.8568634218069201,0.916816504966231,0.8550576269582393,0.2119836706451984,0.2101778757965176,0.08318349503376898,-0.4577358469330403
joint_F24_GraphTCN_c7_seedmean,monthly,长虹桥,level,0.665953291751576,0.5758758449565743,0.0823307266824882,0.8738947668045425,0.8218798721967007,0.006827683309423905,0.9404792240625975,0.8218798721967007,0.6686588410126411,0.675486524322065,0.6369320610839774,0.0027055492610650322,-0.029021230667598652,0.324513475677935,0.09091108838736561
joint_F24_GraphTCN_c7_seedmean,monthly,阳朔,level,0.36769584143845657,0.2492985970381066,0.00629898526313144,0.9000701241080695,0.6545188586950195,0.00040367100302398474,0.7271865170990085,0.6545188586950195,0.4279912653844069,0.42839493638743087,0.30863404638701497,0.06029542394595033,-0.0590617950514416,0.5716050636125691,0.44202671587043496
joint_F24_GraphTCN_c7_seedmean,monthly,雁江,level,0.7210056825166874,0.2078049456988697,-0.1277549286827666,0.8478177776438681,0.9113095101748705,0.10544814071868704,1.0748884184847474,0.9113095101748705,0.7250368826164754,0.8304850233351624,0.717170879631054,0.004031200099787968,-0.003834802885633426,0.1695149766648376,-0.10765883914638663
joint_F24_GraphTCN_c7_seedmean,monthly,露塘,level,-0.00813828730446553,0.23628639069516377,-0.19996655804935193,0.6471084879453134,0.875158318141869,0.7220336440646907,1.3524135974798521,0.875158318141869,0.04386843774821403,0.7659020818129048,0.028282992219047176,0.05200672505267956,0.036421279523512706,0.23409791818709524,-0.29514596158935713
joint_F24_GraphTCN_c7_seedmean,monthly,青岩,level,-0.45907733664545813,0.7837392683616964,-0.44249943705378714,0.2992397488983125,0.1597085643653804,0.4651152107199459,0.5337144044311187,0.1597085643653804,-0.43960838518829504,0.025506825531650852,-1.145698081989185,0.019468951457163097,-0.686620745343727,0.9744931744683492,0.08350655324623743
joint_F24_GraphTCN_c7_seedmean,monthly,高桥,level,0.7842026355687686,0.17102845760729407,-0.06720140468086866,0.6271446558154613,0.9653515009076871,0.0333170146687189,1.5392804386612582,0.9653515009076871,0.8985865056360052,0.9319035203047241,0.8973859871466552,0.1143838700672366,0.11318335157788662,0.06809647969527588,-0.42420923091959406
joint_F24_GraphTCN_c7_seedmean,monthly,黄果树,level,-0.10609270719396191,0.8241499323849978,-0.1288453160468035,0.6257841673580395,0.24972467257683242,0.027034375672471075,0.39905878991974175,0.24972467257683242,0.03532803642113508,0.06236241209360616,-0.5275850305188062,0.141420743615097,-0.4214923233248443,0.9376375879063938,0.4706641556374855
joint_F24_GraphTCN_c7_seedmean,monthly,黄泥河,level,0.16814393021361684,0.7357593974731235,0.18345747377636412,0.39548195348118675,0.47570891073518445,0.051718672869004036,1.2028587058089721,0.47570891073518445,0.17458029488385166,0.22629896775285568,-0.10030085139863512,0.006436364670234812,-0.26844478161225194,0.7737010322471443,-0.06345662755332537
joint_F24_GraphTCN_c7_seedmean,monthly,龙川城铁路桥,level,-0.3904130975324682,0.7383081352302305,-0.5652069437638871,0.5012860451064205,0.6740019836363471,0.8148609760559251,1.3445456745025883,0.6740019836363471,-0.3605823021101944,0.45427867394573074,-0.4668570087832309,0.029830795422273848,-0.07644391125076266,0.5457213260542693,-0.17316017950502116
