tag,arm,fold,scale,objective,label,stations,eligible,NSE_median,r_median,sd_ratio_median
T24_G_D_H1_s0,D29_BE,T24_G_D_H1,monthly_PUB,D,daily-labelled,116,85,-0.4681342479425834,0.48274991374836207,0.4421214502595947
T24_G_D_H1_s0,D29_BE,T24_G_D_H1,monthly_FW,D,daily-labelled,116,85,-0.5760708322144534,0.3987994807896595,0.457870987964379
T24_G_D_H1_s0,D29_BE,T24_G_D_H1,daily,D,daily-labelled,15,15,-0.06717495221447334,0.3552721132834128,0.4369891177217483
T24_G_D_H1_FCT8_s0,FCT8,T24_G_D_H1,monthly_PUB,D,daily-labelled,116,85,-0.4973376891046004,0.41157265111208063,0.4643471884463126
T24_G_D_H1_FCT8_s0,FCT8,T24_G_D_H1,monthly_FW,D,daily-labelled,116,85,-0.5194278413012601,0.418196822878875,0.47699165041292607
T24_G_D_H1_FCT8_s0,FCT8,T24_G_D_H1,daily,D,daily-labelled,15,15,-0.10384065317723468,0.36855867672139786,0.4441615079235194
T24_G_M_H1_s0,D29_BE,T24_G_M_H1,monthly_PUB,M,monthly-labelled,116,85,-0.4792502312000986,0.47331166390381557,0.442047382897941
T24_G_M_H1_s0,D29_BE,T24_G_M_H1,monthly_FW,M,monthly-labelled,116,85,-0.5753297126850758,0.3828196635335801,0.45836241316751586
T24_G_M_H1_s0,D29_BE,T24_G_M_H1,daily,M,monthly-labelled,15,15,-0.08849768709088601,0.33591460219038605,0.4350592995172504
T24_G_M_H1_FCT8_s1,FCT8,T24_G_M_H1,monthly_PUB,M,monthly-labelled,116,85,-0.5045875546436971,0.44257665113270117,0.4502266059468769
T24_G_M_H1_FCT8_s1,FCT8,T24_G_M_H1,monthly_FW,M,monthly-labelled,116,85,-0.5309547815893936,0.40319156042502324,0.4498920142985735
T24_G_M_H1_FCT8_s1,FCT8,T24_G_M_H1,daily,M,monthly-labelled,15,15,-0.15849146878704956,0.34397234432784746,0.4345089274656029
