tag,selected,objective,pg,data,prior,month_level,within_month,parameter_log_alpha_contact,parameter_beta_a,parameter_v_f,parameter_log_tau_mineral_days,parameter_gamma_contact_0,parameter_gamma_contact_1,parameter_gamma_contact_2,parameter_gamma_contact_3,parameter_gamma_contact_4,parameter_gamma_contact_5,parameter_gamma_contact_6,parameter_gamma_lifetime_0,parameter_gamma_lifetime_1,parameter_gamma_lifetime_2,parameter_gamma_lifetime_3,parameter_gamma_lifetime_4,parameter_gamma_lifetime_5,parameter_gamma_lifetime_6,parameter_eta_upper,parameter_eta_percolation,parameter_log_aq,parameter_dynamic_0,parameter_dynamic_1,parameter_dynamic_2,parameter_dynamic_3,parameter_dynamic_4,parameter_dynamic_5,parameter_dynamic_6,parameter_dynamic_7,parameter_beta_b,parameter_delta_0,parameter_delta_1,parameter_delta_2,parameter_delta_3,parameter_delta_4,parameter_delta_5,parameter_delta_6,parameter_delta_7
T24_G_D_H1_FCT8_s0,True,1.2053987785401876,9.515196277565252e-07,1.1513946524466456,0.05400412609354198,1.1316374745241657,0.019757177922479933,-9.072123251309705,0.3713880841196085,0.05089094367039169,7.993260259826038,-0.06815328966591308,0.5041124653740882,0.36715029397517834,0.3127456621788195,-1.4336015451889157,-0.34700579703555,0.8253718387368271,1.4245766102904545,-0.25726450749239205,-0.2292083015327573,-0.21297216849930878,0.7738158632563491,0.5412799673975569,1.219623981715319,0.4947023494692464,0.38991152002903745,-0.033034309825516396,0.7993766018317052,0.3382541253103733,0.14001901887629853,0.6744652026835647,0.5330686969243909,0.015160333868529762,0.26240797290458834,-0.14012028144583316,0.3750559429940603,-0.0477466445578944,-0.24299871138189005,0.11811850684966317,0.2822566411052289,0.24031560349459977,0.015180951672546213,-0.34303356454824807,0.07894060323653676
T24_G_D_H1_FCT8_s1,False,1.2053987785413514,4.1763753511731526e-07,1.1513943620450773,0.05400441649627402,1.1316371919092612,0.019757170135816238,-9.072124463255653,0.3713900615888838,0.050891019722378694,7.9932631693510965,-0.06815765382317689,0.5041114403777687,0.3671506478754589,0.3127467169488137,-1.4336042664600652,-0.34700955043577497,0.825370863650766,1.424590723497667,-0.2572646064064247,-0.2292109836202267,-0.2129734266836146,0.7738172601381689,0.5412924174749778,1.2196336161869146,0.49470203090991194,0.3899115296527334,-0.03303398257276725,0.7993754447603449,0.33825357174702125,0.140020765917214,0.6744665615580585,0.5330678242212684,0.015160302812566645,0.2624070793969548,-0.14012180484505557,0.37505430868193046,-0.04774646254178292,-0.2429988213327023,0.11811937800635158,0.28225819247832373,0.24031599449090185,0.015182020305813382,-0.34303318373660313,0.07894084651668694
T24_G_M_H1_FCT8_s0,False,1.184758158859426,5.810282629470365e-07,1.1313550590487162,0.0534030998107097,1.1313550590487162,2.1012351809341266e-33,-9.068280773168448,0.3682275244779997,0.05242851257432788,7.985925129537592,-0.052713719801922944,0.549771612534228,0.34041854597434407,0.2717562034727101,-1.4680280915447679,-0.3540915901336329,0.8531502061485116,1.3993885276887537,-0.28625442052702765,-0.21428441720835276,-0.20904192127840543,0.8027400626038748,0.5310318598255981,1.210497178176026,0.4861693204439461,0.3801223879353229,-0.04724828814746661,0.7964814085109809,0.31122428178916806,0.13582644713648218,0.5780924996115719,0.48531927412555737,0.06122689559627027,0.2528525146689414,-0.1858945483204678,0.370718703913876,0.028503998598617398,-0.2367832895076131,0.1277603480414716,0.4302242812214511,0.24468844306699816,0.006433543344472298,-0.2706516340327299,0.17305796621275715
T24_G_M_H1_FCT8_s1,True,1.1847581588590108,5.230761055134175e-07,1.131355047243237,0.05340311161577372,1.1313550472432368,2.0432801758717614e-33,-9.068280526027571,0.36822751847993895,0.05242841499418377,7.985925372564038,-0.052720829164513365,0.5497703884761052,0.3404156724431248,0.27175395695112636,-1.4680259165390719,-0.3540957176039892,0.8531462523279549,1.3993921534051634,-0.2862543937161525,-0.21428371847591549,-0.2090425596299138,0.8027406004299601,0.5310333077506441,1.2104973118924474,0.4861693812847935,0.3801224862295131,-0.047247916044722595,0.7964817359100634,0.31122577084333736,0.1358267518654985,0.5780930999603318,0.4853188862954625,0.06122794019401245,0.25285301124304116,-0.1858958061991114,0.37071907349200706,0.02850351702950425,-0.23678367593017846,0.12776180809996937,0.4302242400964774,0.24468750660889274,0.006432901435105782,-0.2706522480887112,0.17305830507200695
T24_G_D_s0,True,1.207490268598341,3.670309106505905e-07,1.1540396090898226,0.053450659508518544,1.1325227796296375,0.021516829460185204,-9.079360094261286,0.4742014964287399,0.047805573856285095,7.989764911295092,-0.03147261800982684,0.5223435410172337,0.3810845383037985,0.31001587954223214,-1.4811900980371433,-0.33444968515682266,0.844320242738043,1.381772490390387,-0.2710955819676965,-0.2279836026794565,-0.21003074308567857,0.7752691117987545,0.5103076088303867,1.1526003598245231,0.4843925426203496,0.4295975666285214,0.015240910310111124,0.7951719933210453,0.15795877873639885,0.23986873807595022,0.8321643619478899,0.5889620300765966,0.06848723941629206,0.3343000494289976,-0.15488386369609256,0.4870599038342028,,,,,,,,
T24_G_D_H1_s0,True,1.2084290708193024,3.900272409484984e-07,1.1549795517454142,0.05344951907388808,1.1344443302931375,0.020535221452277097,-9.070227989791814,0.3881627531139515,0.0518225464502661,7.991175653776593,-0.03066421153704909,0.5133117280153809,0.38008971657832985,0.3239467848584344,-1.4401807059612477,-0.3387434081400152,0.8128432028381158,1.3973402478608772,-0.26277017421045334,-0.22715913146041633,-0.21346816862373816,0.7714466642520245,0.5297383709097288,1.2174131165355357,0.5062049214900469,0.40682238094185846,-0.031144763685939103,0.7998217652816944,0.19541346596866357,0.2068576496279029,0.7391238855264806,0.5364511204109191,0.0814864716350732,0.13526596408751654,-0.15430017896799506,0.37473168204879453,,,,,,,,
T24_G_M_s1,True,1.1853775303139136,8.028492430034451e-07,1.1326569158055817,0.05272061450833183,1.1326569158055817,2.1751878255966993e-33,-9.076811802453957,0.46226418385410734,0.049045973110706124,7.981000679772476,-0.034767230841835466,0.5637422441286092,0.34925888251386017,0.26625604695314775,-1.5090145655775704,-0.346968882125749,0.8714995604280016,1.357494672880434,-0.2989621608027656,-0.21171197394861851,-0.20656073025063218,0.799419696371051,0.4967096903634116,1.1496676906293448,0.46705933719437237,0.4133311768985895,-0.007184811659687948,0.8063130013319402,0.1391573092225339,0.22424273382701668,0.8428085908092466,0.5721969654639875,0.11626182958809365,0.37557540305864523,-0.11984485065984883,0.48584402844256575,,,,,,,,
T24_G_M_H1_s0,True,1.187270258921654,5.645869524095865e-07,1.1344890113941515,0.052781247527502406,1.1344890113941515,1.7941751040250537e-33,-9.067660497564715,0.374318470551184,0.05349472389698743,7.981562165879205,-0.03500643865445277,0.5633824923006951,0.3425990843158132,0.27046788564526847,-1.4758063593429973,-0.3534251706325971,0.8492341619155362,1.3720512800426343,-0.2953406659312977,-0.20863180365306663,-0.207173901287324,0.7994547267825692,0.516736494107328,1.208465985206079,0.4949234736995466,0.39004704107501476,-0.05126803192793942,0.8029018263058775,0.17067750742428225,0.19507342622571228,0.7316006683964221,0.5024071303230361,0.12924541327311995,0.17261463986857323,-0.12638964626214932,0.3702350846300965,,,,,,,,
T24_L_D_s0,True,0.9025263938098105,8.761424522552019e-07,0.8494439878869238,0.053082405922886655,0.8018526345936572,0.04759135329326672,-8.47586384898179,0.4871750685396562,0.10869188874482372,7.525960466789156,-1.3546630951276728,-0.43372382654897035,0.05232857504339751,-0.31640944164136686,0.6545859138853442,-0.2082682615125677,1.1801168429993156,0.5042680223278394,-0.9405817448581376,0.3978912023594491,-0.34561324718448194,-1.225222030523854,1.235622234754003,-1.0654702187744676,0.3673362697460304,0.11996898075997134,-0.6274227297180561,1.0566295520959958,-0.22776583396264308,-0.11543905175133197,0.7480012991635246,0.524418529689639,0.6723266095294665,0.6652887817526462,0.4271600537918716,0.25000000000000017,,,,,,,,
T24_L_D_H1_s0,True,0.9119855778664318,4.6191428932956975e-07,0.8591427535168185,0.052842824349613265,0.8127993903696141,0.046343363147204296,-8.528104884722156,0.4283867540533859,0.1155327055549817,7.691660873266189,-1.4684842164374288,-0.32605645740819356,0.08614846011473869,-0.2683025285990002,0.6192250117988755,-0.2672372928734751,1.0743758104902323,0.5329117646712721,-0.9634752654179969,0.34150213564328624,-0.33468342149963526,-1.1141225288832883,0.8373117060178756,-0.6744581073012954,0.5089125566400283,0.2345817400033005,-0.5993662665501244,1.0503521654170243,-0.5359396826559525,-0.20084215120363497,0.6199527861501442,0.6665838998998017,0.3643485107401768,0.22994718433880035,0.5069523991372921,0.25000000000000006,,,,,,,,
T24_L_M_s0,True,0.8529807963099352,2.845784518505732e-07,0.7999501090641067,0.05303068724582853,0.7999501090641068,9.226949338023633e-34,-8.459755635831284,0.43153201630068605,0.11619681144620271,7.477944430330729,-1.3791073723180691,-0.4525217102502487,0.07369220157684307,-0.3171056375720689,0.6178630096918047,-0.2277944378852687,1.169877914484649,0.48389136008538136,-0.9431633070072849,0.380025458144674,-0.337473569268441,-1.1986281371560283,1.228155457043639,-1.1242810607157636,0.31576223829868894,0.03939518154504125,-0.7294248809597095,1.004254014919187,-0.040933960063793996,-0.1369010593753036,0.8079590110270557,0.4699782202812769,0.9107204030147427,0.7434289179751968,0.4892429814167273,0.25,,,,,,,,
T24_L_M_H1_s0,True,0.8628882663122521,9.825942810133548e-07,0.81213409572904,0.0507541705832121,0.81213409572904,1.0563865759491206e-33,-8.473168106194018,0.3636976416674438,0.1276947104577626,7.592230198741636,-1.437336004075092,-0.3824099663349754,0.08933632791631047,-0.29651681977879174,0.5928327122447031,-0.28929603477282345,1.0864622876025813,0.5365708251199568,-0.9270476510134388,0.3132261909427012,-0.32582983012662325,-1.1403144559016556,0.957137135012515,-0.7518079511382024,0.40649897403374,0.14368666458054233,-0.7610526357458617,1.0283379454802777,-0.4542954786131166,-0.1993867409571775,0.7175815641714196,0.5428226897770176,0.7816481749071144,0.33285987970653186,0.6250905229983557,0.25,,,,,,,,
