tag,selected,scope,year,panel,scale,cohort,stations,NSE_eligible,NSE_median,NSE_q25,r_median,negative_r_fraction,undefined_r_fraction,RMSE,logRMSE,absolute_bias,amplitude_error,centered_MSE,candidate_stations,stations_with_data,eligible_NSE_stations
T24_G_D_H1_FCT8_s0,True,T24_G,2024,TIME_2024,daily,H,5,5,-0.05882738096884266,-0.1038406531772349,0.3319843421245558,0.0,0.0,1.6173168336714312,0.2730640847931335,0.45865709599757204,1.0690810658350292,2.8260281043697684,5,5,5
T24_G_D_H1_FCT8_s0,True,T24_G,2024,TIME_2024,daily,N,2,2,-0.6785638238199612,-1.0702744042644436,0.33120525076405194,0.0,0.0,0.3572560221332201,0.12710963470538128,0.14250191594826028,0.11142427506280868,0.10271669675787984,2,2,2
T24_G_D_H1_FCT8_s0,True,T24_G,2024,TIME_2024,daily,OTHER,7,7,-1.2876741626731811,-2.398658980166065,0.36855867672139786,0.0,0.0,1.0465017277596718,0.3019874824449756,0.8359167470071087,0.274578690564053,0.35167523621764607,7,7,7
T24_G_D_H1_FCT8_s0,True,T24_G,2024,TIME_2024,daily,X,1,1,-0.05810401662375919,-0.05810401662375919,0.6300681569248966,0.0,0.0,0.4467903664952799,0.17557084769299902,0.26051650254834047,0.29480026976139706,0.1317527834929671,2,1,1
T24_G_D_H1_FCT8_s0,True,T24_G,2024,TIME_2024,monthly_HF,H,5,5,-0.42491919088338315,-0.44907921382741955,0.37362955523482844,0.0,0.0,1.1950167174724649,0.21837767407494324,0.40441240518773397,0.6833282959778224,1.4447941927153654,5,5,5
T24_G_D_H1_FCT8_s0,True,T24_G,2024,TIME_2024,monthly_HF,N,2,2,-1.3038715006960435,-2.0385215632563947,0.45122687652941734,0.0,0.0,0.3128477758022088,0.11560871559173755,0.1623605779796209,0.10531090246385023,0.06275784532017493,2,2,2
T24_G_D_H1_FCT8_s0,True,T24_G,2024,TIME_2024,monthly_HF,OTHER,7,6,-1.542908933514287,-3.57188645213793,0.44569356403245536,0.14285714285714285,0.0,0.93698024797673,0.2743391683062037,0.8198550082822816,0.1426206143874286,0.18213166203540662,7,7,6
T24_G_D_H1_FCT8_s0,True,T24_G,2024,TIME_2024,monthly_HF,X,1,1,-0.10661717063505094,-0.10661717063505094,0.6702845161881149,0.0,0.0,0.330865651639589,0.13645633606716615,0.21400602127563528,0.19958686790315078,0.06367350229266223,2,1,1
T24_G_D_H1_FCT8_s0,True,T24_G,2024,TIME_2024,monthly_PUB,H,17,16,-0.2619629452697635,-1.398611497288003,0.3499615477511327,0.23529411764705882,0.0,1.4327846577341194,0.28149984817986856,0.876316198404519,0.6445240246605112,1.222747509178572,17,17,16
T24_G_D_H1_FCT8_s0,True,T24_G,2024,TIME_2024,monthly_PUB,N,17,12,-2.512812761792504,-6.250215870956977,0.416978386635613,0.11764705882352941,0.0,0.8620612261559307,0.321555682023337,0.7266219328389927,0.28507647364302285,0.14853963802214787,17,17,12
T24_G_D_H1_FCT8_s0,True,T24_G,2024,TIME_2024,monthly_PUB,OTHER,75,53,-0.563568416648492,-1.2692089384408862,0.35971470974836933,0.25333333333333335,0.0,0.5761218902290818,0.19585677277947883,0.36683040654529714,0.22091737152490676,0.1942055326897692,75,75,53
T24_G_D_H1_FCT8_s0,True,T24_G,2024,TIME_2024,monthly_PUB,X,7,4,-0.17531116669391011,-0.5260541304351602,0.2874469984461677,0.14285714285714285,0.0,0.6348673210809531,0.25053994664193197,0.4308141182595894,0.27189585852910036,0.19926942778964493,7,7,4
T24_G_D_H1_FCT8_s0,True,T24_G,2024,TIME_2024,weekly,H,5,5,-0.14752980631576862,-0.2831892299721812,0.29729582694980344,0.0,0.0,1.5024639410256722,0.25564881093686853,0.44545269431560064,0.9940110761704357,2.4521320891068843,5,5,5
T24_G_D_H1_FCT8_s0,True,T24_G,2024,TIME_2024,weekly,N,2,2,-0.9379531288006031,-1.4917709722758201,0.3759112868000136,0.0,0.0,0.33255319972721264,0.12092962879844919,0.1440187857603275,0.10875469845675964,0.08353994795339138,2,2,2
T24_G_D_H1_FCT8_s0,True,T24_G,2024,TIME_2024,weekly,OTHER,7,7,-1.558425923996543,-2.776526011726302,0.41272190159836986,0.0,0.0,1.0232624375443067,0.2957356328218266,0.8388237212787575,0.24166136558161638,0.30122127327414555,7,7,7
T24_G_D_H1_FCT8_s0,True,T24_G,2024,TIME_2024,weekly,X,1,1,-0.08788692065376424,-0.08788692065376424,0.692672552146052,0.0,0.0,0.4173329707636134,0.16455306335409228,0.2634586254582988,0.26950620945317655,0.10475636115800686,2,1,1
T24_G_D_H1_FCT8_s1,False,T24_G,2024,TIME_2024,daily,H,5,5,-0.05882548550892386,-0.10383915372197161,0.3319862058347931,0.0,0.0,1.617314592258742,0.2730636903661948,0.45865710770408147,1.0690806496644645,2.8260192281256287,5,5,5
T24_G_D_H1_FCT8_s1,False,T24_G,2024,TIME_2024,daily,N,2,2,-0.6785586586538981,-1.07026657723214,0.3312047288463199,0.0,0.0,0.3572556418863212,0.12710948932302857,0.14250094937789393,0.1114239599406498,0.1027166313742674,2,2,2
T24_G_D_H1_FCT8_s1,False,T24_G,2024,TIME_2024,daily,OTHER,7,7,-1.2876772956568865,-2.3986601174674833,0.36855686724364217,0.0,0.0,1.0465018791825897,0.30198753218405033,0.8359165300328936,0.2745784461784517,0.3516756398298013,7,7,7
T24_G_D_H1_FCT8_s1,False,T24_G,2024,TIME_2024,daily,X,1,1,-0.058106337757025006,-0.058106337757025006,0.6300668644641738,0.0,0.0,0.4467908565507932,0.17557105328865627,0.2605168869695167,0.2948005714594152,0.13175302110110346,2,1,1
T24_G_D_H1_FCT8_s1,False,T24_G,2024,TIME_2024,monthly_HF,H,5,5,-0.42491458022857476,-0.44907479081763313,0.37363203610972906,0.0,0.0,1.1950142386403875,0.21837724254212082,0.40441254795387727,0.6833278698555623,1.4447871164096806,5,5,5
T24_G_D_H1_FCT8_s1,False,T24_G,2024,TIME_2024,monthly_HF,N,2,2,-1.3038626785011367,-2.0385085885510845,0.45122662021767646,0.0,0.0,0.31284734588708724,0.11560854728419202,0.1623595371560007,0.10531064128933769,0.0627578197164296,2,2,2
T24_G_D_H1_FCT8_s1,False,T24_G,2024,TIME_2024,monthly_HF,OTHER,7,6,-1.542910784427077,-3.571886005100449,0.4456926518122214,0.14285714285714285,0.0,0.9369803104278748,0.2743391890791154,0.8198548456500535,0.14262043619968037,0.18213193825641275,7,7,6
T24_G_D_H1_FCT8_s1,False,T24_G,2024,TIME_2024,monthly_HF,X,1,1,-0.10662009318109633,-0.10662009318109633,0.6702828067332584,0.0,0.0,0.33086608854292326,0.13645653005255765,0.214006346795328,0.19958700448584088,0.06367365207901136,2,1,1
T24_G_D_H1_FCT8_s1,False,T24_G,2024,TIME_2024,monthly_PUB,H,17,16,-0.26195975540165206,-1.3986139573167435,0.3499634437983426,0.23529411764705882,0.0,1.432784043031066,0.2814997109930127,0.8763170100085218,0.644523734925629,1.2227444519419528,17,17,16
T24_G_D_H1_FCT8_s1,False,T24_G,2024,TIME_2024,monthly_PUB,N,17,12,-2.512819831246703,-6.250197691498723,0.41698242348089565,0.11764705882352941,0.0,0.8620609480729916,0.3215555262363368,0.7266214349162979,0.2850764299623685,0.1485396729668058,17,17,12
T24_G_D_H1_FCT8_s1,False,T24_G,2024,TIME_2024,monthly_PUB,OTHER,75,53,-0.5635729296823326,-1.269205538836462,0.3597134309651108,0.25333333333333335,0.0,0.5761221241324334,0.19585685176635975,0.3668306578156117,0.22091738076674772,0.19420559732833648,75,75,53
T24_G_D_H1_FCT8_s1,False,T24_G,2024,TIME_2024,monthly_PUB,X,7,4,-0.17531306669497848,-0.5260543457848175,0.28744888245764144,0.14285714285714285,0.0,0.6348670496906385,0.25053981825234517,0.43081384806447537,0.27189606966394914,0.19926936978216495,7,7,4
T24_G_D_H1_FCT8_s1,False,T24_G,2024,TIME_2024,weekly,H,5,5,-0.14752747833839353,-0.2831864862346567,0.2972979070884066,0.0,0.0,1.5024615191316133,0.2556483841650414,0.4454526229626934,0.9940106719777534,2.452123191092454,5,5,5
T24_G_D_H1_FCT8_s1,False,T24_G,2024,TIME_2024,weekly,N,2,2,-0.9379472752084673,-1.491761844058469,0.37591072823709526,0.0,0.0,0.3325528930056173,0.12092952144614574,0.1440178742694784,0.10875442250137406,0.0835399051284419,2,2,2
T24_G_D_H1_FCT8_s1,False,T24_G,2024,TIME_2024,weekly,OTHER,7,7,-1.5584299337419156,-2.776527413218287,0.4127200729832095,0.0,0.0,1.0232626071342605,0.29573569223204155,0.8388235331849723,0.2416611205324924,0.3012216692473383,7,7,7
T24_G_D_H1_FCT8_s1,False,T24_G,2024,TIME_2024,weekly,X,1,1,-0.08788967793610336,-0.08788967793610336,0.692671013646951,0.0,0.0,0.4173334996348035,0.16455329221572476,0.263459020652808,0.26950645644647686,0.10475659435409578,2,1,1
T24_G_D_H1_s0,True,T24_G,2024,TIME_2024,daily,H,5,5,-0.04875058048262848,-0.06717495221447334,0.36522298240776613,0.0,0.0,1.6161879476879508,0.2729878452023397,0.4645429363609808,1.0754898546641907,2.8213364841479605,5,5,5
T24_G_D_H1_s0,True,T24_G,2024,TIME_2024,daily,N,2,2,-0.742262279920201,-1.1198863486444615,0.27676045963150625,0.0,0.0,0.36718224560011914,0.1314905231611067,0.13822515144368022,0.09793144270018567,0.10929506264317018,2,2,2
T24_G_D_H1_s0,True,T24_G,2024,TIME_2024,daily,OTHER,7,7,-1.3614318713758,-2.349456703667353,0.3552721132834128,0.0,0.0,1.0526588040812193,0.303624892783167,0.8381219577988848,0.27417365603437166,0.3478138178575302,7,7,7
T24_G_D_H1_s0,True,T24_G,2024,TIME_2024,daily,X,1,1,-0.03394377367477697,-0.03394377367477697,0.6445411574254537,0.0,0.0,0.441660012196185,0.17269976626517977,0.25273804327881527,0.29897163796320175,0.13118704785272994,2,1,1
T24_G_D_H1_s0,True,T24_G,2024,TIME_2024,monthly_HF,H,5,5,-0.4506707943831181,-0.46132489993577486,0.3695162369810021,0.2,0.0,1.2036989534832099,0.2195322051167528,0.4098437863242392,0.7002175638883367,1.4608133127033447,5,5,5
T24_G_D_H1_s0,True,T24_G,2024,TIME_2024,monthly_HF,N,2,2,-1.0380135529044072,-1.7864536107659927,0.6133207880397671,0.0,0.0,0.27955528528930995,0.10281824309444458,0.154400175615874,0.09582726943032809,0.04527614125255397,2,2,2
T24_G_D_H1_s0,True,T24_G,2024,TIME_2024,monthly_HF,OTHER,7,6,-1.649942723626358,-3.5281413773301984,0.6366318630638669,0.0,0.0,0.931384410946006,0.27157496982222507,0.8221367462953075,0.14710859632230192,0.17410858040449134,7,7,6
T24_G_D_H1_s0,True,T24_G,2024,TIME_2024,monthly_HF,X,1,1,-0.04212207354445319,-0.04212207354445319,0.7260549896971231,0.0,0.0,0.32107927893881966,0.13131092306282216,0.20373237570149125,0.20785404679399805,0.06158502245489878,2,1,1
T24_G_D_H1_s0,True,T24_G,2024,TIME_2024,monthly_PUB,H,17,16,-0.25659263434692203,-1.4198299774684735,0.3490931544682523,0.23529411764705882,0.0,1.4357423536811733,0.2819588218417844,0.876857677095088,0.6555464010947287,1.2267991424379066,17,17,16
T24_G_D_H1_s0,True,T24_G,2024,TIME_2024,monthly_PUB,N,17,12,-2.309279383315615,-6.024738087245505,0.5362375257098823,0.17647058823529413,0.0,0.8582194598432531,0.31966675998121324,0.7296868290526977,0.27766686363298343,0.14377806829349604,17,17,12
T24_G_D_H1_s0,True,T24_G,2024,TIME_2024,monthly_PUB,OTHER,75,53,-0.5107326224049134,-1.270358610509954,0.35117059658759364,0.25333333333333335,0.0,0.5731240375529254,0.1947401833955767,0.3666612674861161,0.22317907946403978,0.19097834547703466,75,75,53
T24_G_D_H1_s0,True,T24_G,2024,TIME_2024,monthly_PUB,X,7,4,-0.18400529396790033,-0.4895312148359028,0.3014525914473477,0.14285714285714285,0.0,0.6479266809015901,0.253492105344023,0.4307761392636214,0.2608072144985186,0.20582391279636095,7,7,4
T24_G_D_H1_s0,True,T24_G,2024,TIME_2024,weekly,H,5,5,-0.13603252460754822,-0.26815722385271523,0.3360505410795426,0.0,0.0,1.5041513706703031,0.25606056829949336,0.4527735885442497,1.0033779190384216,2.449636474496426,5,5,5
T24_G_D_H1_s0,True,T24_G,2024,TIME_2024,weekly,N,2,2,-0.9665448273262385,-1.4855120618715068,0.34019194684682197,0.0,0.0,0.3400036695132314,0.1242932187302204,0.14985764455341238,0.10818957018916396,0.08528457809892775,2,2,2
T24_G_D_H1_s0,True,T24_G,2024,TIME_2024,weekly,OTHER,7,7,-1.6488318288886705,-2.744356838881291,0.3905975149029143,0.0,0.0,1.0280511196885669,0.2967994744704186,0.8431813446429806,0.2447237018243626,0.2979198661813624,7,7,7
T24_G_D_H1_s0,True,T24_G,2024,TIME_2024,weekly,X,1,1,-0.05977869158394289,-0.05977869158394289,0.7032948390533542,0.0,0.0,0.4119062775142856,0.1617223825120777,0.2554888339601549,0.2719603954649351,0.10439223717735606,2,1,1
T24_G_D_s0,True,T24_G,2024,TIME_2024,daily,H,5,5,-0.04073820545453377,-0.34627739570894245,0.2955794599316556,0.0,0.0,1.6656529545641043,0.2805517554080488,0.4918010690267113,0.9687919340839851,2.94980640694412,5,5,5
T24_G_D_s0,True,T24_G,2024,TIME_2024,daily,N,2,2,-0.6911024970298965,-1.0334348707851033,0.27059191058170984,0.0,0.0,0.3643327045202317,0.130072584200242,0.11923926835336007,0.10083526459363826,0.11389226781935156,2,2,2
T24_G_D_s0,True,T24_G,2024,TIME_2024,daily,OTHER,7,7,-1.2931471435794712,-2.272077567738185,0.3876287137139039,0.0,0.0,1.0540105695914568,0.3027143698061758,0.8389350057939368,0.26411847998286947,0.34228997178984955,7,7,7
T24_G_D_s0,True,T24_G,2024,TIME_2024,daily,X,1,1,-0.015703753764159778,-0.015703753764159778,0.6289538389946007,0.0,0.0,0.4377469690458186,0.1711849406954885,0.2425621957442399,0.2981193688082228,0.1327859901045339,2,1,1
T24_G_D_s0,True,T24_G,2024,TIME_2024,monthly_HF,H,5,5,-0.36980541801563827,-0.9951848410480657,0.3226500349219914,0.2,0.0,1.2251652874001882,0.22324865328755764,0.4372907498419253,0.5986751513401413,1.4960398782404303,5,5,5
T24_G_D_s0,True,T24_G,2024,TIME_2024,monthly_HF,N,2,2,-0.792091992343796,-1.4178032316361533,0.6225984472998034,0.0,0.0,0.26764804228309946,0.09814178675829827,0.1354803106627125,0.09915736664624801,0.04599441972160294,2,2,2
T24_G_D_s0,True,T24_G,2024,TIME_2024,monthly_HF,OTHER,7,6,-1.5640499276673805,-3.549152170168794,0.6737737565242133,0.14285714285714285,0.0,0.9348563272777631,0.2711361787641022,0.8255778038588648,0.14650692010615346,0.17031166774325962,7,7,6
T24_G_D_s0,True,T24_G,2024,TIME_2024,monthly_HF,X,1,1,-0.02536914742988139,-0.02536914742988139,0.6975963034178773,0.0,0.0,0.3184880225595579,0.13008458933309294,0.1942316641167549,0.2087995154681747,0.06370868116833356,2,1,1
T24_G_D_s0,True,T24_G,2024,TIME_2024,monthly_PUB,H,17,16,-0.3430872612204292,-1.4719373344563444,0.32657576606088745,0.23529411764705882,0.0,1.4186953258579698,0.27976932782679714,0.8368108160402451,0.5986446914986805,1.2606127879360276,17,17,16
T24_G_D_s0,True,T24_G,2024,TIME_2024,monthly_PUB,N,17,12,-2.128104908229428,-5.97120821053379,0.49964373241177257,0.17647058823529413,0.0,0.8557332691896578,0.31835460219763984,0.7259520655618856,0.27905412046038014,0.14586551789765917,17,17,12
T24_G_D_s0,True,T24_G,2024,TIME_2024,monthly_PUB,OTHER,75,53,-0.548644811756958,-1.5704043728934938,0.3415569318982771,0.26666666666666666,0.0,0.575975563941344,0.1957648607525355,0.3630434776403688,0.22115718619734992,0.19799538439511616,75,75,53
T24_G_D_s0,True,T24_G,2024,TIME_2024,monthly_PUB,X,7,4,-0.20475533774601484,-0.4977777805275299,0.26155642214584107,0.14285714285714285,0.0,0.6520920217330145,0.25518543756649964,0.43478906824952546,0.26421193062401993,0.20910078249404826,7,7,4
T24_G_D_s0,True,T24_G,2024,TIME_2024,weekly,H,5,5,-0.12451620303431321,-0.6886057815666102,0.2548787207617055,0.0,0.0,1.5454464445448597,0.2623716711148914,0.476429541802982,0.8882548504730956,2.5370329320684757,5,5,5
T24_G_D_s0,True,T24_G,2024,TIME_2024,weekly,N,2,2,-0.8360239424298972,-1.286125141458463,0.34211569904963696,0.0,0.0,0.33237825965980117,0.12108635945028984,0.13036369813273718,0.1093989949468286,0.08737885383935223,2,2,2
T24_G_D_s0,True,T24_G,2024,TIME_2024,weekly,OTHER,7,7,-1.5796876966322895,-2.658272128014481,0.3944231365600899,0.0,0.0,1.0258004057114134,0.29529243843739816,0.8412721397059614,0.2400771072128527,0.2895965747842876,7,7,7
T24_G_D_s0,True,T24_G,2024,TIME_2024,weekly,X,1,1,-0.03933656252283235,-0.03933656252283235,0.6893973112132405,0.0,0.0,0.40791429202950513,0.1600498046984484,0.2459440590665952,0.2722581545565528,0.10590558945177952,2,1,1
T24_G_M_H1_FCT8_s0,False,T24_G,2024,TIME_2024,daily,H,5,5,-0.09834332280540514,-0.1584894068251934,0.27810007241313367,0.0,0.0,1.6337362351376439,0.2753068221791855,0.4637227167189302,1.077170692374278,2.8765450129428416,5,5,5
T24_G_M_H1_FCT8_s0,False,T24_G,2024,TIME_2024,daily,N,2,2,-0.77749304030658,-1.1958912703065008,0.27152743019347075,0.0,0.0,0.367224536093806,0.1302294409480357,0.12307636287602394,0.12907116575752045,0.11780285249430969,2,2,2
T24_G_M_H1_FCT8_s0,False,T24_G,2024,TIME_2024,daily,OTHER,7,7,-1.3749898895451365,-2.422677056634489,0.3583955835412957,0.0,0.0,1.0506558061792497,0.30289862020737873,0.8326751558564963,0.2739827749487434,0.3602316077221563,7,7,7
T24_G_M_H1_FCT8_s0,False,T24_G,2024,TIME_2024,daily,X,1,1,-0.06289293441950794,-0.06289293441950794,0.6050334800970567,0.0,0.0,0.4478002987855712,0.1756277315583773,0.25458288455626854,0.2984974919670004,0.13571266248345648,2,1,1
T24_G_M_H1_FCT8_s0,False,T24_G,2024,TIME_2024,monthly_HF,H,5,5,-0.44198978255131216,-0.4810835941942968,0.3629371972165258,0.0,0.0,1.196310347658085,0.21848147477700425,0.40920064120556915,0.6880672068828548,1.4432068588003424,5,5,5
T24_G_M_H1_FCT8_s0,False,T24_G,2024,TIME_2024,monthly_HF,N,2,2,-1.1840890913048674,-1.88143444269973,0.44546307450188966,0.0,0.0,0.3044908415666463,0.112057856727969,0.14370173885714882,0.11789239100341688,0.06703203114322479,2,2,2
T24_G_M_H1_FCT8_s0,False,T24_G,2024,TIME_2024,monthly_HF,OTHER,7,6,-1.6119484115727605,-3.594404782241902,0.5335882934508178,0.14285714285714285,0.0,0.9332813635501565,0.27300793035897325,0.8172117043005934,0.1467970682713796,0.17917203606438886,7,7,6
T24_G_M_H1_FCT8_s0,False,T24_G,2024,TIME_2024,monthly_HF,X,1,1,-0.0730264640407714,-0.0730264640407714,0.683024178142328,0.0,0.0,0.32580533991744565,0.13401660481546654,0.2074118449360189,0.2014565720903319,0.06312944609895912,2,1,1
T24_G_M_H1_FCT8_s0,False,T24_G,2024,TIME_2024,monthly_PUB,H,17,16,-0.266881286813329,-1.3612611154910557,0.3661630599140315,0.23529411764705882,0.0,1.425984323478834,0.2801369698687136,0.8653722936436462,0.6488572087027611,1.2222076814953307,17,17,16
T24_G_M_H1_FCT8_s0,False,T24_G,2024,TIME_2024,monthly_PUB,N,17,12,-2.2348650515058637,-6.281177157780568,0.4425755271524421,0.11764705882352941,0.0,0.8613204099841241,0.321334881290729,0.7274970614177095,0.2859408029241375,0.14710659718415928,17,17,12
T24_G_M_H1_FCT8_s0,False,T24_G,2024,TIME_2024,monthly_PUB,OTHER,75,53,-0.5343591055584413,-1.3876189903125775,0.34785584770428074,0.26666666666666666,0.0,0.5753758261924307,0.19561722359828243,0.36559864441810086,0.222061480901488,0.19346254861282192,75,75,53
T24_G_M_H1_FCT8_s0,False,T24_G,2024,TIME_2024,monthly_PUB,X,7,4,-0.15663418333876544,-0.5147780120171315,0.26806214643714793,0.14285714285714285,0.0,0.6365656973961562,0.2504718370899902,0.4275542555854413,0.2677201072108685,0.20136607513711344,7,7,4
T24_G_M_H1_FCT8_s0,False,T24_G,2024,TIME_2024,weekly,H,5,5,-0.19212117754230973,-0.3330670078152844,0.23640754529740018,0.0,0.0,1.5167526782142513,0.25757659408919625,0.45231149309926766,0.9977264664511842,2.4907374037526013,5,5,5
T24_G_M_H1_FCT8_s0,False,T24_G,2024,TIME_2024,weekly,N,2,2,-1.0050854469407724,-1.5611065100728867,0.30454403012740894,0.0,0.0,0.34026978628965754,0.12315481490981922,0.12661937806623424,0.12406504724526041,0.09689693383389729,2,2,2
T24_G_M_H1_FCT8_s0,False,T24_G,2024,TIME_2024,weekly,OTHER,7,7,-1.6599080156856685,-2.8099887397812005,0.3604677038231063,0.0,0.0,1.0276118109508654,0.29674207774100875,0.8368960991122656,0.24068178135443266,0.3090785784891627,7,7,7
T24_G_M_H1_FCT8_s0,False,T24_G,2024,TIME_2024,weekly,X,1,1,-0.08786485852223724,-0.08786485852223724,0.6683889600103448,0.0,0.0,0.417328739027117,0.164218982531437,0.257163160831012,0.2721693070438622,0.10803038512936655,2,1,1
T24_G_M_H1_FCT8_s1,True,T24_G,2024,TIME_2024,daily,H,5,5,-0.09834089856129924,-0.15849146878704956,0.2781002955648554,0.0,0.0,1.633736515415396,0.2753069384903176,0.46372267722412197,1.077170795293255,2.876546251396644,5,5,5
T24_G_M_H1_FCT8_s1,True,T24_G,2024,TIME_2024,daily,N,2,2,-0.7774902142740254,-1.195888121348137,0.27152859774702165,0.0,0.0,0.3672242052013974,0.13022929514684461,0.1230758534291073,0.12907117404854854,0.1178027350839924,2,2,2
T24_G_M_H1_FCT8_s1,True,T24_G,2024,TIME_2024,daily,OTHER,7,7,-1.3749883549825528,-2.4226727217726776,0.35839585010921887,0.0,0.0,1.0506551432700582,0.3028984253340526,0.8326745035495301,0.27398264975265185,0.3602312845445851,7,7,7
T24_G_M_H1_FCT8_s1,True,T24_G,2024,TIME_2024,daily,X,1,1,-0.06288964149529086,-0.06288964149529086,0.6050341768840606,0.0,0.0,0.4477996051251174,0.17562743863591962,0.2545819438509497,0.29849725549680683,0.135712520215283,2,1,1
T24_G_M_H1_FCT8_s1,True,T24_G,2024,TIME_2024,monthly_HF,H,5,5,-0.441983667682474,-0.4810886830477883,0.3629367281003126,0.0,0.0,1.1963106110845028,0.21848156193524487,0.4092005733540537,0.6880673312090633,1.4432086058691038,5,5,5
T24_G_M_H1_FCT8_s1,True,T24_G,2024,TIME_2024,monthly_HF,N,2,2,-1.1840847687344047,-1.8814284069961853,0.4454635007082509,0.0,0.0,0.30449058350110436,0.1120577534505567,0.14370125721429078,0.11789241656225206,0.0670320061825644,2,2,2
T24_G_M_H1_FCT8_s1,True,T24_G,2024,TIME_2024,monthly_HF,OTHER,7,6,-1.611947557395236,-3.5943988579321378,0.5335885287783602,0.14285714285714285,0.0,0.9332807925250854,0.2730077664973855,0.817211082885202,0.14679711716679797,0.17917188523009706,7,7,6
T24_G_M_H1_FCT8_s1,True,T24_G,2024,TIME_2024,monthly_HF,X,1,1,-0.0730221528212116,-0.0730221528212116,0.6830245170290153,0.0,0.0,0.3258046854043408,0.1340163168894354,0.20741096077717555,0.201456397095926,0.06312938638091047,2,1,1
T24_G_M_H1_FCT8_s1,True,T24_G,2024,TIME_2024,monthly_PUB,H,17,16,-0.2668835258077037,-1.361262356418832,0.3661643367007319,0.23529411764705882,0.0,1.4259848083749258,0.2801370492548146,0.8653730377223878,0.6488574142424023,1.2222084926649583,17,17,16
T24_G_M_H1_FCT8_s1,True,T24_G,2024,TIME_2024,monthly_PUB,N,17,12,-2.234863155661306,-6.28117095879592,0.44257665113270117,0.11764705882352941,0.0,0.8613203207104582,0.32133483439115557,0.727496958199661,0.28594080450251647,0.14710657562459076,17,17,12
T24_G_M_H1_FCT8_s1,True,T24_G,2024,TIME_2024,monthly_PUB,OTHER,75,53,-0.5343598262736089,-1.3876260956517035,0.347856098913168,0.26666666666666666,0.0,0.5753757391380651,0.19561719999548202,0.36559863507294904,0.22206150885217354,0.19346250983722005,75,75,53
T24_G_M_H1_FCT8_s1,True,T24_G,2024,TIME_2024,monthly_PUB,X,7,4,-0.15663156527684918,-0.5147774127553056,0.26806087804107376,0.14285714285714285,0.0,0.6365660662546728,0.2504719507423688,0.42755506183369973,0.2677201493674874,0.20136604270248318,7,7,4
T24_G_M_H1_FCT8_s1,True,T24_G,2024,TIME_2024,weekly,H,5,5,-0.1921181820993767,-0.3330712751676923,0.23640779821336957,0.0,0.0,1.516753026895756,0.25757671013039407,0.4523114883365237,0.9977265549824178,2.4907388882753088,5,5,5
T24_G_M_H1_FCT8_s1,True,T24_G,2024,TIME_2024,weekly,N,2,2,-1.0050814544376698,-1.5611018957708798,0.30454534511803594,0.0,0.0,0.34026939109721654,0.12315464614706405,0.12661880019697314,0.12406502640471093,0.09689681231037177,2,2,2
T24_G_M_H1_FCT8_s1,True,T24_G,2024,TIME_2024,weekly,OTHER,7,7,-1.6599061025937023,-2.809983290634347,0.36046924543248204,0.0,0.0,1.0276110753293057,0.2967418629202331,0.836895394792645,0.2406816720062148,0.30907824664069644,7,7,7
T24_G_M_H1_FCT8_s1,True,T24_G,2024,TIME_2024,weekly,X,1,1,-0.08786096329683812,-0.08786096329683812,0.6683897971021175,0.0,0.0,0.41732799187964437,0.16421865799990373,0.25716221935663935,0.2721691146357189,0.10803024574186418,2,1,1
T24_G_M_H1_s0,True,T24_G,2024,TIME_2024,daily,H,5,5,-0.063348614207545,-0.08849768709088601,0.3514140027293542,0.0,0.0,1.6247695970260083,0.2740442274841321,0.46958723906572164,1.075629051616241,2.847102517159459,5,5,5
T24_G_M_H1_s0,True,T24_G,2024,TIME_2024,daily,N,2,2,-0.8628419872263862,-1.2863212676894942,0.23029579653296228,0.0,0.0,0.3775831650140779,0.13489416314316227,0.1227758378101303,0.11847424866257049,0.1247982229737773,2,2,2
T24_G_M_H1_s0,True,T24_G,2024,TIME_2024,daily,OTHER,7,7,-1.3933286741459243,-2.384156410831519,0.33591460219038605,0.0,0.0,1.0517026843514614,0.3041876418542667,0.8341323087107836,0.272505390422815,0.35008766835009875,7,7,7
T24_G_M_H1_s0,True,T24_G,2024,TIME_2024,daily,X,1,1,-0.030426168611536575,-0.030426168611536575,0.6434766187896269,0.0,0.0,0.44090808101775664,0.1725011084555539,0.25232720236900114,0.29694046714733213,0.13073091885139382,2,1,1
T24_G_M_H1_s0,True,T24_G,2024,TIME_2024,monthly_HF,H,5,5,-0.481782624227179,-0.4914780765674627,0.3609154274205349,0.2,0.0,1.2083343946014895,0.2202315556181261,0.41482166371315266,0.7010131176520089,1.465395907868066,5,5,5
T24_G_M_H1_s0,True,T24_G,2024,TIME_2024,monthly_HF,N,2,2,-1.0228370083366785,-1.757472584795769,0.5644234975660327,0.0,0.0,0.27987166147657616,0.10257324167414014,0.1411262400564147,0.11157381239127992,0.053791450054614276,2,2,2
T24_G_M_H1_s0,True,T24_G,2024,TIME_2024,monthly_HF,OTHER,7,6,-1.7035131893299136,-3.5989546241197763,0.6357024662503847,0.0,0.0,0.9291160525366836,0.271727573442597,0.8182460809376506,0.14828536343907212,0.17423633152800755,7,7,6
T24_G_M_H1_s0,True,T24_G,2024,TIME_2024,monthly_HF,X,1,1,-0.03818944765636001,-0.03818944765636001,0.7294217718484048,0.0,0.0,0.3204728825248514,0.13105457124621556,0.20321140507803764,0.20805299619134937,0.061407993279996916,2,1,1
T24_G_M_H1_s0,True,T24_G,2024,TIME_2024,monthly_PUB,H,17,16,-0.26844249371617646,-1.384745277673383,0.3430151872265531,0.23529411764705882,0.0,1.4295438302954873,0.2807286366928256,0.8670816902715065,0.6548368409295132,1.2273182566648009,17,17,16
T24_G_M_H1_s0,True,T24_G,2024,TIME_2024,monthly_PUB,N,17,12,-2.0422113563630218,-6.13874243353806,0.5356164577671354,0.11764705882352941,0.0,0.8590731232429395,0.32021358244133113,0.730155596030404,0.28052365495456544,0.14391112994942154,17,17,12
T24_G_M_H1_s0,True,T24_G,2024,TIME_2024,monthly_PUB,OTHER,75,53,-0.5568922033746992,-1.4216630410624895,0.36297731026692986,0.25333333333333335,0.0,0.5739780112357828,0.19513240240735163,0.36645909398238297,0.22384010954080366,0.1917376292278024,75,75,53
T24_G_M_H1_s0,True,T24_G,2024,TIME_2024,monthly_PUB,X,7,4,-0.1911820199445632,-0.49303565839262437,0.2896140536349254,0.14285714285714285,0.0,0.6462793318103485,0.25273892923455943,0.42829629969405303,0.2593183515848581,0.20683735784683158,7,7,4
T24_G_M_H1_s0,True,T24_G,2024,TIME_2024,weekly,H,5,5,-0.1524182705850181,-0.3014233263667523,0.32239054091334696,0.0,0.0,1.5115700442410207,0.25703891151763364,0.45769724729454164,1.0063127825505416,2.4672680298721095,5,5,5
T24_G_M_H1_s0,True,T24_G,2024,TIME_2024,weekly,N,2,2,-1.0525637697840629,-1.5991198381307594,0.27996537000035465,0.0,0.0,0.34682303939474873,0.12612083763316684,0.13367528549091218,0.1263104334794603,0.09896968244016988,2,2,2
T24_G_M_H1_s0,True,T24_G,2024,TIME_2024,weekly,OTHER,7,7,-1.6849194300332093,-2.788000426948133,0.388096959142551,0.0,0.0,1.0267990859981948,0.297300721393955,0.8393018593669902,0.24394218413526114,0.30018891464423325,7,7,7
T24_G_M_H1_s0,True,T24_G,2024,TIME_2024,weekly,X,1,1,-0.05641456799421518,-0.05641456799421518,0.7021481683759654,0.0,0.0,0.411251987582419,0.16157294428687882,0.2555132888779409,0.26975616690695636,0.10384115649726801,2,1,1
T24_G_M_s1,True,T24_G,2024,TIME_2024,daily,H,5,5,-0.05060392009353776,-0.3836523905021667,0.2846271961640935,0.0,0.0,1.6723919605442756,0.28122494201174375,0.4959924495500763,0.9557811868465143,2.9683083287399543,5,5,5
T24_G_M_s1,True,T24_G,2024,TIME_2024,daily,N,2,2,-0.8177793556444695,-1.2068899625779057,0.2274091682235489,0.0,0.0,0.375567807240479,0.13372530315116982,0.10591896793124075,0.11726134753408048,0.12795949456764713,2,2,2
T24_G_M_s1,True,T24_G,2024,TIME_2024,daily,OTHER,7,7,-1.3205299397797234,-2.2954607328605245,0.36982089575827537,0.0,0.0,1.0525347231194533,0.3029588537333011,0.8348785888725248,0.2594045700578767,0.3435278210108481,7,7,7
T24_G_M_s1,True,T24_G,2024,TIME_2024,daily,X,1,1,-0.0036036843545321773,-0.0036036843545321773,0.6285084846860783,0.0,0.0,0.43513171905362547,0.17026459696710947,0.2395769538872876,0.29480266333298666,0.13194249609265174,2,1,1
T24_G_M_s1,True,T24_G,2024,TIME_2024,monthly_HF,H,5,5,-0.383995027783705,-1.0710877022719307,0.3142345740227385,0.2,0.0,1.2288278418742442,0.22363066742312904,0.441786373727772,0.5882147663095597,1.4986582003493774,5,5,5
T24_G_M_s1,True,T24_G,2024,TIME_2024,monthly_HF,N,2,2,-0.7881477359609514,-1.4064112809910205,0.5814490565902974,0.0,0.0,0.26833431856298423,0.0979527945258689,0.12356719783908827,0.11159354010770661,0.0529974828016328,2,2,2
T24_G_M_s1,True,T24_G,2024,TIME_2024,monthly_HF,OTHER,7,6,-1.6019433396140217,-3.603798890686722,0.676144059003556,0.14285714285714285,0.0,0.9322757589621667,0.27094489193471627,0.8218264497800877,0.1465839433350319,0.17046664877865986,7,7,6
T24_G_M_s1,True,T24_G,2024,TIME_2024,monthly_HF,X,1,1,-0.009772279955979846,-0.009772279955979846,0.7029527525833217,0.0,0.0,0.31605648346411236,0.12903907028493866,0.19120433027007575,0.2087134819733104,0.06333260482567254,2,1,1
T24_G_M_s1,True,T24_G,2024,TIME_2024,monthly_PUB,H,17,16,-0.3498983635788766,-1.4367628064406635,0.32058400374425844,0.23529411764705882,0.0,1.4132901373438855,0.2787674293419436,0.8287455549742396,0.5919801397402447,1.260113607381436,17,17,16
T24_G_M_s1,True,T24_G,2024,TIME_2024,monthly_PUB,N,17,12,-1.9049327311737734,-6.074897688837705,0.49387096249541085,0.17647058823529413,0.0,0.8564490086698041,0.31881890591730055,0.7262462907382027,0.2820009716034992,0.14592394355377594,17,17,12
T24_G_M_s1,True,T24_G,2024,TIME_2024,monthly_PUB,OTHER,75,53,-0.538249400130653,-1.7991956742265516,0.3494885543232678,0.26666666666666666,0.0,0.5768897123482098,0.1961321304002288,0.3629431453395894,0.22099150420759958,0.19895660179787125,75,75,53
T24_G_M_s1,True,T24_G,2024,TIME_2024,monthly_PUB,X,7,4,-0.20437826433180406,-0.4966961762243808,0.24969696839712285,0.14285714285714285,0.0,0.6494019135477908,0.25411674039436455,0.43004288146893427,0.2635934632170327,0.20916445087579735,7,7,4
T24_G_M_s1,True,T24_G,2024,TIME_2024,weekly,H,5,5,-0.13761055456293492,-0.7481711905991046,0.243140866795163,0.0,0.0,1.5516413330958143,0.2630363999500682,0.4806085010081705,0.8777138525549472,2.5488120009888466,5,5,5
T24_G_M_s1,True,T24_G,2024,TIME_2024,weekly,N,2,2,-0.9246214561162159,-1.4024854504519737,0.28656618348309093,0.0,0.0,0.3396609237357936,0.12309942757446071,0.11654214047697328,0.12325092616888829,0.09907891910377609,2,2,2
T24_G_M_s1,True,T24_G,2024,TIME_2024,weekly,OTHER,7,7,-1.6110834476353153,-2.6898767030953277,0.39269899940530917,0.0,0.0,1.0238800681681461,0.2954280455769201,0.8373236384785019,0.23637921625446653,0.2908069878016194,7,7,7
T24_G_M_s1,True,T24_G,2024,TIME_2024,weekly,X,1,1,-0.026133497444649878,-0.026133497444649878,0.6886866656942278,0.0,0.0,0.4053150701656893,0.15912237814730515,0.24358183430616603,0.2687287123671238,0.10494819609946111,2,1,1
T24_L_D_H1_s0,True,T24_L,2024,TIME_2024,daily,H,5,5,-0.22905344618104873,-0.5967093221620208,0.3452952497944115,0.0,0.0,1.637162414801566,0.26994812765876103,0.6026264758086589,0.3741039878141457,2.479763555642777,5,5,5
T24_L_D_H1_s0,True,T24_L,2024,TIME_2024,daily,N,2,2,-1.0406435456317598,-1.3025134590466365,-0.09161016095330822,1.0,0.0,0.4128648965878466,0.15159559286918248,0.13802936733018817,0.09970664674549685,0.14523735855897468,2,2,2
T24_L_D_H1_s0,True,T24_L,2024,TIME_2024,daily,OTHER,7,7,-0.6760891956259292,-63.87452486333803,0.24629800019871356,0.42857142857142855,0.0,3.941218387716201,0.5628045743399245,3.3651402060668127,1.2496080381125878,5.416613389906787,7,7,7
T24_L_D_H1_s0,True,T24_L,2024,TIME_2024,daily,X,1,1,0.33010935915712947,0.33010935915712947,0.5905070801450107,0.0,0.0,0.35550161178385137,0.14684800558543862,0.05011204552535061,0.146306446292789,0.12387017887418135,2,1,1
T24_L_D_H1_s0,True,T24_L,2024,TIME_2024,monthly_HF,H,5,5,-1.1482180052354822,-2.042644333425706,0.381457752145528,0.0,0.0,1.2013045243908784,0.2153596092256614,0.5771816080638709,0.170756625762651,1.049908316495245,5,5,5
T24_L_D_H1_s0,True,T24_L,2024,TIME_2024,monthly_HF,N,2,2,-0.9971241202786293,-1.6720175506545254,0.274721836525391,0.5,0.0,0.2859118056290788,0.10629440676777392,0.1366486643163897,0.1362243188186242,0.050884647413655545,2,2,2
T24_L_D_H1_s0,True,T24_L,2024,TIME_2024,monthly_HF,OTHER,7,6,-0.8566706706576526,-3.600735805127054,0.43139836122218206,0.14285714285714285,0.0,3.793670614943197,0.5214977352661093,3.3759463940636323,1.1479792385488174,4.542737774155177,7,7,6
T24_L_D_H1_s0,True,T24_L,2024,TIME_2024,monthly_HF,X,1,1,0.3566070189134788,0.3566070189134788,0.688294190836807,0.0,0.0,0.2522848322854829,0.10876640275317871,0.10255136810357275,0.13077215663274572,0.05313085350139974,2,1,1
T24_L_D_H1_s0,True,T24_L,2024,TIME_2024,monthly_PUB,H,17,16,-0.5553320040065578,-1.9872578056604442,0.3708182643829784,0.11764705882352941,0.0,1.2626376034348141,0.234004648135007,0.6153834912968508,0.37997645139763536,1.1767224685640596,17,17,16
T24_L_D_H1_s0,True,T24_L,2024,TIME_2024,monthly_PUB,N,17,12,-0.697326917011413,-1.7850209842849578,0.29910629308573844,0.11764705882352941,0.0,0.6114253322913287,0.21660050703996744,0.43729729297038655,0.24406167234358236,0.1506433421008605,17,17,12
T24_L_D_H1_s0,True,T24_L,2024,TIME_2024,monthly_PUB,OTHER,75,53,-2.7895008472551255,-31.338779866218346,0.2748788077471387,0.32,0.0,1.8941466023711662,0.39861595603581357,1.5757094149205915,0.6416032492650928,2.0272808611564628,75,75,53
T24_L_D_H1_s0,True,T24_L,2024,TIME_2024,monthly_PUB,X,7,4,-1.2704286605561197,-2.2699693394908684,0.13408864641335433,0.42857142857142855,0.0,1.419476622067871,0.46187560585538645,1.2624938393109335,0.3275341501293342,0.3100487912535108,7,7,4
T24_L_D_H1_s0,True,T24_L,2024,TIME_2024,weekly,H,5,5,-0.5686073916094923,-0.8294763771263012,0.30938454561234324,0.0,0.0,1.452319369508154,0.2456647074751137,0.5812330218548389,0.3752637968958509,1.8492352489688113,5,5,5
T24_L_D_H1_s0,True,T24_L,2024,TIME_2024,weekly,N,2,2,-1.0817994730895086,-1.3986259783448511,-0.12235418428944225,0.5,0.0,0.37080174696239154,0.1378751895112908,0.15541362485830726,0.1408379546324101,0.10532692270276729,2,2,2
T24_L_D_H1_s0,True,T24_L,2024,TIME_2024,weekly,OTHER,7,7,-0.912104866332498,-65.97728598438097,0.24956720084313103,0.42857142857142855,0.0,3.8804209048499767,0.5511711603108143,3.3494327117949214,1.189156047314746,4.728588647689643,7,7,7
T24_L_D_H1_s0,True,T24_L,2024,TIME_2024,weekly,X,1,1,0.42382951316327655,0.42382951316327655,0.6614376256875554,0.0,0.0,0.30371505729174264,0.12646228087308609,0.04595571151531537,0.1267121310080258,0.0901309086048476,2,1,1
T24_L_D_s0,True,T24_L,2024,TIME_2024,daily,H,5,5,-0.6968602433484317,-0.8150367524074822,0.23901318608579303,0.0,0.0,1.837877336267325,0.2894404505446849,0.6621677733759909,0.3063513276345883,3.156215131090275,5,5,5
T24_L_D_s0,True,T24_L,2024,TIME_2024,daily,N,2,2,-0.7445355023810333,-0.9490198694663479,0.017156776531541174,0.5,0.0,0.3832462691945867,0.13862657499164252,0.12299264676814854,0.11611375854651226,0.1267486782215733,2,2,2
T24_L_D_s0,True,T24_L,2024,TIME_2024,daily,OTHER,7,7,-0.6598634015170752,-61.75464806390927,0.2490449546643861,0.42857142857142855,0.0,4.658651151609255,0.5904423740018752,4.013957190226241,1.5444155489562854,9.186890165283005,7,7,7
T24_L_D_s0,True,T24_L,2024,TIME_2024,daily,X,1,1,0.35746769393516165,0.35746769393516165,0.6032051823706599,0.0,0.0,0.34816659744906897,0.14298865141515013,0.021996719949472287,0.1454878638741518,0.12073612389072653,2,1,1
T24_L_D_s0,True,T24_L,2024,TIME_2024,monthly_HF,H,5,5,-2.047049067362931,-2.0781946071020507,0.32224075971151134,0.0,0.0,1.2814263089088933,0.22248979786259393,0.6436044808413408,0.2181060373864292,1.2383826677860703,5,5,5
T24_L_D_s0,True,T24_L,2024,TIME_2024,monthly_HF,N,2,2,-0.5479193047615237,-1.0206877227741662,0.5427033384297031,0.0,0.0,0.25956032389785777,0.09577989241757426,0.12022842216586005,0.14035761292026114,0.04261300147333924,2,2,2
T24_L_D_s0,True,T24_L,2024,TIME_2024,monthly_HF,OTHER,7,6,-0.9507752351126235,-3.981688624126824,0.4178220636365788,0.14285714285714285,0.0,4.483304761478653,0.5517432536266761,4.035248290306788,1.297807841096018,6.1439042736214855,7,7,6
T24_L_D_s0,True,T24_L,2024,TIME_2024,monthly_HF,X,1,1,0.4394640372655897,0.4394640372655897,0.7185370932494242,0.0,0.0,0.23548037682693113,0.1012146863925393,0.07160205091734255,0.13826300377875583,0.050324154174983766,2,1,1
T24_L_D_s0,True,T24_L,2024,TIME_2024,monthly_PUB,H,17,16,-0.6867353426372944,-1.9756604803472078,0.33422946292263955,0.11764705882352941,0.0,1.3087456846799683,0.23788427516695265,0.634855135845984,0.35300034326291196,1.3157323545197925,17,17,16
T24_L_D_s0,True,T24_L,2024,TIME_2024,monthly_PUB,N,17,12,-0.5600431734757854,-1.6788519215055424,0.3868244035291235,0.058823529411764705,0.0,0.5944256538681161,0.2094929756628452,0.4135138985017168,0.256736908558232,0.14977496461746242,17,17,12
T24_L_D_s0,True,T24_L,2024,TIME_2024,monthly_PUB,OTHER,75,53,-2.671212552229172,-24.916862547207387,0.24758551198468678,0.3466666666666667,0.0,1.9282496847845627,0.3995713236924263,1.596201821171059,0.6622624598853987,2.3285983386669016,75,75,53
T24_L_D_s0,True,T24_L,2024,TIME_2024,monthly_PUB,X,7,4,-1.549382224137221,-2.417758358726675,0.15734364733824976,0.42857142857142855,0.0,1.4631696821059712,0.4769092513176245,1.3205096121063138,0.33544319070585066,0.30098382142702446,7,7,4
T24_L_D_s0,True,T24_L,2024,TIME_2024,weekly,H,5,5,-0.9392239325384721,-1.4386151280251673,0.20045729087638617,0.0,0.0,1.6188093520839122,0.2621068110743269,0.6254481323820602,0.45080641954930156,2.325865716986084,5,5,5
T24_L_D_s0,True,T24_L,2024,TIME_2024,weekly,N,2,2,-0.6997152001382463,-0.9249893133909051,0.06280259826240002,0.5,0.0,0.33771398111184725,0.12430607195891605,0.13473620589605184,0.15416327144901135,0.08915800098340151,2,2,2
T24_L_D_s0,True,T24_L,2024,TIME_2024,weekly,OTHER,7,7,-0.8761621261909789,-63.79360187936909,0.2500533924651841,0.42857142857142855,0.0,4.550900426940748,0.5785899088199081,3.9748308950850353,1.4089428747977277,7.206931408944842,7,7,7
T24_L_D_s0,True,T24_L,2024,TIME_2024,weekly,X,1,1,0.47561457560140596,0.47561457560140596,0.6912522065120029,0.0,0.0,0.2897451165779156,0.12021944325343487,0.01730780566437758,0.13095653075888714,0.08365267244383404,2,1,1
T24_L_M_H1_s0,True,T24_L,2024,TIME_2024,daily,H,5,5,-0.4077603848004958,-0.6981872842388734,0.30557957406411307,0.0,0.0,1.733919957633501,0.2836467296723458,0.6296236046173083,0.2978022381456043,2.7897351881131955,5,5,5
T24_L_M_H1_s0,True,T24_L,2024,TIME_2024,daily,N,2,2,-1.1629191822891523,-1.4620742056875395,-0.09096272989757762,1.0,0.0,0.4234878811186047,0.1559590045583037,0.15609628575439882,0.08963905959464812,0.14945299838390136,2,2,2
T24_L_M_H1_s0,True,T24_L,2024,TIME_2024,daily,OTHER,7,7,-0.6222430523090727,-64.09253188939257,0.2564181919085624,0.42857142857142855,0.0,4.268166913014759,0.57741590692415,3.6149500525979543,1.4154014475017989,7.405004660052502,7,7,7
T24_L_M_H1_s0,True,T24_L,2024,TIME_2024,daily,X,1,1,0.2231484412913044,0.2231484412913044,0.5812985453118094,0.0,0.0,0.3828323591746164,0.1583207465129175,0.12593007131371736,0.1057568737974332,0.13070223237012454,2,1,1
T24_L_M_H1_s0,True,T24_L,2024,TIME_2024,monthly_HF,H,5,5,-1.5120733281208532,-2.223752858160563,0.3548954432136844,0.0,0.0,1.270103859769691,0.22559295081974762,0.6084922958975745,0.17550355769478046,1.1868259095181677,5,5,5
T24_L_M_H1_s0,True,T24_L,2024,TIME_2024,monthly_HF,N,2,2,-1.1928566527929199,-1.9491981555538205,0.2263125692141632,0.5,0.0,0.2974204862237769,0.11118462332083459,0.15079616127672263,0.12373667304841032,0.05459603577256944,2,2,2
T24_L_M_H1_s0,True,T24_L,2024,TIME_2024,monthly_HF,OTHER,7,6,-0.9131543224751635,-3.75888047221782,0.43984185914668683,0.2857142857142857,0.0,4.100832769804623,0.5360457174733986,3.62755474937735,1.2484544792042371,5.6984420873248585,7,7,6
T24_L_M_H1_s0,True,T24_L,2024,TIME_2024,monthly_HF,X,1,1,0.07085052094196531,0.07085052094196531,0.6279995265698444,0.0,0.0,0.3031766678387285,0.12922492352582426,0.17834394180601823,0.10289888984471504,0.06010953034288629,2,1,1
T24_L_M_H1_s0,True,T24_L,2024,TIME_2024,monthly_PUB,H,17,16,-0.6122975509625281,-2.0570617763390975,0.38938787342769277,0.17647058823529413,0.0,1.298652798442529,0.23910732659549125,0.6148873521412135,0.3540887907461021,1.2818439967284245,17,17,16
T24_L_M_H1_s0,True,T24_L,2024,TIME_2024,monthly_PUB,N,17,12,-0.8108411908194213,-1.917884804938811,0.3243665329336521,0.11764705882352941,0.0,0.6156659011360062,0.21894412308865105,0.44026246310097505,0.23583425867491795,0.15090818490065303,17,17,12
T24_L_M_H1_s0,True,T24_L,2024,TIME_2024,monthly_PUB,OTHER,75,53,-2.7289930182137656,-29.884390116002006,0.24106593258389278,0.3466666666666667,0.0,1.9126487156757204,0.3999720618780818,1.5783412828371017,0.660820789611554,2.1621954998971034,75,75,53
T24_L_M_H1_s0,True,T24_L,2024,TIME_2024,monthly_PUB,X,7,4,-1.3374147933565008,-2.3692584293811456,0.11839924359282059,0.42857142857142855,0.0,1.56141355100118,0.48935678485091433,1.4047374464765132,0.3596020897965745,0.3761731308966473,7,7,4
T24_L_M_H1_s0,True,T24_L,2024,TIME_2024,weekly,H,5,5,-0.8271884293861795,-0.9459042773570592,0.2692972928879114,0.0,0.0,1.529418937502974,0.2584269935716317,0.6064136087747746,0.36696356370797656,2.046720025003472,5,5,5
T24_L_M_H1_s0,True,T24_L,2024,TIME_2024,weekly,N,2,2,-1.20326837844287,-1.561181531284467,-0.14922647101758593,1.0,0.0,0.3798032299372467,0.14162570568055513,0.17203586683245556,0.13787354271479327,0.10757446622741049,2,2,2
T24_L_M_H1_s0,True,T24_L,2024,TIME_2024,weekly,OTHER,7,7,-0.831667861222315,-66.05232730629952,0.26212064394363604,0.42857142857142855,0.0,4.215226479884438,0.5661933853013739,3.612289545059073,1.3490533101927125,6.508010262367604,7,7,7
T24_L_M_H1_s0,True,T24_L,2024,TIME_2024,weekly,X,1,1,0.319055575849588,0.319055575849588,0.6502969913555795,0.0,0.0,0.3301768753034467,0.13768117455047263,0.11765923285818092,0.0872051050840375,0.09517307390837214,2,1,1
T24_L_M_s0,True,T24_L,2024,TIME_2024,daily,H,5,5,-0.7487258428672101,-1.09206048725131,0.21577751658504335,0.0,0.0,1.9075166998400497,0.2974372463256009,0.685705128355961,0.30671012616009513,3.414097141233024,5,5,5
T24_L_M_s0,True,T24_L,2024,TIME_2024,daily,N,2,2,-0.7884084495663809,-0.981660964543448,-0.018172913067800132,0.5,0.0,0.38925004145934616,0.14121791079412607,0.12041832236063975,0.10896217325092802,0.1335312633387362,2,2,2
T24_L_M_s0,True,T24_L,2024,TIME_2024,daily,OTHER,7,7,-0.6838548238149085,-63.218585004005305,0.24208904786373142,0.42857142857142855,0.0,4.757586335704771,0.5954571357076912,4.069266172093123,1.6296996265981816,10.56426912340299,7,7,7
T24_L_M_s0,True,T24_L,2024,TIME_2024,daily,X,1,1,0.2972125629861794,0.2972125629861794,0.5883808404207415,0.0,0.0,0.36412593574787033,0.15018881055013378,0.07804463218289079,0.12266641616490881,0.1264967324716995,2,1,1
T24_L_M_s0,True,T24_L,2024,TIME_2024,monthly_HF,H,5,5,-2.114309010502255,-2.603438198541951,0.30573715455999695,0.0,0.0,1.322479717835201,0.2271996055259661,0.6686525158604589,0.23081846880715878,1.3446490061477572,5,5,5
T24_L_M_s0,True,T24_L,2024,TIME_2024,monthly_HF,N,2,2,-0.5244578707316494,-0.9621804460525167,0.4830126436937233,0.0,0.0,0.26155705913382576,0.09665361489363326,0.11622289011198793,0.1386827860766014,0.04601249834761065,2,2,2
T24_L_M_s0,True,T24_L,2024,TIME_2024,monthly_HF,OTHER,7,6,-0.9782280695239872,-4.352117346940176,0.41683190150436183,0.14285714285714285,0.0,4.551464397602542,0.5567355310037234,4.088665068108542,1.3012906129078217,6.217470681332671,7,7,6
T24_L_M_s0,True,T24_L,2024,TIME_2024,monthly_HF,X,1,1,0.2761320151832207,0.2761320151832207,0.6695886565538864,0.0,0.0,0.26759787851856176,0.11486859861987306,0.12903653701459394,0.12357230765516872,0.05495819670291626,2,1,1
T24_L_M_s0,True,T24_L,2024,TIME_2024,monthly_PUB,H,17,16,-0.7293363624456846,-1.9858237025691279,0.3446166793081394,0.11764705882352941,0.0,1.322272790384858,0.23910643278714705,0.6312580117977052,0.3580657066443616,1.3626418135894838,17,17,16
T24_L_M_s0,True,T24_L,2024,TIME_2024,monthly_PUB,N,17,12,-0.6315758723449956,-1.6617934798742637,0.2927691131577725,0.29411764705882354,0.0,0.5964491250315899,0.21069161163110275,0.4113597937953731,0.2544281014175841,0.15218240380026216,17,17,12
T24_L_M_s0,True,T24_L,2024,TIME_2024,monthly_PUB,OTHER,75,53,-2.6220447826314097,-24.46350881838806,0.23581698398510353,0.36,0.0,1.944200793260565,0.4022583892972909,1.6068972997383937,0.6664122694288225,2.350041562840885,75,75,53
T24_L_M_s0,True,T24_L,2024,TIME_2024,monthly_PUB,X,7,4,-1.6934395777658173,-2.687691707690326,0.14285643847167664,0.42857142857142855,0.0,1.569721135089274,0.49800834216379986,1.428572778626649,0.3440023706396119,0.3406244402188691,7,7,4
T24_L_M_s0,True,T24_L,2024,TIME_2024,weekly,H,5,5,-1.0030325532389237,-1.864551411864399,0.1764098610918658,0.0,0.0,1.677584940833679,0.2694496701662545,0.6487302618780467,0.4646692454974392,2.50753415997099,5,5,5
T24_L_M_s0,True,T24_L,2024,TIME_2024,weekly,N,2,2,-0.71951293507095,-0.9213884788183739,-0.005052570986960575,0.5,0.0,0.3416214618125757,0.12604739479421254,0.13127724508077265,0.1496466764084231,0.09449578649702525,2,2,2
T24_L_M_s0,True,T24_L,2024,TIME_2024,weekly,OTHER,7,7,-0.8227767664323367,-65.23513690199503,0.24378687406248997,0.42857142857142855,0.0,4.649703171794775,0.5835820630349805,4.038097539689117,1.4817867603571915,8.236743821256457,7,7,7
T24_L_M_s0,True,T24_L,2024,TIME_2024,weekly,X,1,1,0.42139026531056234,0.42139026531056234,0.6754333518927799,0.0,0.0,0.3043572750739073,0.127161641844291,0.0717993527158954,0.10938646476758968,0.08747820383999251,2,1,1
